2025-11-30 09:45:05 [main] INFO  BaseClass - config.properties file loaded
2025-11-30 09:45:05 [TestNG-test-anhtesterBook-2] INFO  BaseClass - Setting up WebDriver for:CreateBookTest
2025-11-30 09:45:08 [TestNG-test-anhtesterBook-2] INFO  BaseClass - ChromeDriver instance is created
2025-11-30 09:45:08 [TestNG-test-anhtesterBook-2] INFO  BaseClass - WenDriver Initialized and Browser Maximized
2025-11-30 09:45:08 [TestNG-test-anhtesterBook-2] INFO  BaseClass - ActionDriver initialized for thread 34
2025-11-30 09:45:09 [TestNG-test-anhtesterBook-2] INFO  ActionDriver - Entered text: "tranthu131200@gmail.com" to element: Element with name: email
2025-11-30 09:45:09 [TestNG-test-anhtesterBook-2] INFO  ActionDriver - Entered text: "abcde12345-" to element: Element with name: password
2025-11-30 09:45:09 [TestNG-test-anhtesterBook-2] INFO  ActionDriver - Applied the border with color green to element Text with name: Login account
2025-11-30 09:45:09 [TestNG-test-anhtesterBook-2] INFO  ActionDriver - Element is clicked: Text with name: Login account
2025-11-30 09:45:11 [TestNG-test-anhtesterBook-2] INFO  ActionDriver - Applied the border with color green to element Text with name: Book
2025-11-30 09:45:11 [TestNG-test-anhtesterBook-2] INFO  ActionDriver - Element is clicked: Text with name: Book
2025-11-30 09:45:12 [TestNG-test-anhtesterBook-2] INFO  ActionDriver - Applied the border with color green to element Text with name: New book
2025-11-30 09:45:12 [TestNG-test-anhtesterBook-2] INFO  ActionDriver - Element is clicked: Text with name: New book
2025-11-30 09:45:13 [TestNG-test-anhtesterBook-2] INFO  ActionDriver - Entered text: "Nghìn lẻ một đem" to element: Element with name: name
2025-11-30 09:45:13 [TestNG-test-anhtesterBook-2] INFO  ActionDriver - Applied the border with color green to element Text with name: Change
2025-11-30 09:45:13 [TestNG-test-anhtesterBook-2] INFO  ActionDriver - Element is clicked: Text with name: Change
2025-11-30 09:45:14 [TestNG-test-anhtesterBook-2] INFO  ActionDriver - Entered text: "Nghin-le-mot-dem" to element: Element with name: slug
2025-11-30 09:45:16 [TestNG-test-anhtesterBook-2] INFO  ActionDriver - Entered text: "Nghìn lẻ một đêm" là một bộ sưu tập truyện dân gian Ả Rập, Ba Tư và Ấn Độ, nổi tiếng với khung truyện về nàng Scheherazade kể chuyện cho vua Shahriyar, và cấu trúc "chuyện lồng chuyện" độc đáo. Bộ truyện này chứa đựng những câu chuyện ly kỳ, kỳ ảo với nhiều chủ đề đa dạng như phiêu lưu, thần thoại, tình yêu, và phản ánh văn hóa, trí tuệ, lòng nhân ái của con người. Các nhân vật và câu chuyện tiêu biểu bao gồm Aladdin, Alibaba và Sinbad. " to element: Element with name: description
2025-11-30 09:45:16 [TestNG-test-anhtesterBook-2] INFO  ActionDriver - Entered text: "C:\Users\DELL\Downloads\nghinlemotdem.png" to element: Element with name: picture
2025-11-30 09:45:16 [TestNG-test-anhtesterBook-2] INFO  ActionDriver - Entered text: "30000" to element: Element with name: price
2025-11-30 09:45:17 [TestNG-test-anhtesterBook-2] INFO  ActionDriver - Entered text: "Tiểu Thuyết" to element: Id with name: _r_2o_
2025-11-30 09:45:17 [TestNG-test-anhtesterBook-2] INFO  ActionDriver - Applied the border with color green to element Id with name: _r_2o_-option-0
2025-11-30 09:45:17 [TestNG-test-anhtesterBook-2] INFO  ActionDriver - Element is clicked: Id with name: _r_2o_-option-0
2025-11-30 09:45:17 [TestNG-test-anhtesterBook-2] INFO  ActionDriver - Applied the border with color green to element Text with name: Create book
2025-11-30 09:45:17 [TestNG-test-anhtesterBook-2] INFO  ActionDriver - Element is clicked: Text with name: Create book
2025-11-30 09:45:18 [TestNG-test-anhtesterBook-2] INFO  ActionDriver - Applied the border with color green to element Text with name: Promotion
2025-11-30 09:45:18 [TestNG-test-anhtesterBook-2] INFO  ActionDriver - Element is clicked: Text with name: Promotion
2025-11-30 09:45:20 [TestNG-test-anhtesterBook-2] INFO  BaseClass - WebDriver instance is quited
2025-11-30 09:47:51 [main] INFO  BaseClass - config.properties file loaded
2025-11-30 09:47:51 [TestNG-test-anhtesterBook-1] INFO  BaseClass - Setting up WebDriver for:LoginPageTest
2025-11-30 09:47:51 [TestNG-test-anhtesterBook-2] INFO  BaseClass - Setting up WebDriver for:CreateBookTest
2025-11-30 09:47:53 [TestNG-test-anhtesterBook-1] INFO  BaseClass - ChromeDriver instance is created
2025-11-30 09:47:53 [TestNG-test-anhtesterBook-2] INFO  BaseClass - ChromeDriver instance is created
2025-11-30 09:47:54 [TestNG-test-anhtesterBook-1] INFO  BaseClass - WenDriver Initialized and Browser Maximized
2025-11-30 09:47:54 [TestNG-test-anhtesterBook-1] INFO  BaseClass - ActionDriver initialized for thread 34
2025-11-30 09:47:54 [TestNG-test-anhtesterBook-2] INFO  BaseClass - WenDriver Initialized and Browser Maximized
2025-11-30 09:47:54 [TestNG-test-anhtesterBook-2] INFO  BaseClass - ActionDriver initialized for thread 35
2025-11-30 09:47:55 [TestNG-test-anhtesterBook-2] INFO  ActionDriver - Entered text: "tranthu131200@gmail.com" to element: Element with name: email
2025-11-30 09:47:55 [TestNG-test-anhtesterBook-2] INFO  ActionDriver - Entered text: "abcde12345-" to element: Element with name: password
2025-11-30 09:47:55 [TestNG-test-anhtesterBook-2] INFO  ActionDriver - Applied the border with color green to element Text with name: Login account
2025-11-30 09:47:55 [TestNG-test-anhtesterBook-2] INFO  ActionDriver - Element is clicked: Text with name: Login account
2025-11-30 09:47:55 [TestNG-test-anhtesterBook-1] INFO  ActionDriver - Entered text: "tranthu131200@gmail.com" to element: Element with name: email
2025-11-30 09:47:56 [TestNG-test-anhtesterBook-1] INFO  ActionDriver - Entered text: "abcde12345-" to element: Element with name: password
2025-11-30 09:47:56 [TestNG-test-anhtesterBook-1] INFO  ActionDriver - Applied the border with color green to element Text with name: Login account
2025-11-30 09:47:56 [TestNG-test-anhtesterBook-1] INFO  ActionDriver - Element is clicked: Text with name: Login account
2025-11-30 09:47:57 [TestNG-test-anhtesterBook-2] INFO  ActionDriver - Applied the border with color green to element Text with name: Book
2025-11-30 09:47:57 [TestNG-test-anhtesterBook-2] INFO  ActionDriver - Element is clicked: Text with name: Book
2025-11-30 09:47:57 [TestNG-test-anhtesterBook-1] INFO  ActionDriver - Text are matching
2025-11-30 09:47:58 [TestNG-test-anhtesterBook-2] INFO  ActionDriver - Applied the border with color green to element Text with name: New book
2025-11-30 09:47:58 [TestNG-test-anhtesterBook-2] INFO  ActionDriver - Element is clicked: Text with name: New book
2025-11-30 09:47:59 [TestNG-test-anhtesterBook-2] INFO  ActionDriver - Entered text: "Nghìn lẻ một đem" to element: Element with name: name
2025-11-30 09:47:59 [TestNG-test-anhtesterBook-2] INFO  ActionDriver - Applied the border with color green to element Text with name: Change
2025-11-30 09:47:59 [TestNG-test-anhtesterBook-2] INFO  ActionDriver - Element is clicked: Text with name: Change
2025-11-30 09:48:00 [TestNG-test-anhtesterBook-2] INFO  ActionDriver - Entered text: "Nghin-le-mot-dem" to element: Element with name: slug
2025-11-30 09:48:02 [TestNG-test-anhtesterBook-2] INFO  ActionDriver - Entered text: "Nghìn lẻ một đêm" là một bộ sưu tập truyện dân gian Ả Rập, Ba Tư và Ấn Độ, nổi tiếng với khung truyện về nàng Scheherazade kể chuyện cho vua Shahriyar, và cấu trúc "chuyện lồng chuyện" độc đáo. Bộ truyện này chứa đựng những câu chuyện ly kỳ, kỳ ảo với nhiều chủ đề đa dạng như phiêu lưu, thần thoại, tình yêu, và phản ánh văn hóa, trí tuệ, lòng nhân ái của con người. Các nhân vật và câu chuyện tiêu biểu bao gồm Aladdin, Alibaba và Sinbad. " to element: Element with name: description
2025-11-30 09:48:02 [TestNG-test-anhtesterBook-2] INFO  ActionDriver - Entered text: "C:\Users\DELL\Downloads\nghinlemotdem.png" to element: Element with name: picture
2025-11-30 09:48:02 [TestNG-test-anhtesterBook-2] INFO  ActionDriver - Entered text: "30000" to element: Element with name: price
2025-11-30 09:48:02 [TestNG-test-anhtesterBook-2] INFO  ActionDriver - Entered text: "Tiểu Thuyết" to element: Id with name: _r_2u_
2025-11-30 09:48:02 [TestNG-test-anhtesterBook-2] INFO  ActionDriver - Applied the border with color green to element Id with name: _r_2u_-option-0
2025-11-30 09:48:02 [TestNG-test-anhtesterBook-2] INFO  ActionDriver - Element is clicked: Id with name: _r_2u_-option-0
2025-11-30 09:48:03 [TestNG-test-anhtesterBook-2] INFO  ActionDriver - Applied the border with color green to element Text with name: Create book
2025-11-30 09:48:03 [TestNG-test-anhtesterBook-2] INFO  ActionDriver - Element is clicked: Text with name: Create book
2025-11-30 09:48:04 [TestNG-test-anhtesterBook-2] INFO  ActionDriver - Applied the border with color green to element Text with name: Promotion
2025-11-30 09:48:04 [TestNG-test-anhtesterBook-2] INFO  ActionDriver - Element is clicked: Text with name: Promotion
2025-11-30 09:48:05 [TestNG-test-anhtesterBook-2] INFO  BaseClass - WebDriver instance is quited
2025-11-30 09:48:50 [TestNG-test-anhtesterBook-1] WARN  ActionDriver - Failed to apply the border to an element: Unable to describe the element
2025-11-30 13:55:18 [main] INFO  BaseClass - config.properties file loaded
2025-11-30 13:55:18 [TestNG-test-anhtesterBook-1] INFO  BaseClass - Setting up WebDriver for:LoginPageTest
2025-11-30 13:55:18 [TestNG-test-anhtesterBook-2] INFO  BaseClass - Setting up WebDriver for:CreateBookTest
2025-11-30 13:55:22 [TestNG-test-anhtesterBook-2] INFO  BaseClass - ChromeDriver instance is created
2025-11-30 13:55:22 [TestNG-test-anhtesterBook-1] INFO  BaseClass - ChromeDriver instance is created
2025-11-30 13:55:23 [TestNG-test-anhtesterBook-1] INFO  BaseClass - WenDriver Initialized and Browser Maximized
2025-11-30 13:55:23 [TestNG-test-anhtesterBook-1] INFO  BaseClass - ActionDriver initialized for thread 35
2025-11-30 13:55:24 [TestNG-test-anhtesterBook-1] INFO  ActionDriver - Entered text: "tranthu131200@gmail.com" to element: Element with name: email
2025-11-30 13:55:25 [TestNG-test-anhtesterBook-1] INFO  ActionDriver - Entered text: "abcde12345-" to element: Element with name: password
2025-11-30 13:55:25 [TestNG-test-anhtesterBook-1] INFO  ActionDriver - Applied the border with color green to element Text with name: Login account
2025-11-30 13:55:25 [TestNG-test-anhtesterBook-1] INFO  ActionDriver - Element is clicked: Text with name: Login account
2025-11-30 13:55:25 [TestNG-test-anhtesterBook-2] INFO  BaseClass - WenDriver Initialized and Browser Maximized
2025-11-30 13:55:25 [TestNG-test-anhtesterBook-2] INFO  BaseClass - ActionDriver initialized for thread 36
2025-11-30 13:55:26 [TestNG-test-anhtesterBook-2] INFO  ActionDriver - Entered text: "tranthu131200@gmail.com" to element: Element with name: email
2025-11-30 13:55:26 [TestNG-test-anhtesterBook-2] INFO  ActionDriver - Entered text: "abcde12345-" to element: Element with name: password
2025-11-30 13:55:26 [TestNG-test-anhtesterBook-1] INFO  ActionDriver - Text are matching
2025-11-30 13:55:26 [TestNG-test-anhtesterBook-2] INFO  ActionDriver - Applied the border with color green to element Text with name: Login account
2025-11-30 13:55:26 [TestNG-test-anhtesterBook-2] INFO  ActionDriver - Element is clicked: Text with name: Login account
2025-11-30 13:55:27 [TestNG-test-anhtesterBook-1] INFO  BaseClass - WebDriver instance is quited
2025-11-30 13:55:28 [TestNG-test-anhtesterBook-2] INFO  ActionDriver - Applied the border with color green to element Text with name: Book
2025-11-30 13:55:28 [TestNG-test-anhtesterBook-2] INFO  ActionDriver - Element is clicked: Text with name: Book
2025-11-30 13:55:29 [TestNG-test-anhtesterBook-2] INFO  ActionDriver - Applied the border with color green to element Text with name: New book
2025-11-30 13:55:29 [TestNG-test-anhtesterBook-2] INFO  ActionDriver - Element is clicked: Text with name: New book
2025-11-30 13:55:30 [TestNG-test-anhtesterBook-2] INFO  ActionDriver - Entered text: "Nghìn lẻ một đem" to element: Element with name: name
2025-11-30 13:55:30 [TestNG-test-anhtesterBook-2] INFO  ActionDriver - Applied the border with color green to element Text with name: Change
2025-11-30 13:55:30 [TestNG-test-anhtesterBook-2] INFO  ActionDriver - Element is clicked: Text with name: Change
2025-11-30 13:55:31 [TestNG-test-anhtesterBook-2] INFO  ActionDriver - Entered text: "Nghin-le-mot-dem" to element: Element with name: slug
2025-11-30 13:55:33 [TestNG-test-anhtesterBook-2] INFO  ActionDriver - Entered text: "Nghìn lẻ một đêm" là một bộ sưu tập truyện dân gian Ả Rập, Ba Tư và Ấn Độ, nổi tiếng với khung truyện về nàng Scheherazade kể chuyện cho vua Shahriyar, và cấu trúc "chuyện lồng chuyện" độc đáo. Bộ truyện này chứa đựng những câu chuyện ly kỳ, kỳ ảo với nhiều chủ đề đa dạng như phiêu lưu, thần thoại, tình yêu, và phản ánh văn hóa, trí tuệ, lòng nhân ái của con người. Các nhân vật và câu chuyện tiêu biểu bao gồm Aladdin, Alibaba và Sinbad. " to element: Element with name: description
2025-11-30 13:55:33 [TestNG-test-anhtesterBook-2] INFO  ActionDriver - Entered text: "C:\Users\DELL\Downloads\nghinlemotdem.png" to element: Element with name: picture
2025-11-30 13:55:33 [TestNG-test-anhtesterBook-2] INFO  ActionDriver - Entered text: "30000" to element: Element with name: price
2025-11-30 13:55:33 [TestNG-test-anhtesterBook-2] INFO  ActionDriver - Entered text: "Tiểu Thuyết" to element: Id with name: _r_2n_
2025-11-30 13:55:33 [TestNG-test-anhtesterBook-2] INFO  ActionDriver - Applied the border with color green to element Id with name: _r_2n_-option-0
2025-11-30 13:55:33 [TestNG-test-anhtesterBook-2] INFO  ActionDriver - Element is clicked: Id with name: _r_2n_-option-0
2025-11-30 13:55:34 [TestNG-test-anhtesterBook-2] INFO  ActionDriver - Applied the border with color green to element Text with name: Create book
2025-11-30 13:55:34 [TestNG-test-anhtesterBook-2] INFO  ActionDriver - Element is clicked: Text with name: Create book
2025-11-30 13:55:35 [TestNG-test-anhtesterBook-2] INFO  ActionDriver - Applied the border with color green to element Text with name: Promotion
2025-11-30 13:55:35 [TestNG-test-anhtesterBook-2] INFO  ActionDriver - Element is clicked: Text with name: Promotion
2025-11-30 13:55:36 [TestNG-test-anhtesterBook-2] INFO  BaseClass - WebDriver instance is quited
2025-11-30 13:56:15 [main] INFO  BaseClass - config.properties file loaded
2025-11-30 13:56:15 [TestNG-test-anhtesterBook-1] INFO  BaseClass - Setting up WebDriver for:LoginPageTest
2025-11-30 13:56:15 [TestNG-test-anhtesterBook-2] INFO  BaseClass - Setting up WebDriver for:CreateBookTest
2025-11-30 13:56:17 [TestNG-test-anhtesterBook-2] INFO  BaseClass - ChromeDriver instance is created
2025-11-30 13:56:17 [TestNG-test-anhtesterBook-1] INFO  BaseClass - ChromeDriver instance is created
2025-11-30 13:56:17 [TestNG-test-anhtesterBook-2] INFO  BaseClass - WenDriver Initialized and Browser Maximized
2025-11-30 13:56:17 [TestNG-test-anhtesterBook-2] INFO  BaseClass - ActionDriver initialized for thread 36
2025-11-30 13:56:18 [TestNG-test-anhtesterBook-1] INFO  BaseClass - WenDriver Initialized and Browser Maximized
2025-11-30 13:56:18 [TestNG-test-anhtesterBook-1] INFO  BaseClass - ActionDriver initialized for thread 35
2025-11-30 13:56:19 [TestNG-test-anhtesterBook-2] INFO  ActionDriver - Entered text: "tranthu131200@gmail.com" to element: Element with name: email
2025-11-30 13:56:19 [TestNG-test-anhtesterBook-2] INFO  ActionDriver - Entered text: "abcde12345-" to element: Element with name: password
2025-11-30 13:56:19 [TestNG-test-anhtesterBook-2] INFO  ActionDriver - Applied the border with color green to element Text with name: Login account
2025-11-30 13:56:19 [TestNG-test-anhtesterBook-2] INFO  ActionDriver - Element is clicked: Text with name: Login account
2025-11-30 13:56:20 [TestNG-test-anhtesterBook-1] INFO  ActionDriver - Entered text: "tranthu131200@gmail.com" to element: Element with name: email
2025-11-30 13:56:20 [TestNG-test-anhtesterBook-1] INFO  ActionDriver - Entered text: "abcde12345-" to element: Element with name: password
2025-11-30 13:56:20 [TestNG-test-anhtesterBook-1] INFO  ActionDriver - Applied the border with color green to element Text with name: Login account
2025-11-30 13:56:20 [TestNG-test-anhtesterBook-1] INFO  ActionDriver - Element is clicked: Text with name: Login account
2025-11-30 13:56:21 [TestNG-test-anhtesterBook-2] INFO  ActionDriver - Applied the border with color green to element Text with name: Book
2025-11-30 13:56:21 [TestNG-test-anhtesterBook-2] INFO  ActionDriver - Element is clicked: Text with name: Book
2025-11-30 13:56:22 [TestNG-test-anhtesterBook-1] INFO  ActionDriver - Text are matching
2025-11-30 13:56:22 [TestNG-test-anhtesterBook-2] INFO  ActionDriver - Applied the border with color green to element Text with name: New book
2025-11-30 13:56:22 [TestNG-test-anhtesterBook-2] INFO  ActionDriver - Element is clicked: Text with name: New book
2025-11-30 13:56:24 [TestNG-test-anhtesterBook-2] INFO  ActionDriver - Entered text: "Nghìn lẻ một đem" to element: Element with name: name
2025-11-30 13:56:24 [TestNG-test-anhtesterBook-2] INFO  ActionDriver - Applied the border with color green to element Text with name: Change
2025-11-30 13:56:24 [TestNG-test-anhtesterBook-2] INFO  ActionDriver - Element is clicked: Text with name: Change
2025-11-30 13:56:25 [TestNG-test-anhtesterBook-2] INFO  ActionDriver - Entered text: "Nghin-le-mot-dem" to element: Element with name: slug
2025-11-30 13:56:26 [TestNG-test-anhtesterBook-2] INFO  ActionDriver - Entered text: "Nghìn lẻ một đêm" là một bộ sưu tập truyện dân gian Ả Rập, Ba Tư và Ấn Độ, nổi tiếng với khung truyện về nàng Scheherazade kể chuyện cho vua Shahriyar, và cấu trúc "chuyện lồng chuyện" độc đáo. Bộ truyện này chứa đựng những câu chuyện ly kỳ, kỳ ảo với nhiều chủ đề đa dạng như phiêu lưu, thần thoại, tình yêu, và phản ánh văn hóa, trí tuệ, lòng nhân ái của con người. Các nhân vật và câu chuyện tiêu biểu bao gồm Aladdin, Alibaba và Sinbad. " to element: Element with name: description
2025-11-30 13:56:26 [TestNG-test-anhtesterBook-2] INFO  ActionDriver - Entered text: "C:\Users\DELL\Downloads\nghinlemotdem.png" to element: Element with name: picture
2025-11-30 13:56:26 [TestNG-test-anhtesterBook-2] INFO  ActionDriver - Entered text: "30000" to element: Element with name: price
2025-11-30 13:56:27 [TestNG-test-anhtesterBook-2] INFO  ActionDriver - Entered text: "Tiểu Thuyết" to element: Id with name: _r_2m_
2025-11-30 13:56:27 [TestNG-test-anhtesterBook-2] INFO  ActionDriver - Applied the border with color green to element Id with name: _r_2m_-option-0
2025-11-30 13:56:27 [TestNG-test-anhtesterBook-2] INFO  ActionDriver - Element is clicked: Id with name: _r_2m_-option-0
2025-11-30 13:56:27 [TestNG-test-anhtesterBook-2] INFO  ActionDriver - Applied the border with color green to element Text with name: Create book
2025-11-30 13:56:27 [TestNG-test-anhtesterBook-2] INFO  ActionDriver - Element is clicked: Text with name: Create book
2025-11-30 13:56:28 [TestNG-test-anhtesterBook-2] INFO  ActionDriver - Applied the border with color green to element Text with name: Promotion
2025-11-30 13:56:28 [TestNG-test-anhtesterBook-2] INFO  ActionDriver - Element is clicked: Text with name: Promotion
2025-11-30 13:56:30 [TestNG-test-anhtesterBook-2] INFO  BaseClass - WebDriver instance is quited
2025-11-30 13:59:03 [main] INFO  BaseClass - config.properties file loaded
2025-11-30 13:59:03 [TestNG-test-anhtesterBook-1] INFO  BaseClass - Setting up WebDriver for:LoginPageTest
2025-11-30 13:59:03 [TestNG-test-anhtesterBook-2] INFO  BaseClass - Setting up WebDriver for:CreateBookTest
2025-11-30 13:59:06 [TestNG-test-anhtesterBook-1] INFO  BaseClass - ChromeDriver instance is created
2025-11-30 13:59:06 [TestNG-test-anhtesterBook-2] INFO  BaseClass - ChromeDriver instance is created
2025-11-30 13:59:06 [TestNG-test-anhtesterBook-2] INFO  BaseClass - WenDriver Initialized and Browser Maximized
2025-11-30 13:59:06 [TestNG-test-anhtesterBook-2] INFO  BaseClass - ActionDriver initialized for thread 35
2025-11-30 13:59:06 [TestNG-test-anhtesterBook-1] INFO  BaseClass - WenDriver Initialized and Browser Maximized
2025-11-30 13:59:06 [TestNG-test-anhtesterBook-1] INFO  BaseClass - ActionDriver initialized for thread 34
2025-11-30 13:59:07 [TestNG-test-anhtesterBook-2] INFO  ActionDriver - Entered text: "tranthu131200@gmail.com" to element: Element with name: email
2025-11-30 13:59:08 [TestNG-test-anhtesterBook-2] INFO  ActionDriver - Entered text: "abcde12345-" to element: Element with name: password
2025-11-30 13:59:08 [TestNG-test-anhtesterBook-2] INFO  ActionDriver - Applied the border with color green to element Text with name: Login account
2025-11-30 13:59:08 [TestNG-test-anhtesterBook-2] INFO  ActionDriver - Element is clicked: Text with name: Login account
2025-11-30 13:59:08 [TestNG-test-anhtesterBook-1] INFO  ActionDriver - Entered text: "tranthu131200@gmail.com" to element: Element with name: email
2025-11-30 13:59:08 [TestNG-test-anhtesterBook-1] INFO  ActionDriver - Entered text: "abcde12345-" to element: Element with name: password
2025-11-30 13:59:09 [TestNG-test-anhtesterBook-1] INFO  ActionDriver - Applied the border with color green to element Text with name: Login account
2025-11-30 13:59:09 [TestNG-test-anhtesterBook-1] INFO  ActionDriver - Element is clicked: Text with name: Login account
2025-11-30 13:59:09 [TestNG-test-anhtesterBook-2] INFO  ActionDriver - Applied the border with color green to element Text with name: Book
2025-11-30 13:59:09 [TestNG-test-anhtesterBook-2] INFO  ActionDriver - Element is clicked: Text with name: Book
2025-11-30 13:59:10 [TestNG-test-anhtesterBook-1] INFO  ActionDriver - Text are matching
2025-11-30 13:59:11 [TestNG-test-anhtesterBook-2] INFO  ActionDriver - Applied the border with color green to element Text with name: New book
2025-11-30 13:59:11 [TestNG-test-anhtesterBook-2] INFO  ActionDriver - Element is clicked: Text with name: New book
2025-11-30 13:59:13 [TestNG-test-anhtesterBook-2] INFO  ActionDriver - Entered text: "Nghìn lẻ một đem" to element: Element with name: name
2025-11-30 13:59:13 [TestNG-test-anhtesterBook-2] INFO  ActionDriver - Applied the border with color green to element Text with name: Change
2025-11-30 13:59:13 [TestNG-test-anhtesterBook-2] INFO  ActionDriver - Element is clicked: Text with name: Change
2025-11-30 13:59:14 [TestNG-test-anhtesterBook-2] INFO  ActionDriver - Entered text: "Nghin-le-mot-dem" to element: Element with name: slug
2025-11-30 13:59:15 [TestNG-test-anhtesterBook-2] INFO  ActionDriver - Entered text: "Nghìn lẻ một đêm" là một bộ sưu tập truyện dân gian Ả Rập, Ba Tư và Ấn Độ, nổi tiếng với khung truyện về nàng Scheherazade kể chuyện cho vua Shahriyar, và cấu trúc "chuyện lồng chuyện" độc đáo. Bộ truyện này chứa đựng những câu chuyện ly kỳ, kỳ ảo với nhiều chủ đề đa dạng như phiêu lưu, thần thoại, tình yêu, và phản ánh văn hóa, trí tuệ, lòng nhân ái của con người. Các nhân vật và câu chuyện tiêu biểu bao gồm Aladdin, Alibaba và Sinbad. " to element: Element with name: description
2025-11-30 13:59:15 [TestNG-test-anhtesterBook-2] INFO  ActionDriver - Entered text: "C:\Users\DELL\Downloads\nghinlemotdem.png" to element: Element with name: picture
2025-11-30 13:59:16 [TestNG-test-anhtesterBook-2] INFO  ActionDriver - Entered text: "30000" to element: Element with name: price
2025-11-30 13:59:16 [TestNG-test-anhtesterBook-2] INFO  ActionDriver - Entered text: "Tiểu Thuyết" to element: Id with name: _r_2m_
2025-11-30 13:59:16 [TestNG-test-anhtesterBook-2] INFO  ActionDriver - Applied the border with color green to element Id with name: _r_2m_-option-0
2025-11-30 13:59:16 [TestNG-test-anhtesterBook-2] INFO  ActionDriver - Element is clicked: Id with name: _r_2m_-option-0
2025-11-30 13:59:17 [TestNG-test-anhtesterBook-2] INFO  ActionDriver - Applied the border with color green to element Text with name: Create book
2025-11-30 13:59:17 [TestNG-test-anhtesterBook-2] INFO  ActionDriver - Element is clicked: Text with name: Create book
2025-11-30 13:59:18 [TestNG-test-anhtesterBook-2] INFO  ActionDriver - Applied the border with color green to element Text with name: Promotion
2025-11-30 13:59:18 [TestNG-test-anhtesterBook-2] INFO  ActionDriver - Element is clicked: Text with name: Promotion
2025-11-30 13:59:20 [TestNG-test-anhtesterBook-2] INFO  BaseClass - WebDriver instance is quited
2025-11-30 14:00:03 [TestNG-test-anhtesterBook-1] WARN  ActionDriver - Failed to apply the border to an element: Unable to describe the element
2025-11-30 14:00:55 [TestNG-test-anhtesterBook-1] WARN  ActionDriver - Failed to apply the border to an element: Unable to describe the element
2025-11-30 14:01:46 [TestNG-test-anhtesterBook-1] WARN  ActionDriver - Failed to apply the border to an element: Unable to describe the element
2025-11-30 14:01:47 [TestNG-test-anhtesterBook-1] INFO  BaseClass - WebDriver instance is quited
2026-01-11 21:18:19 [main] INFO  BaseClass - config.properties file loaded
2026-01-11 21:18:19 [TestNG-test-testek-1] INFO  BaseClass - Setting up WebDriver for:CreateProductPageTest
2026-01-11 21:18:34 [TestNG-test-testek-1] INFO  BaseClass - ChromeDriver instance is created
2026-01-11 21:18:38 [TestNG-test-testek-1] INFO  BaseClass - WenDriver Initialized and Browser Maximized
2026-01-11 21:18:38 [TestNG-test-testek-1] INFO  BaseClass - ActionDriver initialized for thread 32
2026-01-11 21:18:38 [TestNG-test-testek-1] INFO  ActionDriver - Entered text: "admin_com_role" to element: Id with name: normal_login_username
2026-01-11 21:18:39 [TestNG-test-testek-1] INFO  ActionDriver - Entered text: "aA12345678@" to element: Id with name: normal_login_password
2026-01-11 21:18:39 [TestNG-test-testek-1] INFO  ActionDriver - Applied the border with color green to element Text with name: Đăng nhập
2026-01-11 21:18:39 [TestNG-test-testek-1] INFO  ActionDriver - Element is clicked: Text with name: Đăng nhập
2026-01-11 21:18:41 [TestNG-test-testek-1] INFO  ActionDriver - Applied the border with color green to element Text with name: Sản phẩm
2026-01-11 21:18:41 [TestNG-test-testek-1] INFO  ActionDriver - Element is clicked: Text with name: Sản phẩm
2026-01-11 21:19:54 [TestNG-test-testek-1] WARN  ActionDriver - Failed to apply the border to an element: By.id: form_item_code
2026-01-11 21:20:36 [TestNG-test-testek-1] WARN  ActionDriver - Failed to apply the border to an element: By.id: normal_login_username
2026-01-11 21:20:36 [TestNG-test-testek-1] WARN  ActionDriver - Failed to apply the border to an element: By.id: normal_login_username
2026-01-11 21:20:37 [TestNG-test-testek-1] INFO  BaseClass - WebDriver instance is quited
2026-01-11 21:23:37 [main] INFO  BaseClass - config.properties file loaded
2026-01-11 21:23:38 [TestNG-test-testek-1] INFO  BaseClass - Setting up WebDriver for:CreateProductPageTest
2026-01-11 21:23:39 [TestNG-test-testek-1] INFO  BaseClass - ChromeDriver instance is created
2026-01-11 21:23:42 [TestNG-test-testek-1] INFO  BaseClass - WenDriver Initialized and Browser Maximized
2026-01-11 21:23:42 [TestNG-test-testek-1] INFO  BaseClass - ActionDriver initialized for thread 37
2026-01-11 21:23:42 [TestNG-test-testek-1] INFO  ActionDriver - Entered text: "admin_com_role" to element: Id with name: normal_login_username
2026-01-11 21:23:42 [TestNG-test-testek-1] INFO  ActionDriver - Entered text: "aA12345678@" to element: Id with name: normal_login_password
2026-01-11 21:23:42 [TestNG-test-testek-1] INFO  ActionDriver - Applied the border with color green to element Text with name: Đăng nhập
2026-01-11 21:23:42 [TestNG-test-testek-1] INFO  ActionDriver - Element is clicked: Text with name: Đăng nhập
2026-01-11 21:23:44 [TestNG-test-testek-1] INFO  ActionDriver - Applied the border with color green to element Text with name: Sản phẩm
2026-01-11 21:23:44 [TestNG-test-testek-1] INFO  ActionDriver - Element is clicked: Text with name: Sản phẩm
2026-01-11 21:23:45 [TestNG-test-testek-1] INFO  ActionDriver - Applied the border with color green to element Text with name: Thêm sản phẩm
2026-01-11 21:23:45 [TestNG-test-testek-1] INFO  ActionDriver - Element is clicked: Text with name: Thêm sản phẩm
2026-01-11 21:23:46 [TestNG-test-testek-1] INFO  ActionDriver - Text are matching
2026-01-11 21:23:46 [TestNG-test-testek-1] INFO  ActionDriver - Entered text: "TH005" to element: Id with name: form_item_code
2026-01-11 21:23:46 [TestNG-test-testek-1] INFO  ActionDriver - Entered text: "Sản phẩm 2" to element: Id with name: form_item_name
2026-01-11 21:23:47 [TestNG-test-testek-1] INFO  ActionDriver - Entered text: "This is our best seller product" to element: Id with name: form_item_description
2026-01-11 21:23:47 [TestNG-test-testek-1] INFO  ActionDriver - Entered text: "30000" to element: Id with name: form_item_price
2026-01-11 21:23:47 [TestNG-test-testek-1] INFO  ActionDriver - Entered text: "20" to element: Id with name: form_item_quantity
2026-01-11 21:23:47 [TestNG-test-testek-1] INFO  ActionDriver - Applied the border with color green to element Id with name: form_item_category
2026-01-11 21:23:47 [TestNG-test-testek-1] INFO  ActionDriver - Element is clicked: Id with name: form_item_category
2026-01-11 21:23:48 [TestNG-test-testek-1] INFO  ActionDriver - Applied the border with color green to element Text with name: Item 1 Test_edit
2026-01-11 21:23:48 [TestNG-test-testek-1] INFO  ActionDriver - Element is clicked: Text with name: Item 1 Test_edit
2026-01-11 21:24:30 [TestNG-test-testek-1] WARN  ActionDriver - Failed to apply the border to an element: By.xpath: //div[contains(@class,'dropdown-menu-category ')]//div[@title='KIM CHI']
2026-01-11 21:25:11 [TestNG-test-testek-1] WARN  ActionDriver - Failed to apply the border to an element: By.id: normal_login_username
2026-01-11 21:25:46 [TestNG-test-testek-1] WARN  ActionDriver - Failed to apply the border to an element: By.id: normal_login_username
2026-01-11 21:25:46 [TestNG-test-testek-1] INFO  BaseClass - WebDriver instance is quited
2026-01-11 21:26:40 [main] INFO  BaseClass - config.properties file loaded
2026-01-11 21:26:40 [TestNG-test-testek-1] INFO  BaseClass - Setting up WebDriver for:CreateProductPageTest
2026-01-11 21:26:42 [TestNG-test-testek-1] INFO  BaseClass - ChromeDriver instance is created
2026-01-11 21:26:44 [TestNG-test-testek-1] INFO  BaseClass - WenDriver Initialized and Browser Maximized
2026-01-11 21:26:44 [TestNG-test-testek-1] INFO  BaseClass - ActionDriver initialized for thread 33
2026-01-11 21:26:44 [TestNG-test-testek-1] INFO  ActionDriver - Entered text: "admin_com_role" to element: Id with name: normal_login_username
2026-01-11 21:26:44 [TestNG-test-testek-1] INFO  ActionDriver - Entered text: "aA12345678@" to element: Id with name: normal_login_password
2026-01-11 21:26:45 [TestNG-test-testek-1] INFO  ActionDriver - Applied the border with color green to element Text with name: Đăng nhập
2026-01-11 21:26:45 [TestNG-test-testek-1] INFO  ActionDriver - Element is clicked: Text with name: Đăng nhập
2026-01-11 21:26:46 [TestNG-test-testek-1] INFO  ActionDriver - Applied the border with color green to element Text with name: Sản phẩm
2026-01-11 21:26:46 [TestNG-test-testek-1] INFO  ActionDriver - Element is clicked: Text with name: Sản phẩm
2026-01-11 21:26:47 [TestNG-test-testek-1] INFO  ActionDriver - Applied the border with color green to element Text with name: Thêm sản phẩm
2026-01-11 21:26:47 [TestNG-test-testek-1] INFO  ActionDriver - Element is clicked: Text with name: Thêm sản phẩm
2026-01-11 21:26:48 [TestNG-test-testek-1] INFO  ActionDriver - Text are matching
2026-01-11 21:26:48 [TestNG-test-testek-1] INFO  ActionDriver - Entered text: "TH005" to element: Id with name: form_item_code
2026-01-11 21:26:48 [TestNG-test-testek-1] INFO  ActionDriver - Entered text: "Sản phẩm 2" to element: Id with name: form_item_name
2026-01-11 21:26:48 [TestNG-test-testek-1] INFO  ActionDriver - Entered text: "This is our best seller product" to element: Id with name: form_item_description
2026-01-11 21:26:49 [TestNG-test-testek-1] INFO  ActionDriver - Entered text: "30000" to element: Id with name: form_item_price
2026-01-11 21:26:49 [TestNG-test-testek-1] INFO  ActionDriver - Entered text: "20" to element: Id with name: form_item_quantity
2026-01-11 21:26:49 [TestNG-test-testek-1] INFO  ActionDriver - Applied the border with color green to element Id with name: form_item_category
2026-01-11 21:26:49 [TestNG-test-testek-1] INFO  ActionDriver - Element is clicked: Id with name: form_item_category
2026-01-11 21:26:49 [TestNG-test-testek-1] INFO  ActionDriver - Applied the border with color green to element Text with name: Item 1 Test_edit
2026-01-11 21:26:49 [TestNG-test-testek-1] INFO  ActionDriver - Element is clicked: Text with name: Item 1 Test_edit
2026-01-11 21:26:50 [TestNG-test-testek-1] INFO  ActionDriver - Applied the border with color green to element Id with name: form_item_supplier
2026-01-11 21:26:50 [TestNG-test-testek-1] INFO  ActionDriver - Element is clicked: Id with name: form_item_supplier
2026-01-11 21:26:51 [TestNG-test-testek-1] INFO  ActionDriver - Applied the border with color green to element Text with name: KIM CHI vukimchi023@gmail.com Auto_Hai Ba Trung, H...
2026-01-11 21:26:51 [TestNG-test-testek-1] INFO  ActionDriver - Element is clicked: Text with name: KIM CHI vukimchi023@gmail.com Auto_Hai Ba Trung, H...
2026-01-11 21:26:51 [TestNG-test-testek-1] INFO  ActionDriver - Applied the border with color green to element Text with name: Thêm
2026-01-11 21:26:51 [TestNG-test-testek-1] INFO  ActionDriver - Element is clicked: Text with name: Thêm
2026-01-11 21:27:19 [TestNG-test-testek-1] WARN  ActionDriver - Failed to apply the border to an element: By.id: normal_login_username
2026-01-11 21:27:19 [TestNG-test-testek-1] WARN  ActionDriver - Failed to apply the border to an element: By.id: normal_login_username
2026-01-11 21:27:19 [TestNG-test-testek-1] INFO  BaseClass - WebDriver instance is quited
2026-01-11 21:27:44 [main] INFO  BaseClass - config.properties file loaded
2026-01-11 21:27:44 [TestNG-test-testek-1] INFO  BaseClass - Setting up WebDriver for:CreateProductPageTest
2026-01-11 21:27:45 [TestNG-test-testek-1] INFO  BaseClass - ChromeDriver instance is created
2026-01-11 21:27:48 [TestNG-test-testek-1] INFO  BaseClass - WenDriver Initialized and Browser Maximized
2026-01-11 21:27:48 [TestNG-test-testek-1] INFO  BaseClass - ActionDriver initialized for thread 33
2026-01-11 21:27:48 [TestNG-test-testek-1] INFO  ActionDriver - Entered text: "admin_com_role" to element: Id with name: normal_login_username
2026-01-11 21:27:49 [TestNG-test-testek-1] INFO  ActionDriver - Entered text: "aA12345678@" to element: Id with name: normal_login_password
2026-01-11 21:27:49 [TestNG-test-testek-1] INFO  ActionDriver - Applied the border with color green to element Text with name: Đăng nhập
2026-01-11 21:27:49 [TestNG-test-testek-1] INFO  ActionDriver - Element is clicked: Text with name: Đăng nhập
2026-01-11 21:27:50 [TestNG-test-testek-1] INFO  ActionDriver - Applied the border with color green to element Text with name: Sản phẩm
2026-01-11 21:27:50 [TestNG-test-testek-1] INFO  ActionDriver - Element is clicked: Text with name: Sản phẩm
2026-01-11 21:27:51 [TestNG-test-testek-1] INFO  ActionDriver - Applied the border with color green to element Text with name: Thêm sản phẩm
2026-01-11 21:27:51 [TestNG-test-testek-1] INFO  ActionDriver - Element is clicked: Text with name: Thêm sản phẩm
2026-01-11 21:27:52 [TestNG-test-testek-1] INFO  ActionDriver - Text are matching
2026-01-11 21:27:52 [TestNG-test-testek-1] INFO  ActionDriver - Entered text: "TH005" to element: Id with name: form_item_code
2026-01-11 21:27:52 [TestNG-test-testek-1] INFO  ActionDriver - Entered text: "Sản phẩm 2" to element: Id with name: form_item_name
2026-01-11 21:27:53 [TestNG-test-testek-1] INFO  ActionDriver - Entered text: "This is our best seller product" to element: Id with name: form_item_description
2026-01-11 21:27:53 [TestNG-test-testek-1] INFO  ActionDriver - Entered text: "30000" to element: Id with name: form_item_price
2026-01-11 21:27:53 [TestNG-test-testek-1] INFO  ActionDriver - Entered text: "20" to element: Id with name: form_item_quantity
2026-01-11 21:27:53 [TestNG-test-testek-1] INFO  ActionDriver - Entered text: "Chiếc" to element: Id with name: form_item_unit
2026-01-11 21:27:53 [TestNG-test-testek-1] INFO  ActionDriver - Applied the border with color green to element Id with name: form_item_category
2026-01-11 21:27:53 [TestNG-test-testek-1] INFO  ActionDriver - Element is clicked: Id with name: form_item_category
2026-01-11 21:27:54 [TestNG-test-testek-1] INFO  ActionDriver - Applied the border with color green to element Text with name: Item 1 Test_edit
2026-01-11 21:27:54 [TestNG-test-testek-1] INFO  ActionDriver - Element is clicked: Text with name: Item 1 Test_edit
2026-01-11 21:27:55 [TestNG-test-testek-1] INFO  ActionDriver - Applied the border with color green to element Id with name: form_item_supplier
2026-01-11 21:27:55 [TestNG-test-testek-1] INFO  ActionDriver - Element is clicked: Id with name: form_item_supplier
2026-01-11 21:27:55 [TestNG-test-testek-1] INFO  ActionDriver - Applied the border with color green to element Text with name: KIM CHI vukimchi023@gmail.com Auto_Hai Ba Trung, H...
2026-01-11 21:27:55 [TestNG-test-testek-1] INFO  ActionDriver - Element is clicked: Text with name: KIM CHI vukimchi023@gmail.com Auto_Hai Ba Trung, H...
2026-01-11 21:27:56 [TestNG-test-testek-1] INFO  ActionDriver - Applied the border with color green to element Text with name: Thêm
2026-01-11 21:27:56 [TestNG-test-testek-1] INFO  ActionDriver - Element is clicked: Text with name: Thêm
2026-01-11 21:28:38 [TestNG-test-testek-1] WARN  ActionDriver - Failed to apply the border to an element: By.id: normal_login_username
2026-01-11 21:29:19 [TestNG-test-testek-1] WARN  ActionDriver - Failed to apply the border to an element: By.id: normal_login_username
2026-01-11 21:29:20 [TestNG-test-testek-1] INFO  BaseClass - WebDriver instance is quited
2026-01-11 21:44:39 [main] INFO  BaseClass - config.properties file loaded
2026-01-11 21:44:39 [TestNG-test-testek-1] INFO  BaseClass - Setting up WebDriver for:CreateProductPageTest
2026-01-11 21:44:40 [TestNG-test-testek-1] INFO  BaseClass - ChromeDriver instance is created
2026-01-11 21:44:43 [TestNG-test-testek-1] INFO  BaseClass - WenDriver Initialized and Browser Maximized
2026-01-11 21:44:43 [TestNG-test-testek-1] INFO  BaseClass - ActionDriver initialized for thread 33
2026-01-11 21:44:43 [TestNG-test-testek-1] INFO  ActionDriver - Entered text: "admin_com_role" to element: Id with name: normal_login_username
2026-01-11 21:44:43 [TestNG-test-testek-1] INFO  ActionDriver - Entered text: "aA12345678@" to element: Id with name: normal_login_password
2026-01-11 21:44:44 [TestNG-test-testek-1] INFO  ActionDriver - Applied the border with color green to element Text with name: Đăng nhập
2026-01-11 21:44:44 [TestNG-test-testek-1] INFO  ActionDriver - Element is clicked: Text with name: Đăng nhập
2026-01-11 21:44:45 [TestNG-test-testek-1] INFO  ActionDriver - Applied the border with color green to element Text with name: Sản phẩm
2026-01-11 21:44:45 [TestNG-test-testek-1] INFO  ActionDriver - Element is clicked: Text with name: Sản phẩm
2026-01-11 21:44:46 [TestNG-test-testek-1] INFO  ActionDriver - Applied the border with color green to element Text with name: Thêm sản phẩm
2026-01-11 21:44:46 [TestNG-test-testek-1] INFO  ActionDriver - Element is clicked: Text with name: Thêm sản phẩm
2026-01-11 21:44:47 [TestNG-test-testek-1] INFO  ActionDriver - Text are matching
2026-01-11 21:44:47 [TestNG-test-testek-1] INFO  ActionDriver - Entered text: "TH005" to element: Id with name: form_item_code
2026-01-11 21:44:48 [TestNG-test-testek-1] INFO  ActionDriver - Entered text: "Sản phẩm 2" to element: Id with name: form_item_name
2026-01-11 21:44:48 [TestNG-test-testek-1] INFO  ActionDriver - Entered text: "This is our best seller product" to element: Id with name: form_item_description
2026-01-11 21:44:48 [TestNG-test-testek-1] INFO  ActionDriver - Entered text: "30000" to element: Id with name: form_item_price
2026-01-11 21:44:48 [TestNG-test-testek-1] INFO  ActionDriver - Entered text: "20" to element: Id with name: form_item_quantity
2026-01-11 21:44:48 [TestNG-test-testek-1] INFO  ActionDriver - Entered text: "Chiếc" to element: Id with name: form_item_unit
2026-01-11 21:44:48 [TestNG-test-testek-1] INFO  ActionDriver - Applied the border with color green to element Id with name: form_item_category
2026-01-11 21:44:48 [TestNG-test-testek-1] INFO  ActionDriver - Element is clicked: Id with name: form_item_category
2026-01-11 21:44:49 [TestNG-test-testek-1] INFO  ActionDriver - Applied the border with color green to element Text with name: Item 1 Test_edit
2026-01-11 21:44:49 [TestNG-test-testek-1] INFO  ActionDriver - Element is clicked: Text with name: Item 1 Test_edit
2026-01-11 21:44:50 [TestNG-test-testek-1] INFO  ActionDriver - Applied the border with color green to element Id with name: form_item_supplier
2026-01-11 21:44:50 [TestNG-test-testek-1] INFO  ActionDriver - Element is clicked: Id with name: form_item_supplier
2026-01-11 21:44:50 [TestNG-test-testek-1] INFO  ActionDriver - Applied the border with color green to element Text with name: KIM CHI vukimchi023@gmail.com Auto_Hai Ba Trung, H...
2026-01-11 21:44:50 [TestNG-test-testek-1] INFO  ActionDriver - Element is clicked: Text with name: KIM CHI vukimchi023@gmail.com Auto_Hai Ba Trung, H...
2026-01-11 21:44:51 [TestNG-test-testek-1] INFO  ActionDriver - Applied the border with color green to element Text with name: Thêm
2026-01-11 21:44:51 [TestNG-test-testek-1] INFO  ActionDriver - Element is clicked: Text with name: Thêm
2026-01-11 21:45:33 [TestNG-test-testek-1] WARN  ActionDriver - Failed to apply the border to an element: By.id: normal_login_username
2026-01-11 21:46:15 [TestNG-test-testek-1] WARN  ActionDriver - Failed to apply the border to an element: By.id: normal_login_username
2026-01-11 21:46:15 [TestNG-test-testek-1] INFO  BaseClass - WebDriver instance is quited
2026-01-11 21:48:06 [main] INFO  BaseClass - config.properties file loaded
2026-01-11 21:48:06 [TestNG-test-testek-1] INFO  BaseClass - Setting up WebDriver for:CreateProductPageTest
2026-01-11 21:48:07 [TestNG-test-testek-1] INFO  BaseClass - ChromeDriver instance is created
2026-01-11 21:48:12 [TestNG-test-testek-1] INFO  BaseClass - WenDriver Initialized and Browser Maximized
2026-01-11 21:48:12 [TestNG-test-testek-1] INFO  BaseClass - ActionDriver initialized for thread 33
2026-01-11 21:48:12 [TestNG-test-testek-1] INFO  ActionDriver - Entered text: "admin_com_role" to element: Id with name: normal_login_username
2026-01-11 21:48:13 [TestNG-test-testek-1] INFO  ActionDriver - Entered text: "aA12345678@" to element: Id with name: normal_login_password
2026-01-11 21:48:13 [TestNG-test-testek-1] INFO  ActionDriver - Applied the border with color green to element Text with name: Đăng nhập
2026-01-11 21:48:13 [TestNG-test-testek-1] INFO  ActionDriver - Element is clicked: Text with name: Đăng nhập
2026-01-11 21:48:14 [TestNG-test-testek-1] INFO  ActionDriver - Applied the border with color green to element Text with name: Sản phẩm
2026-01-11 21:48:14 [TestNG-test-testek-1] INFO  ActionDriver - Element is clicked: Text with name: Sản phẩm
2026-01-11 21:48:15 [TestNG-test-testek-1] INFO  ActionDriver - Applied the border with color green to element Text with name: Thêm sản phẩm
2026-01-11 21:48:15 [TestNG-test-testek-1] INFO  ActionDriver - Element is clicked: Text with name: Thêm sản phẩm
2026-01-11 21:48:16 [TestNG-test-testek-1] INFO  ActionDriver - Text are matching
2026-01-11 21:48:16 [TestNG-test-testek-1] INFO  ActionDriver - Entered text: "TH005" to element: Id with name: form_item_code
2026-01-11 21:48:16 [TestNG-test-testek-1] INFO  ActionDriver - Entered text: "Sản phẩm 2" to element: Id with name: form_item_name
2026-01-11 21:48:17 [TestNG-test-testek-1] INFO  ActionDriver - Entered text: "This is our best seller product" to element: Id with name: form_item_description
2026-01-11 21:48:17 [TestNG-test-testek-1] INFO  ActionDriver - Entered text: "30000" to element: Id with name: form_item_price
2026-01-11 21:48:17 [TestNG-test-testek-1] INFO  ActionDriver - Entered text: "20" to element: Id with name: form_item_quantity
2026-01-11 21:48:17 [TestNG-test-testek-1] INFO  ActionDriver - Entered text: "Chiếc" to element: Id with name: form_item_unit
2026-01-11 21:48:17 [TestNG-test-testek-1] INFO  ActionDriver - Applied the border with color green to element Id with name: form_item_category
2026-01-11 21:48:17 [TestNG-test-testek-1] INFO  ActionDriver - Element is clicked: Id with name: form_item_category
2026-01-11 21:48:18 [TestNG-test-testek-1] INFO  ActionDriver - Applied the border with color green to element Text with name: Item 1 Test_edit
2026-01-11 21:48:18 [TestNG-test-testek-1] INFO  ActionDriver - Element is clicked: Text with name: Item 1 Test_edit
2026-01-11 21:48:19 [TestNG-test-testek-1] INFO  ActionDriver - Applied the border with color green to element Id with name: form_item_supplier
2026-01-11 21:48:19 [TestNG-test-testek-1] INFO  ActionDriver - Element is clicked: Id with name: form_item_supplier
2026-01-11 21:48:19 [TestNG-test-testek-1] INFO  ActionDriver - Applied the border with color green to element Text with name: KIM CHI vukimchi023@gmail.com Auto_Hai Ba Trung, H...
2026-01-11 21:48:19 [TestNG-test-testek-1] INFO  ActionDriver - Element is clicked: Text with name: KIM CHI vukimchi023@gmail.com Auto_Hai Ba Trung, H...
2026-01-11 21:48:20 [TestNG-test-testek-1] INFO  ActionDriver - Applied the border with color green to element Text with name: Thêm
2026-01-11 21:48:20 [TestNG-test-testek-1] INFO  ActionDriver - Element is clicked: Text with name: Thêm
2026-01-11 21:48:21 [TestNG-test-testek-1] INFO  BaseClass - WebDriver instance is quited
2026-01-11 21:57:25 [main] INFO  BaseClass - config.properties file loaded
2026-01-11 21:57:25 [TestNG-test-testek-1] INFO  BaseClass - Setting up WebDriver for:CreateProductPageTest
2026-01-11 21:57:27 [TestNG-test-testek-1] INFO  BaseClass - ChromeDriver instance is created
2026-01-11 21:57:29 [TestNG-test-testek-1] INFO  BaseClass - WenDriver Initialized and Browser Maximized
2026-01-11 21:57:29 [TestNG-test-testek-1] INFO  BaseClass - ActionDriver initialized for thread 33
2026-01-11 21:57:30 [TestNG-test-testek-1] INFO  ActionDriver - Entered text: "admin_com_role" to element: Id with name: normal_login_username
2026-01-11 21:57:30 [TestNG-test-testek-1] INFO  ActionDriver - Entered text: "aA12345678@" to element: Id with name: normal_login_password
2026-01-11 21:57:30 [TestNG-test-testek-1] INFO  ActionDriver - Applied the border with color green to element Text with name: Đăng nhập
2026-01-11 21:57:30 [TestNG-test-testek-1] INFO  ActionDriver - Element is clicked: Text with name: Đăng nhập
2026-01-11 21:57:32 [TestNG-test-testek-1] INFO  ActionDriver - Applied the border with color green to element Text with name: Sản phẩm
2026-01-11 21:57:32 [TestNG-test-testek-1] INFO  ActionDriver - Element is clicked: Text with name: Sản phẩm
2026-01-11 21:57:33 [TestNG-test-testek-1] INFO  ActionDriver - Applied the border with color green to element Text with name: Thêm sản phẩm
2026-01-11 21:57:33 [TestNG-test-testek-1] INFO  ActionDriver - Element is clicked: Text with name: Thêm sản phẩm
2026-01-11 21:57:33 [TestNG-test-testek-1] INFO  ActionDriver - Text are matching
2026-01-11 21:57:34 [TestNG-test-testek-1] INFO  ActionDriver - Entered text: "TH005-487545652" to element: Id with name: form_item_code
2026-01-11 21:57:34 [TestNG-test-testek-1] INFO  ActionDriver - Entered text: "Sản phẩm 2" to element: Id with name: form_item_name
2026-01-11 21:57:34 [TestNG-test-testek-1] INFO  ActionDriver - Entered text: "This is our best seller product" to element: Id with name: form_item_description
2026-01-11 21:57:34 [TestNG-test-testek-1] INFO  ActionDriver - Entered text: "30000" to element: Id with name: form_item_price
2026-01-11 21:57:34 [TestNG-test-testek-1] INFO  ActionDriver - Entered text: "20" to element: Id with name: form_item_quantity
2026-01-11 21:57:35 [TestNG-test-testek-1] INFO  ActionDriver - Entered text: "Chiếc" to element: Id with name: form_item_unit
2026-01-11 21:57:35 [TestNG-test-testek-1] INFO  ActionDriver - Applied the border with color green to element Id with name: form_item_category
2026-01-11 21:57:35 [TestNG-test-testek-1] INFO  ActionDriver - Element is clicked: Id with name: form_item_category
2026-01-11 21:57:35 [TestNG-test-testek-1] INFO  ActionDriver - Applied the border with color green to element Text with name: Item 1 Test_edit
2026-01-11 21:57:35 [TestNG-test-testek-1] INFO  ActionDriver - Element is clicked: Text with name: Item 1 Test_edit
2026-01-11 21:57:36 [TestNG-test-testek-1] INFO  ActionDriver - Applied the border with color green to element Id with name: form_item_supplier
2026-01-11 21:57:36 [TestNG-test-testek-1] INFO  ActionDriver - Element is clicked: Id with name: form_item_supplier
2026-01-11 21:57:37 [TestNG-test-testek-1] INFO  ActionDriver - Applied the border with color green to element Text with name: KIM CHI vukimchi023@gmail.com Auto_Hai Ba Trung, H...
2026-01-11 21:57:37 [TestNG-test-testek-1] INFO  ActionDriver - Element is clicked: Text with name: KIM CHI vukimchi023@gmail.com Auto_Hai Ba Trung, H...
2026-01-11 21:57:37 [TestNG-test-testek-1] INFO  ActionDriver - Applied the border with color green to element Text with name: Thêm
2026-01-11 21:57:37 [TestNG-test-testek-1] INFO  ActionDriver - Element is clicked: Text with name: Thêm
2026-01-11 21:57:38 [TestNG-test-testek-1] INFO  BaseClass - WebDriver instance is quited
2026-01-11 22:04:55 [main] INFO  BaseClass - config.properties file loaded
2026-01-11 22:04:55 [TestNG-test-testek-1] INFO  BaseClass - Setting up WebDriver for:CreateProductPageTest
2026-01-11 22:04:57 [TestNG-test-testek-1] INFO  BaseClass - ChromeDriver instance is created
2026-01-11 22:05:04 [TestNG-test-testek-1] INFO  BaseClass - WenDriver Initialized and Browser Maximized
2026-01-11 22:05:04 [TestNG-test-testek-1] INFO  BaseClass - ActionDriver initialized for thread 33
2026-01-11 22:05:04 [TestNG-test-testek-1] INFO  ActionDriver - Entered text: "admin_com_role" to element: Id with name: normal_login_username
2026-01-11 22:05:04 [TestNG-test-testek-1] INFO  ActionDriver - Entered text: "aA12345678@" to element: Id with name: normal_login_password
2026-01-11 22:05:04 [TestNG-test-testek-1] INFO  ActionDriver - Applied the border with color green to element Text with name: Đăng nhập
2026-01-11 22:05:04 [TestNG-test-testek-1] INFO  ActionDriver - Element is clicked: Text with name: Đăng nhập
2026-01-11 22:05:06 [TestNG-test-testek-1] INFO  ActionDriver - Applied the border with color green to element Text with name: Sản phẩm
2026-01-11 22:05:06 [TestNG-test-testek-1] INFO  ActionDriver - Element is clicked: Text with name: Sản phẩm
2026-01-11 22:05:07 [TestNG-test-testek-1] INFO  ActionDriver - Applied the border with color green to element Text with name: Thêm sản phẩm
2026-01-11 22:05:07 [TestNG-test-testek-1] INFO  ActionDriver - Element is clicked: Text with name: Thêm sản phẩm
2026-01-11 22:05:08 [TestNG-test-testek-1] INFO  ActionDriver - Text are matching
2026-01-11 22:05:08 [TestNG-test-testek-1] INFO  ActionDriver - Entered text: "TH0051740677363" to element: Id with name: form_item_code
2026-01-11 22:05:08 [TestNG-test-testek-1] INFO  ActionDriver - Entered text: "Sản phẩm 2" to element: Id with name: form_item_name
2026-01-11 22:05:08 [TestNG-test-testek-1] INFO  ActionDriver - Entered text: "This is our best seller product" to element: Id with name: form_item_description
2026-01-11 22:05:09 [TestNG-test-testek-1] INFO  ActionDriver - Entered text: "30000" to element: Id with name: form_item_price
2026-01-11 22:05:09 [TestNG-test-testek-1] INFO  ActionDriver - Entered text: "20" to element: Id with name: form_item_quantity
2026-01-11 22:05:09 [TestNG-test-testek-1] INFO  ActionDriver - Entered text: "Chiếc" to element: Id with name: form_item_unit
2026-01-11 22:05:09 [TestNG-test-testek-1] INFO  ActionDriver - Applied the border with color green to element Id with name: form_item_category
2026-01-11 22:05:09 [TestNG-test-testek-1] INFO  ActionDriver - Element is clicked: Id with name: form_item_category
2026-01-11 22:05:10 [TestNG-test-testek-1] INFO  ActionDriver - Applied the border with color green to element Text with name: Item 1 Test_edit
2026-01-11 22:05:10 [TestNG-test-testek-1] INFO  ActionDriver - Element is clicked: Text with name: Item 1 Test_edit
2026-01-11 22:05:10 [TestNG-test-testek-1] INFO  ActionDriver - Applied the border with color green to element Id with name: form_item_supplier
2026-01-11 22:05:10 [TestNG-test-testek-1] INFO  ActionDriver - Element is clicked: Id with name: form_item_supplier
2026-01-11 22:05:11 [TestNG-test-testek-1] INFO  ActionDriver - Applied the border with color green to element Text with name: KIM CHI vukimchi023@gmail.com Auto_Hai Ba Trung, H...
2026-01-11 22:05:11 [TestNG-test-testek-1] INFO  ActionDriver - Element is clicked: Text with name: KIM CHI vukimchi023@gmail.com Auto_Hai Ba Trung, H...
2026-01-11 22:05:12 [TestNG-test-testek-1] INFO  ActionDriver - Applied the border with color green to element Text with name: Thêm
2026-01-11 22:05:12 [TestNG-test-testek-1] INFO  ActionDriver - Element is clicked: Text with name: Thêm
2026-01-11 22:05:13 [TestNG-test-testek-1] INFO  BaseClass - WebDriver instance is quited
2026-01-11 22:11:50 [main] INFO  BaseClass - config.properties file loaded
2026-01-11 22:11:50 [TestNG-test-testek-1] INFO  BaseClass - Setting up WebDriver for:CreateProductPageTest
2026-01-11 22:11:51 [TestNG-test-testek-1] INFO  BaseClass - ChromeDriver instance is created
2026-01-11 22:11:56 [TestNG-test-testek-1] INFO  BaseClass - WenDriver Initialized and Browser Maximized
2026-01-11 22:11:56 [TestNG-test-testek-1] INFO  BaseClass - ActionDriver initialized for thread 33
2026-01-11 22:11:57 [TestNG-test-testek-1] INFO  ActionDriver - Entered text: "admin_com_role" to element: Id with name: normal_login_username
2026-01-11 22:11:57 [TestNG-test-testek-1] INFO  ActionDriver - Entered text: "aA12345678@" to element: Id with name: normal_login_password
2026-01-11 22:11:57 [TestNG-test-testek-1] INFO  ActionDriver - Applied the border with color green to element Text with name: Đăng nhập
2026-01-11 22:11:57 [TestNG-test-testek-1] INFO  ActionDriver - Element is clicked: Text with name: Đăng nhập
2026-01-11 22:12:00 [TestNG-test-testek-1] INFO  ActionDriver - Applied the border with color green to element Text with name: Sản phẩm
2026-01-11 22:12:00 [TestNG-test-testek-1] INFO  ActionDriver - Element is clicked: Text with name: Sản phẩm
2026-01-11 22:12:02 [TestNG-test-testek-1] INFO  ActionDriver - Applied the border with color red to element Text with name: Sản phẩm
2026-01-11 22:12:02 [TestNG-test-testek-1] INFO  BaseClass - WebDriver instance is quited
2026-01-11 22:14:21 [main] INFO  BaseClass - config.properties file loaded
2026-01-11 22:14:21 [TestNG-test-testek-1] INFO  BaseClass - Setting up WebDriver for:CreateProductPageTest
2026-01-11 22:14:23 [TestNG-test-testek-1] INFO  BaseClass - ChromeDriver instance is created
2026-01-11 22:14:40 [TestNG-test-testek-1] INFO  BaseClass - WenDriver Initialized and Browser Maximized
2026-01-11 22:14:40 [TestNG-test-testek-1] INFO  BaseClass - ActionDriver initialized for thread 33
2026-01-11 22:14:40 [TestNG-test-testek-1] INFO  ActionDriver - Entered text: "admin_com_role" to element: Id with name: normal_login_username
2026-01-11 22:14:40 [TestNG-test-testek-1] INFO  ActionDriver - Entered text: "aA12345678@" to element: Id with name: normal_login_password
2026-01-11 22:14:40 [TestNG-test-testek-1] INFO  ActionDriver - Applied the border with color green to element Text with name: Đăng nhập
2026-01-11 22:14:40 [TestNG-test-testek-1] INFO  ActionDriver - Element is clicked: Text with name: Đăng nhập
2026-01-11 22:14:42 [TestNG-test-testek-1] INFO  ActionDriver - Applied the border with color green to element Text with name: Sản phẩm
2026-01-11 22:14:42 [TestNG-test-testek-1] INFO  ActionDriver - Element is clicked: Text with name: Sản phẩm
2026-01-11 22:14:43 [TestNG-test-testek-1] INFO  ActionDriver - Applied the border with color green to element Text with name: Thêm sản phẩm
2026-01-11 22:14:43 [TestNG-test-testek-1] INFO  ActionDriver - Element is clicked: Text with name: Thêm sản phẩm
2026-01-11 22:14:44 [TestNG-test-testek-1] INFO  ActionDriver - Text are matching
2026-01-11 22:14:44 [TestNG-test-testek-1] INFO  ActionDriver - Entered text: "TH0051668045720" to element: Id with name: form_item_code
2026-01-11 22:14:44 [TestNG-test-testek-1] INFO  ActionDriver - Entered text: "Sản phẩm 2" to element: Id with name: form_item_name
2026-01-11 22:14:44 [TestNG-test-testek-1] INFO  ActionDriver - Entered text: "This is our best seller product" to element: Id with name: form_item_description
2026-01-11 22:14:45 [TestNG-test-testek-1] INFO  ActionDriver - Entered text: "30000" to element: Id with name: form_item_price
2026-01-11 22:14:45 [TestNG-test-testek-1] INFO  ActionDriver - Entered text: "20" to element: Id with name: form_item_quantity
2026-01-11 22:14:45 [TestNG-test-testek-1] INFO  ActionDriver - Entered text: "Chiếc" to element: Id with name: form_item_unit
2026-01-11 22:14:45 [TestNG-test-testek-1] INFO  ActionDriver - Applied the border with color green to element Id with name: form_item_category
2026-01-11 22:14:45 [TestNG-test-testek-1] INFO  ActionDriver - Element is clicked: Id with name: form_item_category
2026-01-11 22:14:46 [TestNG-test-testek-1] INFO  ActionDriver - Applied the border with color green to element Text with name: Item 1 Test_edit
2026-01-11 22:14:46 [TestNG-test-testek-1] INFO  ActionDriver - Element is clicked: Text with name: Item 1 Test_edit
2026-01-11 22:14:46 [TestNG-test-testek-1] INFO  ActionDriver - Applied the border with color green to element Id with name: form_item_supplier
2026-01-11 22:14:46 [TestNG-test-testek-1] INFO  ActionDriver - Element is clicked: Id with name: form_item_supplier
2026-01-11 22:14:47 [TestNG-test-testek-1] INFO  ActionDriver - Applied the border with color green to element Text with name: KIM CHI vukimchi023@gmail.com Auto_Hai Ba Trung, H...
2026-01-11 22:14:47 [TestNG-test-testek-1] INFO  ActionDriver - Element is clicked: Text with name: KIM CHI vukimchi023@gmail.com Auto_Hai Ba Trung, H...
2026-01-11 22:14:48 [TestNG-test-testek-1] INFO  ActionDriver - Applied the border with color green to element Text with name: Thêm
2026-01-11 22:14:48 [TestNG-test-testek-1] INFO  ActionDriver - Element is clicked: Text with name: Thêm
2026-01-11 22:15:09 [TestNG-test-testek-1] INFO  ActionDriver - Texts are matching! actualText: "Item 1"
2026-01-11 22:15:09 [TestNG-test-testek-1] INFO  ActionDriver - Texts are matching! actualText: "KIM CHI"
2026-01-11 22:15:09 [TestNG-test-testek-1] INFO  ActionDriver - Texts are matching! actualText: "TH0051668045720"
2026-01-11 22:15:09 [TestNG-test-testek-1] INFO  ActionDriver - Texts are matching! actualText: "Sản phẩm 2"
2026-01-11 22:15:09 [TestNG-test-testek-1] INFO  ActionDriver - Texts are matching! actualText: "This is our best seller product"
2026-01-11 22:15:09 [TestNG-test-testek-1] INFO  ActionDriver - Texts are matching! actualText: "20"
2026-01-11 22:15:09 [TestNG-test-testek-1] INFO  ActionDriver - Texts are matching! actualText: "Chiếc"
2026-01-11 22:15:09 [TestNG-test-testek-1] INFO  ActionDriver - Texts are matching! actualText: "30000"
2026-01-11 22:15:09 [TestNG-test-testek-1] INFO  BaseClass - WebDriver instance is quited
2026-01-12 21:19:35 [main] INFO  BaseClass - config.properties file loaded
2026-01-12 21:19:35 [TestNG-test-testek-1] INFO  BaseClass - Setting up WebDriver for:CreateProductPageTest
2026-01-12 21:19:38 [TestNG-test-testek-1] INFO  BaseClass - ChromeDriver instance is created
2026-01-12 21:19:40 [TestNG-test-testek-1] INFO  BaseClass - WenDriver Initialized and Browser Maximized
2026-01-12 21:19:40 [TestNG-test-testek-1] INFO  BaseClass - ActionDriver initialized for thread 33
2026-01-12 21:20:21 [TestNG-test-testek-1] WARN  ActionDriver - Failed to apply the border to an element: By.xpath: //div[@testek='the-navbar']//div[text()='Sản phẩm']
2026-01-12 21:20:22 [TestNG-test-testek-1] INFO  ActionDriver - Entered text: "admin_com_role" to element: Id with name: normal_login_username
2026-01-12 21:20:23 [TestNG-test-testek-1] INFO  ActionDriver - Entered text: "aA12345678@" to element: Id with name: normal_login_password
2026-01-12 21:20:23 [TestNG-test-testek-1] INFO  ActionDriver - Applied the border with color green to element Text with name: Đăng nhập
2026-01-12 21:20:23 [TestNG-test-testek-1] INFO  ActionDriver - Element is clicked: Text with name: Đăng nhập
2026-01-12 21:20:25 [TestNG-test-testek-1] INFO  ActionDriver - Applied the border with color green to element Text with name: Sản phẩm
2026-01-12 21:20:25 [TestNG-test-testek-1] INFO  ActionDriver - Element is clicked: Text with name: Sản phẩm
2026-01-12 21:20:26 [TestNG-test-testek-1] INFO  ActionDriver - Applied the border with color green to element Text with name: Thêm sản phẩm
2026-01-12 21:20:26 [TestNG-test-testek-1] INFO  ActionDriver - Element is clicked: Text with name: Thêm sản phẩm
2026-01-12 21:20:27 [TestNG-test-testek-1] INFO  ActionDriver - Text are matching
2026-01-12 21:20:27 [TestNG-test-testek-1] INFO  ActionDriver - Entered text: "TH0051142863651" to element: Id with name: form_item_code
2026-01-12 21:20:27 [TestNG-test-testek-1] INFO  ActionDriver - Entered text: "Sản phẩm 2" to element: Id with name: form_item_name
2026-01-12 21:20:27 [TestNG-test-testek-1] INFO  ActionDriver - Entered text: "This is our best seller product" to element: Id with name: form_item_description
2026-01-12 21:20:28 [TestNG-test-testek-1] INFO  ActionDriver - Entered text: "30000" to element: Id with name: form_item_price
2026-01-12 21:20:28 [TestNG-test-testek-1] INFO  ActionDriver - Entered text: "20" to element: Id with name: form_item_quantity
2026-01-12 21:20:28 [TestNG-test-testek-1] INFO  ActionDriver - Entered text: "Chiếc" to element: Id with name: form_item_unit
2026-01-12 21:20:28 [TestNG-test-testek-1] INFO  ActionDriver - Applied the border with color green to element Id with name: form_item_category
2026-01-12 21:20:28 [TestNG-test-testek-1] INFO  ActionDriver - Element is clicked: Id with name: form_item_category
2026-01-12 21:20:29 [TestNG-test-testek-1] INFO  ActionDriver - Applied the border with color green to element Text with name: Item 1 Test_edit
2026-01-12 21:20:29 [TestNG-test-testek-1] INFO  ActionDriver - Element is clicked: Text with name: Item 1 Test_edit
2026-01-12 21:20:30 [TestNG-test-testek-1] INFO  ActionDriver - Applied the border with color green to element Id with name: form_item_supplier
2026-01-12 21:20:30 [TestNG-test-testek-1] INFO  ActionDriver - Element is clicked: Id with name: form_item_supplier
2026-01-12 21:20:31 [TestNG-test-testek-1] INFO  ActionDriver - Applied the border with color green to element Text with name: KIM CHI vukimchi023@gmail.com Auto_Hai Ba Trung, H...
2026-01-12 21:20:31 [TestNG-test-testek-1] INFO  ActionDriver - Element is clicked: Text with name: KIM CHI vukimchi023@gmail.com Auto_Hai Ba Trung, H...
2026-01-12 21:20:31 [TestNG-test-testek-1] INFO  ActionDriver - Applied the border with color green to element Text with name: Thêm
2026-01-12 21:20:31 [TestNG-test-testek-1] INFO  ActionDriver - Element is clicked: Text with name: Thêm
2026-01-12 21:20:33 [TestNG-test-testek-1] INFO  ActionDriver - Texts are matching! actualText: "Item 1"
2026-01-12 21:20:33 [TestNG-test-testek-1] INFO  ActionDriver - Texts are matching! actualText: "KIM CHI"
2026-01-12 21:20:33 [TestNG-test-testek-1] INFO  ActionDriver - Texts are matching! actualText: "TH0051142863651"
2026-01-12 21:20:33 [TestNG-test-testek-1] INFO  ActionDriver - Texts are matching! actualText: "Sản phẩm 2"
2026-01-12 21:20:33 [TestNG-test-testek-1] INFO  ActionDriver - Texts are matching! actualText: "This is our best seller product"
2026-01-12 21:20:33 [TestNG-test-testek-1] INFO  ActionDriver - Texts are matching! actualText: "20"
2026-01-12 21:20:33 [TestNG-test-testek-1] INFO  ActionDriver - Texts are matching! actualText: "Chiếc"
2026-01-12 21:20:33 [TestNG-test-testek-1] INFO  ActionDriver - Texts are matching! actualText: "30000"
2026-01-12 21:20:33 [TestNG-test-testek-1] INFO  BaseClass - WebDriver instance is quited
2026-01-12 21:23:22 [main] INFO  BaseClass - config.properties file loaded
2026-01-12 21:23:22 [TestNG-test-testek-1] INFO  BaseClass - Setting up WebDriver for:CreateProductPageTest
2026-01-12 21:23:24 [TestNG-test-testek-1] INFO  BaseClass - ChromeDriver instance is created
2026-01-12 21:23:25 [TestNG-test-testek-1] INFO  BaseClass - WenDriver Initialized and Browser Maximized
2026-01-12 21:23:25 [TestNG-test-testek-1] INFO  BaseClass - ActionDriver initialized for thread 33
2026-01-12 21:23:25 [TestNG-test-testek-1] INFO  ActionDriver - Entered text: "admin_com_role" to element: Id with name: normal_login_username
2026-01-12 21:23:25 [TestNG-test-testek-1] INFO  ActionDriver - Entered text: "aA12345678@" to element: Id with name: normal_login_password
2026-01-12 21:23:26 [TestNG-test-testek-1] INFO  ActionDriver - Applied the border with color green to element Text with name: Đăng nhập
2026-01-12 21:23:26 [TestNG-test-testek-1] INFO  ActionDriver - Element is clicked: Text with name: Đăng nhập
2026-01-12 21:23:27 [TestNG-test-testek-1] INFO  ActionDriver - Applied the border with color green to element Text with name: Sản phẩm
2026-01-12 21:23:27 [TestNG-test-testek-1] INFO  ActionDriver - Element is clicked: Text with name: Sản phẩm
2026-01-12 21:23:28 [TestNG-test-testek-1] INFO  ActionDriver - Applied the border with color green to element Text with name: Thêm sản phẩm
2026-01-12 21:23:28 [TestNG-test-testek-1] INFO  ActionDriver - Element is clicked: Text with name: Thêm sản phẩm
2026-01-12 21:23:29 [TestNG-test-testek-1] INFO  ActionDriver - Text are matching
2026-01-12 21:23:29 [TestNG-test-testek-1] INFO  ActionDriver - Entered text: "TH0051280736696" to element: Id with name: form_item_code
2026-01-12 21:23:29 [TestNG-test-testek-1] INFO  ActionDriver - Entered text: "Sản phẩm 2" to element: Id with name: form_item_name
2026-01-12 21:23:29 [TestNG-test-testek-1] INFO  ActionDriver - Entered text: "This is our best seller product" to element: Id with name: form_item_description
2026-01-12 21:23:30 [TestNG-test-testek-1] INFO  ActionDriver - Entered text: "30000" to element: Id with name: form_item_price
2026-01-12 21:23:30 [TestNG-test-testek-1] INFO  ActionDriver - Entered text: "20" to element: Id with name: form_item_quantity
2026-01-12 21:23:30 [TestNG-test-testek-1] INFO  ActionDriver - Entered text: "Chiếc" to element: Id with name: form_item_unit
2026-01-12 21:23:30 [TestNG-test-testek-1] INFO  ActionDriver - Applied the border with color green to element Id with name: form_item_category
2026-01-12 21:23:30 [TestNG-test-testek-1] INFO  ActionDriver - Element is clicked: Id with name: form_item_category
2026-01-12 21:23:31 [TestNG-test-testek-1] INFO  ActionDriver - Applied the border with color green to element Text with name: Item 1 Test_edit
2026-01-12 21:23:31 [TestNG-test-testek-1] INFO  ActionDriver - Element is clicked: Text with name: Item 1 Test_edit
2026-01-12 21:23:31 [TestNG-test-testek-1] INFO  ActionDriver - Applied the border with color green to element Id with name: form_item_supplier
2026-01-12 21:23:31 [TestNG-test-testek-1] INFO  ActionDriver - Element is clicked: Id with name: form_item_supplier
2026-01-12 21:23:32 [TestNG-test-testek-1] INFO  ActionDriver - Applied the border with color green to element Text with name: KIM CHI vukimchi023@gmail.com Auto_Hai Ba Trung, H...
2026-01-12 21:23:32 [TestNG-test-testek-1] INFO  ActionDriver - Element is clicked: Text with name: KIM CHI vukimchi023@gmail.com Auto_Hai Ba Trung, H...
2026-01-12 21:23:32 [TestNG-test-testek-1] INFO  ActionDriver - Applied the border with color green to element Text with name: Thêm
2026-01-12 21:23:32 [TestNG-test-testek-1] INFO  ActionDriver - Element is clicked: Text with name: Thêm
2026-01-12 21:23:34 [TestNG-test-testek-1] INFO  ActionDriver - Texts are matching! actualText: "Item 1"
2026-01-12 21:23:34 [TestNG-test-testek-1] INFO  ActionDriver - Texts are matching! actualText: "KIM CHI"
2026-01-12 21:23:34 [TestNG-test-testek-1] INFO  ActionDriver - Texts are matching! actualText: "TH0051280736696"
2026-01-12 21:23:34 [TestNG-test-testek-1] INFO  ActionDriver - Texts are matching! actualText: "Sản phẩm 2"
2026-01-12 21:23:34 [TestNG-test-testek-1] INFO  ActionDriver - Texts are matching! actualText: "This is our best seller product"
2026-01-12 21:23:34 [TestNG-test-testek-1] INFO  ActionDriver - Texts are matching! actualText: "20"
2026-01-12 21:23:34 [TestNG-test-testek-1] INFO  ActionDriver - Texts are matching! actualText: "Chiếc"
2026-01-12 21:23:34 [TestNG-test-testek-1] INFO  ActionDriver - Texts are matching! actualText: "30000"
2026-01-12 21:23:34 [TestNG-test-testek-1] INFO  ActionDriver - Applied the border with color green to element Text with name: Sản phẩm
2026-01-12 21:23:34 [TestNG-test-testek-1] INFO  ActionDriver - Element is clicked: Text with name: Sản phẩm
2026-01-12 21:23:35 [TestNG-test-testek-1] INFO  ActionDriver - Applied the border with color green to element Text with name: Thêm sản phẩm
2026-01-12 21:23:35 [TestNG-test-testek-1] INFO  ActionDriver - Element is clicked: Text with name: Thêm sản phẩm
2026-01-12 21:23:35 [TestNG-test-testek-1] INFO  ActionDriver - Text are matching
2026-01-12 21:23:35 [TestNG-test-testek-1] INFO  ActionDriver - Entered text: "TH001" to element: Id with name: form_item_code
2026-01-12 21:23:36 [TestNG-test-testek-1] INFO  ActionDriver - Entered text: "Sản phẩm 2" to element: Id with name: form_item_name
2026-01-12 21:23:36 [TestNG-test-testek-1] INFO  ActionDriver - Entered text: "This is our best seller product" to element: Id with name: form_item_description
2026-01-12 21:23:36 [TestNG-test-testek-1] INFO  ActionDriver - Entered text: "30000" to element: Id with name: form_item_price
2026-01-12 21:23:36 [TestNG-test-testek-1] INFO  ActionDriver - Entered text: "20" to element: Id with name: form_item_quantity
2026-01-12 21:23:36 [TestNG-test-testek-1] INFO  ActionDriver - Entered text: "Chiếc" to element: Id with name: form_item_unit
2026-01-12 21:23:37 [TestNG-test-testek-1] INFO  ActionDriver - Applied the border with color green to element Id with name: form_item_category
2026-01-12 21:23:37 [TestNG-test-testek-1] INFO  ActionDriver - Element is clicked: Id with name: form_item_category
2026-01-12 21:23:37 [TestNG-test-testek-1] INFO  ActionDriver - Applied the border with color green to element Text with name: Item 1 Test_edit
2026-01-12 21:23:37 [TestNG-test-testek-1] INFO  ActionDriver - Element is clicked: Text with name: Item 1 Test_edit
2026-01-12 21:23:38 [TestNG-test-testek-1] INFO  ActionDriver - Applied the border with color green to element Id with name: form_item_supplier
2026-01-12 21:23:38 [TestNG-test-testek-1] INFO  ActionDriver - Element is clicked: Id with name: form_item_supplier
2026-01-12 21:23:38 [TestNG-test-testek-1] INFO  ActionDriver - Applied the border with color green to element Text with name: KIM CHI vukimchi023@gmail.com Auto_Hai Ba Trung, H...
2026-01-12 21:23:38 [TestNG-test-testek-1] INFO  ActionDriver - Element is clicked: Text with name: KIM CHI vukimchi023@gmail.com Auto_Hai Ba Trung, H...
2026-01-12 21:23:39 [TestNG-test-testek-1] INFO  ActionDriver - Applied the border with color green to element Text with name: Thêm
2026-01-12 21:23:39 [TestNG-test-testek-1] INFO  ActionDriver - Element is clicked: Text with name: Thêm
2026-01-12 21:23:40 [TestNG-test-testek-1] INFO  BaseClass - WebDriver instance is quited
2026-01-12 21:25:29 [main] INFO  BaseClass - config.properties file loaded
2026-01-12 21:25:30 [TestNG-test-testek-1] INFO  BaseClass - Setting up WebDriver for:CreateProductPageTest
2026-01-12 21:25:31 [TestNG-test-testek-1] INFO  BaseClass - ChromeDriver instance is created
2026-01-12 21:25:31 [TestNG-test-testek-1] INFO  BaseClass - WenDriver Initialized and Browser Maximized
2026-01-12 21:25:31 [TestNG-test-testek-1] INFO  BaseClass - ActionDriver initialized for thread 34
2026-01-12 21:25:32 [TestNG-test-testek-1] INFO  ActionDriver - Entered text: "admin_com_role" to element: Id with name: normal_login_username
2026-01-12 21:25:33 [TestNG-test-testek-1] INFO  ActionDriver - Entered text: "aA12345678@" to element: Id with name: normal_login_password
2026-01-12 21:25:33 [TestNG-test-testek-1] INFO  ActionDriver - Applied the border with color green to element Text with name: Đăng nhập
2026-01-12 21:25:33 [TestNG-test-testek-1] INFO  ActionDriver - Element is clicked: Text with name: Đăng nhập
2026-01-12 21:25:35 [TestNG-test-testek-1] INFO  ActionDriver - Applied the border with color green to element Text with name: Sản phẩm
2026-01-12 21:25:35 [TestNG-test-testek-1] INFO  ActionDriver - Element is clicked: Text with name: Sản phẩm
2026-01-12 21:25:36 [TestNG-test-testek-1] INFO  ActionDriver - Applied the border with color green to element Text with name: Thêm sản phẩm
2026-01-12 21:25:36 [TestNG-test-testek-1] INFO  ActionDriver - Element is clicked: Text with name: Thêm sản phẩm
2026-01-12 21:25:36 [TestNG-test-testek-1] INFO  ActionDriver - Text are matching
2026-01-12 21:25:37 [TestNG-test-testek-1] INFO  ActionDriver - Entered text: "TH005-1588341095" to element: Id with name: form_item_code
2026-01-12 21:25:37 [TestNG-test-testek-1] INFO  ActionDriver - Entered text: "Sản phẩm 2" to element: Id with name: form_item_name
2026-01-12 21:25:37 [TestNG-test-testek-1] INFO  ActionDriver - Entered text: "This is our best seller product" to element: Id with name: form_item_description
2026-01-12 21:25:37 [TestNG-test-testek-1] INFO  ActionDriver - Entered text: "30000" to element: Id with name: form_item_price
2026-01-12 21:25:37 [TestNG-test-testek-1] INFO  ActionDriver - Entered text: "20" to element: Id with name: form_item_quantity
2026-01-12 21:25:38 [TestNG-test-testek-1] INFO  ActionDriver - Entered text: "Chiếc" to element: Id with name: form_item_unit
2026-01-12 21:25:38 [TestNG-test-testek-1] INFO  ActionDriver - Applied the border with color green to element Id with name: form_item_category
2026-01-12 21:25:38 [TestNG-test-testek-1] INFO  ActionDriver - Element is clicked: Id with name: form_item_category
2026-01-12 21:25:39 [TestNG-test-testek-1] INFO  ActionDriver - Applied the border with color green to element Text with name: Item 1 Test_edit
2026-01-12 21:25:39 [TestNG-test-testek-1] INFO  ActionDriver - Element is clicked: Text with name: Item 1 Test_edit
2026-01-12 21:25:39 [TestNG-test-testek-1] INFO  ActionDriver - Applied the border with color green to element Id with name: form_item_supplier
2026-01-12 21:25:39 [TestNG-test-testek-1] INFO  ActionDriver - Element is clicked: Id with name: form_item_supplier
2026-01-12 21:25:40 [TestNG-test-testek-1] INFO  ActionDriver - Applied the border with color green to element Text with name: KIM CHI vukimchi023@gmail.com Auto_Hai Ba Trung, H...
2026-01-12 21:25:40 [TestNG-test-testek-1] INFO  ActionDriver - Element is clicked: Text with name: KIM CHI vukimchi023@gmail.com Auto_Hai Ba Trung, H...
2026-01-12 21:25:40 [TestNG-test-testek-1] INFO  ActionDriver - Applied the border with color green to element Text with name: Thêm
2026-01-12 21:25:40 [TestNG-test-testek-1] INFO  ActionDriver - Element is clicked: Text with name: Thêm
2026-01-12 21:25:42 [TestNG-test-testek-1] INFO  ActionDriver - Texts are matching! actualText: "Item 1"
2026-01-12 21:25:42 [TestNG-test-testek-1] INFO  ActionDriver - Texts are matching! actualText: "KIM CHI"
2026-01-12 21:25:42 [TestNG-test-testek-1] INFO  ActionDriver - Texts are matching! actualText: "TH005-1588341095"
2026-01-12 21:25:42 [TestNG-test-testek-1] INFO  ActionDriver - Texts are matching! actualText: "Sản phẩm 2"
2026-01-12 21:25:42 [TestNG-test-testek-1] INFO  ActionDriver - Texts are matching! actualText: "This is our best seller product"
2026-01-12 21:25:42 [TestNG-test-testek-1] INFO  ActionDriver - Texts are matching! actualText: "20"
2026-01-12 21:25:42 [TestNG-test-testek-1] INFO  ActionDriver - Texts are matching! actualText: "Chiếc"
2026-01-12 21:25:42 [TestNG-test-testek-1] INFO  ActionDriver - Texts are matching! actualText: "30000"
2026-01-12 21:25:42 [TestNG-test-testek-1] INFO  ActionDriver - Applied the border with color green to element Text with name: Sản phẩm
2026-01-12 21:25:42 [TestNG-test-testek-1] INFO  ActionDriver - Element is clicked: Text with name: Sản phẩm
2026-01-12 21:25:43 [TestNG-test-testek-1] INFO  ActionDriver - Applied the border with color green to element Text with name: Thêm sản phẩm
2026-01-12 21:25:43 [TestNG-test-testek-1] INFO  ActionDriver - Element is clicked: Text with name: Thêm sản phẩm
2026-01-12 21:25:44 [TestNG-test-testek-1] INFO  ActionDriver - Text are matching
2026-01-12 21:25:44 [TestNG-test-testek-1] INFO  ActionDriver - Entered text: "TH001" to element: Id with name: form_item_code
2026-01-12 21:25:44 [TestNG-test-testek-1] INFO  ActionDriver - Entered text: "Sản phẩm 2" to element: Id with name: form_item_name
2026-01-12 21:25:44 [TestNG-test-testek-1] INFO  ActionDriver - Entered text: "This is our best seller product" to element: Id with name: form_item_description
2026-01-12 21:25:44 [TestNG-test-testek-1] INFO  ActionDriver - Entered text: "30000" to element: Id with name: form_item_price
2026-01-12 21:25:45 [TestNG-test-testek-1] INFO  ActionDriver - Entered text: "20" to element: Id with name: form_item_quantity
2026-01-12 21:25:45 [TestNG-test-testek-1] INFO  ActionDriver - Entered text: "Chiếc" to element: Id with name: form_item_unit
2026-01-12 21:25:45 [TestNG-test-testek-1] INFO  ActionDriver - Applied the border with color green to element Id with name: form_item_category
2026-01-12 21:25:45 [TestNG-test-testek-1] INFO  ActionDriver - Element is clicked: Id with name: form_item_category
2026-01-12 21:25:46 [TestNG-test-testek-1] INFO  ActionDriver - Applied the border with color green to element Text with name: Item 1 Test_edit
2026-01-12 21:25:46 [TestNG-test-testek-1] INFO  ActionDriver - Element is clicked: Text with name: Item 1 Test_edit
2026-01-12 21:25:46 [TestNG-test-testek-1] INFO  ActionDriver - Applied the border with color green to element Id with name: form_item_supplier
2026-01-12 21:25:46 [TestNG-test-testek-1] INFO  ActionDriver - Element is clicked: Id with name: form_item_supplier
2026-01-12 21:25:47 [TestNG-test-testek-1] INFO  ActionDriver - Applied the border with color green to element Text with name: KIM CHI vukimchi023@gmail.com Auto_Hai Ba Trung, H...
2026-01-12 21:25:47 [TestNG-test-testek-1] INFO  ActionDriver - Element is clicked: Text with name: KIM CHI vukimchi023@gmail.com Auto_Hai Ba Trung, H...
2026-01-12 21:25:47 [TestNG-test-testek-1] INFO  ActionDriver - Applied the border with color green to element Text with name: Thêm
2026-01-12 21:25:47 [TestNG-test-testek-1] INFO  ActionDriver - Element is clicked: Text with name: Thêm
2026-01-12 21:25:48 [TestNG-test-testek-1] INFO  ActionDriver - Texts are matching! actualText: "Product already exists {0}"
2026-01-12 21:25:49 [TestNG-test-testek-1] INFO  BaseClass - WebDriver instance is quited
2026-01-12 22:36:11 [main] INFO  BaseClass - config.properties file loaded
2026-01-12 22:36:11 [TestNG-test-testek-1] INFO  BaseClass - Setting up WebDriver for:CreateProductPageTest
2026-01-12 22:36:17 [TestNG-test-testek-1] INFO  BaseClass - ChromeDriver instance is created
2026-01-12 22:36:18 [TestNG-test-testek-1] INFO  BaseClass - WenDriver Initialized and Browser Maximized
2026-01-12 22:36:18 [TestNG-test-testek-1] INFO  BaseClass - ActionDriver initialized for thread 34
2026-01-12 22:36:19 [TestNG-test-testek-1] INFO  ActionDriver - Entered text: "admin_com_role" to element: Id with name: normal_login_username
2026-01-12 22:36:19 [TestNG-test-testek-1] INFO  ActionDriver - Entered text: "aA12345678@" to element: Id with name: normal_login_password
2026-01-12 22:36:19 [TestNG-test-testek-1] INFO  ActionDriver - Applied the border with color green to element Text with name: Đăng nhập
2026-01-12 22:36:19 [TestNG-test-testek-1] INFO  ActionDriver - Element is clicked: Text with name: Đăng nhập
2026-01-12 22:36:21 [TestNG-test-testek-1] INFO  ActionDriver - Applied the border with color green to element Text with name: Sản phẩm
2026-01-12 22:36:21 [TestNG-test-testek-1] INFO  ActionDriver - Element is clicked: Text with name: Sản phẩm
2026-01-12 22:36:22 [TestNG-test-testek-1] INFO  ActionDriver - Applied the border with color green to element Text with name: Thêm sản phẩm
2026-01-12 22:36:22 [TestNG-test-testek-1] INFO  ActionDriver - Element is clicked: Text with name: Thêm sản phẩm
2026-01-12 22:36:23 [TestNG-test-testek-1] INFO  ActionDriver - Text are matching
2026-01-12 22:36:23 [TestNG-test-testek-1] INFO  ActionDriver - Entered text: "TH0051106411227" to element: Id with name: form_item_code
2026-01-12 22:36:23 [TestNG-test-testek-1] INFO  ActionDriver - Entered text: "Sản phẩm 2" to element: Id with name: form_item_name
2026-01-12 22:36:23 [TestNG-test-testek-1] INFO  ActionDriver - Entered text: "This is our best seller product" to element: Id with name: form_item_description
2026-01-12 22:36:23 [TestNG-test-testek-1] INFO  ActionDriver - Entered text: "30000" to element: Id with name: form_item_price
2026-01-12 22:36:24 [TestNG-test-testek-1] INFO  ActionDriver - Entered text: "20" to element: Id with name: form_item_quantity
2026-01-12 22:36:24 [TestNG-test-testek-1] INFO  ActionDriver - Entered text: "Chiếc" to element: Id with name: form_item_unit
2026-01-12 22:36:24 [TestNG-test-testek-1] INFO  ActionDriver - Applied the border with color green to element Id with name: form_item_category
2026-01-12 22:36:24 [TestNG-test-testek-1] INFO  ActionDriver - Element is clicked: Id with name: form_item_category
2026-01-12 22:36:25 [TestNG-test-testek-1] INFO  ActionDriver - Applied the border with color green to element Text with name: Item 1 Test_edit
2026-01-12 22:36:25 [TestNG-test-testek-1] INFO  ActionDriver - Element is clicked: Text with name: Item 1 Test_edit
2026-01-12 22:36:25 [TestNG-test-testek-1] INFO  ActionDriver - Applied the border with color green to element Id with name: form_item_supplier
2026-01-12 22:36:25 [TestNG-test-testek-1] INFO  ActionDriver - Element is clicked: Id with name: form_item_supplier
2026-01-12 22:36:26 [TestNG-test-testek-1] INFO  ActionDriver - Applied the border with color green to element Text with name: KIM CHI vukimchi023@gmail.com Auto_Hai Ba Trung, H...
2026-01-12 22:36:26 [TestNG-test-testek-1] INFO  ActionDriver - Element is clicked: Text with name: KIM CHI vukimchi023@gmail.com Auto_Hai Ba Trung, H...
2026-01-12 22:36:27 [TestNG-test-testek-1] INFO  ActionDriver - Applied the border with color green to element Text with name: Thêm
2026-01-12 22:36:27 [TestNG-test-testek-1] INFO  ActionDriver - Element is clicked: Text with name: Thêm
2026-01-12 22:36:28 [TestNG-test-testek-1] INFO  ActionDriver - Texts are matching! actualText: "Item 1"
2026-01-12 22:36:28 [TestNG-test-testek-1] INFO  ActionDriver - Texts are matching! actualText: "KIM CHI"
2026-01-12 22:36:28 [TestNG-test-testek-1] INFO  ActionDriver - Texts are matching! actualText: "TH0051106411227"
2026-01-12 22:36:28 [TestNG-test-testek-1] INFO  ActionDriver - Texts are matching! actualText: "Sản phẩm 2"
2026-01-12 22:36:28 [TestNG-test-testek-1] INFO  ActionDriver - Texts are matching! actualText: "This is our best seller product"
2026-01-12 22:36:28 [TestNG-test-testek-1] INFO  ActionDriver - Texts are matching! actualText: "20"
2026-01-12 22:36:28 [TestNG-test-testek-1] INFO  ActionDriver - Texts are matching! actualText: "Chiếc"
2026-01-12 22:36:28 [TestNG-test-testek-1] INFO  ActionDriver - Texts are matching! actualText: "30000"
2026-01-12 22:36:29 [TestNG-test-testek-1] INFO  ActionDriver - Applied the border with color green to element Text with name: Sản phẩm
2026-01-12 22:36:29 [TestNG-test-testek-1] INFO  ActionDriver - Element is clicked: Text with name: Sản phẩm
2026-01-12 22:36:30 [TestNG-test-testek-1] INFO  ActionDriver - Applied the border with color green to element Text with name: Thêm sản phẩm
2026-01-12 22:36:30 [TestNG-test-testek-1] INFO  ActionDriver - Element is clicked: Text with name: Thêm sản phẩm
2026-01-12 22:36:30 [TestNG-test-testek-1] INFO  ActionDriver - Text are matching
2026-01-12 22:36:31 [TestNG-test-testek-1] INFO  ActionDriver - Entered text: "" to element: Id with name: form_item_code
2026-01-12 22:36:31 [TestNG-test-testek-1] INFO  ActionDriver - Entered text: "Sản phẩm 2" to element: Id with name: form_item_name
2026-01-12 22:36:31 [TestNG-test-testek-1] INFO  ActionDriver - Entered text: "This is our best seller product" to element: Id with name: form_item_description
2026-01-12 22:36:31 [TestNG-test-testek-1] INFO  ActionDriver - Entered text: "30000" to element: Id with name: form_item_price
2026-01-12 22:36:31 [TestNG-test-testek-1] INFO  ActionDriver - Entered text: "" to element: Id with name: form_item_quantity
2026-01-12 22:36:31 [TestNG-test-testek-1] INFO  ActionDriver - Entered text: "" to element: Id with name: form_item_unit
2026-01-12 22:36:32 [TestNG-test-testek-1] INFO  ActionDriver - Applied the border with color green to element Id with name: form_item_category
2026-01-12 22:36:32 [TestNG-test-testek-1] INFO  ActionDriver - Element is clicked: Id with name: form_item_category
2026-01-12 22:36:32 [TestNG-test-testek-1] INFO  ActionDriver - Applied the border with color green to element Text with name: Item 1 Test_edit
2026-01-12 22:36:32 [TestNG-test-testek-1] INFO  ActionDriver - Element is clicked: Text with name: Item 1 Test_edit
2026-01-12 22:36:33 [TestNG-test-testek-1] INFO  ActionDriver - Applied the border with color green to element Id with name: form_item_supplier
2026-01-12 22:36:33 [TestNG-test-testek-1] INFO  ActionDriver - Element is clicked: Id with name: form_item_supplier
2026-01-12 22:36:33 [TestNG-test-testek-1] INFO  ActionDriver - Applied the border with color green to element Text with name: KIM CHI vukimchi023@gmail.com Auto_Hai Ba Trung, H...
2026-01-12 22:36:33 [TestNG-test-testek-1] INFO  ActionDriver - Element is clicked: Text with name: KIM CHI vukimchi023@gmail.com Auto_Hai Ba Trung, H...
2026-01-12 22:36:34 [TestNG-test-testek-1] INFO  ActionDriver - Applied the border with color green to element Text with name: Thêm
2026-01-12 22:36:34 [TestNG-test-testek-1] INFO  ActionDriver - Element is clicked: Text with name: Thêm
2026-01-12 22:36:45 [TestNG-test-testek-1] INFO  ActionDriver - Applied the border with color green to element Text with name: Sản phẩm
2026-01-12 22:36:45 [TestNG-test-testek-1] INFO  ActionDriver - Element is clicked: Text with name: Sản phẩm
2026-01-12 22:36:46 [TestNG-test-testek-1] INFO  ActionDriver - Applied the border with color green to element Text with name: Thêm sản phẩm
2026-01-12 22:36:46 [TestNG-test-testek-1] INFO  ActionDriver - Element is clicked: Text with name: Thêm sản phẩm
2026-01-12 22:36:46 [TestNG-test-testek-1] INFO  ActionDriver - Text are matching
2026-01-12 22:36:46 [TestNG-test-testek-1] INFO  ActionDriver - Entered text: "TH001" to element: Id with name: form_item_code
2026-01-12 22:36:47 [TestNG-test-testek-1] INFO  ActionDriver - Entered text: "Sản phẩm 2" to element: Id with name: form_item_name
2026-01-12 22:36:47 [TestNG-test-testek-1] INFO  ActionDriver - Entered text: "This is our best seller product" to element: Id with name: form_item_description
2026-01-12 22:36:47 [TestNG-test-testek-1] INFO  ActionDriver - Entered text: "30000" to element: Id with name: form_item_price
2026-01-12 22:36:47 [TestNG-test-testek-1] INFO  ActionDriver - Entered text: "20" to element: Id with name: form_item_quantity
2026-01-12 22:36:47 [TestNG-test-testek-1] INFO  ActionDriver - Entered text: "Chiếc" to element: Id with name: form_item_unit
2026-01-12 22:36:47 [TestNG-test-testek-1] INFO  ActionDriver - Applied the border with color green to element Id with name: form_item_category
2026-01-12 22:36:47 [TestNG-test-testek-1] INFO  ActionDriver - Element is clicked: Id with name: form_item_category
2026-01-12 22:36:48 [TestNG-test-testek-1] INFO  ActionDriver - Applied the border with color green to element Text with name: Item 1 Test_edit
2026-01-12 22:36:48 [TestNG-test-testek-1] INFO  ActionDriver - Element is clicked: Text with name: Item 1 Test_edit
2026-01-12 22:36:48 [TestNG-test-testek-1] INFO  ActionDriver - Applied the border with color green to element Id with name: form_item_supplier
2026-01-12 22:36:48 [TestNG-test-testek-1] INFO  ActionDriver - Element is clicked: Id with name: form_item_supplier
2026-01-12 22:36:49 [TestNG-test-testek-1] INFO  ActionDriver - Applied the border with color green to element Text with name: KIM CHI vukimchi023@gmail.com Auto_Hai Ba Trung, H...
2026-01-12 22:36:49 [TestNG-test-testek-1] INFO  ActionDriver - Element is clicked: Text with name: KIM CHI vukimchi023@gmail.com Auto_Hai Ba Trung, H...
2026-01-12 22:36:50 [TestNG-test-testek-1] INFO  ActionDriver - Applied the border with color red to element Classname with name: ant-select-item ant-select-item-option
2026-01-12 22:36:51 [TestNG-test-testek-1] INFO  BaseClass - WebDriver instance is quited
2026-01-12 22:39:57 [main] INFO  BaseClass - config.properties file loaded
2026-01-12 22:39:57 [TestNG-test-testek-1] INFO  BaseClass - Setting up WebDriver for:CreateProductPageTest
2026-01-12 22:39:59 [TestNG-test-testek-1] INFO  BaseClass - ChromeDriver instance is created
2026-01-12 22:39:59 [TestNG-test-testek-1] INFO  BaseClass - WenDriver Initialized and Browser Maximized
2026-01-12 22:39:59 [TestNG-test-testek-1] INFO  BaseClass - ActionDriver initialized for thread 34
2026-01-12 22:40:00 [TestNG-test-testek-1] INFO  ActionDriver - Entered text: "admin_com_role" to element: Id with name: normal_login_username
2026-01-12 22:40:00 [TestNG-test-testek-1] INFO  ActionDriver - Entered text: "aA12345678@" to element: Id with name: normal_login_password
2026-01-12 22:40:01 [TestNG-test-testek-1] INFO  ActionDriver - Applied the border with color green to element Text with name: Đăng nhập
2026-01-12 22:40:01 [TestNG-test-testek-1] INFO  ActionDriver - Element is clicked: Text with name: Đăng nhập
2026-01-12 22:40:02 [TestNG-test-testek-1] INFO  ActionDriver - Applied the border with color green to element Text with name: Sản phẩm
2026-01-12 22:40:02 [TestNG-test-testek-1] INFO  ActionDriver - Element is clicked: Text with name: Sản phẩm
2026-01-12 22:40:03 [TestNG-test-testek-1] INFO  ActionDriver - Applied the border with color green to element Text with name: Thêm sản phẩm
2026-01-12 22:40:03 [TestNG-test-testek-1] INFO  ActionDriver - Element is clicked: Text with name: Thêm sản phẩm
2026-01-12 22:40:04 [TestNG-test-testek-1] INFO  ActionDriver - Text are matching
2026-01-12 22:40:04 [TestNG-test-testek-1] INFO  ActionDriver - Entered text: "TH005-1061374771" to element: Id with name: form_item_code
2026-01-12 22:40:04 [TestNG-test-testek-1] INFO  ActionDriver - Entered text: "Sản phẩm 2" to element: Id with name: form_item_name
2026-01-12 22:40:05 [TestNG-test-testek-1] INFO  ActionDriver - Entered text: "This is our best seller product" to element: Id with name: form_item_description
2026-01-12 22:40:05 [TestNG-test-testek-1] INFO  ActionDriver - Entered text: "30000" to element: Id with name: form_item_price
2026-01-12 22:40:05 [TestNG-test-testek-1] INFO  ActionDriver - Entered text: "20" to element: Id with name: form_item_quantity
2026-01-12 22:40:05 [TestNG-test-testek-1] INFO  ActionDriver - Entered text: "Chiếc" to element: Id with name: form_item_unit
2026-01-12 22:40:05 [TestNG-test-testek-1] INFO  ActionDriver - Applied the border with color green to element Id with name: form_item_category
2026-01-12 22:40:05 [TestNG-test-testek-1] INFO  ActionDriver - Element is clicked: Id with name: form_item_category
2026-01-12 22:40:06 [TestNG-test-testek-1] INFO  ActionDriver - Applied the border with color green to element Text with name: Item 1 Test_edit
2026-01-12 22:40:06 [TestNG-test-testek-1] INFO  ActionDriver - Element is clicked: Text with name: Item 1 Test_edit
2026-01-12 22:40:07 [TestNG-test-testek-1] INFO  ActionDriver - Applied the border with color green to element Id with name: form_item_supplier
2026-01-12 22:40:07 [TestNG-test-testek-1] INFO  ActionDriver - Element is clicked: Id with name: form_item_supplier
2026-01-12 22:40:07 [TestNG-test-testek-1] INFO  ActionDriver - Applied the border with color green to element Text with name: KIM CHI vukimchi023@gmail.com Auto_Hai Ba Trung, H...
2026-01-12 22:40:07 [TestNG-test-testek-1] INFO  ActionDriver - Element is clicked: Text with name: KIM CHI vukimchi023@gmail.com Auto_Hai Ba Trung, H...
2026-01-12 22:40:08 [TestNG-test-testek-1] INFO  ActionDriver - Applied the border with color green to element Text with name: Thêm
2026-01-12 22:40:08 [TestNG-test-testek-1] INFO  ActionDriver - Element is clicked: Text with name: Thêm
2026-01-12 22:40:09 [TestNG-test-testek-1] INFO  ActionDriver - Texts are matching! actualText: "Item 1"
2026-01-12 22:40:09 [TestNG-test-testek-1] INFO  ActionDriver - Texts are matching! actualText: "KIM CHI"
2026-01-12 22:40:09 [TestNG-test-testek-1] INFO  ActionDriver - Texts are matching! actualText: "TH005-1061374771"
2026-01-12 22:40:09 [TestNG-test-testek-1] INFO  ActionDriver - Texts are matching! actualText: "Sản phẩm 2"
2026-01-12 22:40:09 [TestNG-test-testek-1] INFO  ActionDriver - Texts are matching! actualText: "This is our best seller product"
2026-01-12 22:40:09 [TestNG-test-testek-1] INFO  ActionDriver - Texts are matching! actualText: "20"
2026-01-12 22:40:09 [TestNG-test-testek-1] INFO  ActionDriver - Texts are matching! actualText: "Chiếc"
2026-01-12 22:40:09 [TestNG-test-testek-1] INFO  ActionDriver - Texts are matching! actualText: "30000"
2026-01-12 22:40:10 [TestNG-test-testek-1] INFO  ActionDriver - Applied the border with color green to element Text with name: Sản phẩm
2026-01-12 22:40:10 [TestNG-test-testek-1] INFO  ActionDriver - Element is clicked: Text with name: Sản phẩm
2026-01-12 22:40:10 [TestNG-test-testek-1] INFO  ActionDriver - Applied the border with color green to element Text with name: Thêm sản phẩm
2026-01-12 22:40:10 [TestNG-test-testek-1] INFO  ActionDriver - Element is clicked: Text with name: Thêm sản phẩm
2026-01-12 22:40:11 [TestNG-test-testek-1] INFO  ActionDriver - Text are matching
2026-01-12 22:40:11 [TestNG-test-testek-1] INFO  ActionDriver - Entered text: "" to element: Id with name: form_item_code
2026-01-12 22:40:11 [TestNG-test-testek-1] INFO  ActionDriver - Entered text: "Sản phẩm 2" to element: Id with name: form_item_name
2026-01-12 22:40:11 [TestNG-test-testek-1] INFO  ActionDriver - Entered text: "This is our best seller product" to element: Id with name: form_item_description
2026-01-12 22:40:12 [TestNG-test-testek-1] INFO  ActionDriver - Entered text: "30000" to element: Id with name: form_item_price
2026-01-12 22:40:12 [TestNG-test-testek-1] INFO  ActionDriver - Entered text: "" to element: Id with name: form_item_quantity
2026-01-12 22:40:12 [TestNG-test-testek-1] INFO  ActionDriver - Entered text: "" to element: Id with name: form_item_unit
2026-01-12 22:40:12 [TestNG-test-testek-1] INFO  ActionDriver - Applied the border with color green to element Id with name: form_item_category
2026-01-12 22:40:12 [TestNG-test-testek-1] INFO  ActionDriver - Element is clicked: Id with name: form_item_category
2026-01-12 22:40:13 [TestNG-test-testek-1] INFO  ActionDriver - Applied the border with color green to element Text with name: Item 1 Test_edit
2026-01-12 22:40:13 [TestNG-test-testek-1] INFO  ActionDriver - Element is clicked: Text with name: Item 1 Test_edit
2026-01-12 22:40:13 [TestNG-test-testek-1] INFO  ActionDriver - Applied the border with color green to element Id with name: form_item_supplier
2026-01-12 22:40:13 [TestNG-test-testek-1] INFO  ActionDriver - Element is clicked: Id with name: form_item_supplier
2026-01-12 22:40:14 [TestNG-test-testek-1] INFO  ActionDriver - Applied the border with color green to element Text with name: KIM CHI vukimchi023@gmail.com Auto_Hai Ba Trung, H...
2026-01-12 22:40:14 [TestNG-test-testek-1] INFO  ActionDriver - Element is clicked: Text with name: KIM CHI vukimchi023@gmail.com Auto_Hai Ba Trung, H...
2026-01-12 22:40:14 [TestNG-test-testek-1] INFO  ActionDriver - Applied the border with color green to element Text with name: Thêm
2026-01-12 22:40:14 [TestNG-test-testek-1] INFO  ActionDriver - Element is clicked: Text with name: Thêm
2026-01-12 22:40:25 [TestNG-test-testek-1] INFO  ActionDriver - Applied the border with color green to element Text with name: Sản phẩm
2026-01-12 22:40:25 [TestNG-test-testek-1] INFO  ActionDriver - Element is clicked: Text with name: Sản phẩm
2026-01-12 22:40:26 [TestNG-test-testek-1] INFO  ActionDriver - Applied the border with color green to element Text with name: Thêm sản phẩm
2026-01-12 22:40:26 [TestNG-test-testek-1] INFO  ActionDriver - Element is clicked: Text with name: Thêm sản phẩm
2026-01-12 22:40:26 [TestNG-test-testek-1] INFO  ActionDriver - Text are matching
2026-01-12 22:40:26 [TestNG-test-testek-1] INFO  ActionDriver - Entered text: "TH001" to element: Id with name: form_item_code
2026-01-12 22:40:26 [TestNG-test-testek-1] INFO  ActionDriver - Entered text: "Sản phẩm 2" to element: Id with name: form_item_name
2026-01-12 22:40:27 [TestNG-test-testek-1] INFO  ActionDriver - Entered text: "This is our best seller product" to element: Id with name: form_item_description
2026-01-12 22:40:27 [TestNG-test-testek-1] INFO  ActionDriver - Entered text: "30000" to element: Id with name: form_item_price
2026-01-12 22:40:27 [TestNG-test-testek-1] INFO  ActionDriver - Entered text: "20" to element: Id with name: form_item_quantity
2026-01-12 22:40:27 [TestNG-test-testek-1] INFO  ActionDriver - Entered text: "Chiếc" to element: Id with name: form_item_unit
2026-01-12 22:40:27 [TestNG-test-testek-1] INFO  ActionDriver - Applied the border with color green to element Id with name: form_item_category
2026-01-12 22:40:27 [TestNG-test-testek-1] INFO  ActionDriver - Element is clicked: Id with name: form_item_category
2026-01-12 22:40:28 [TestNG-test-testek-1] INFO  ActionDriver - Applied the border with color green to element Text with name: Item 1 Test_edit
2026-01-12 22:40:28 [TestNG-test-testek-1] INFO  ActionDriver - Element is clicked: Text with name: Item 1 Test_edit
2026-01-12 22:40:28 [TestNG-test-testek-1] INFO  ActionDriver - Applied the border with color green to element Id with name: form_item_supplier
2026-01-12 22:40:28 [TestNG-test-testek-1] INFO  ActionDriver - Element is clicked: Id with name: form_item_supplier
2026-01-12 22:40:29 [TestNG-test-testek-1] INFO  ActionDriver - Applied the border with color green to element Text with name: KIM CHI vukimchi023@gmail.com Auto_Hai Ba Trung, H...
2026-01-12 22:40:29 [TestNG-test-testek-1] INFO  ActionDriver - Element is clicked: Text with name: KIM CHI vukimchi023@gmail.com Auto_Hai Ba Trung, H...
2026-01-12 22:40:29 [TestNG-test-testek-1] INFO  ActionDriver - Applied the border with color green to element Text with name: Thêm
2026-01-12 22:40:29 [TestNG-test-testek-1] INFO  ActionDriver - Element is clicked: Text with name: Thêm
2026-01-12 22:40:30 [TestNG-test-testek-1] INFO  ActionDriver - Texts are matching! actualText: "Product already exists {0}"
2026-01-12 22:40:31 [TestNG-test-testek-1] INFO  BaseClass - WebDriver instance is quited
2026-01-12 22:44:57 [main] INFO  BaseClass - config.properties file loaded
2026-01-12 22:44:58 [TestNG-test-testek-1] INFO  BaseClass - Setting up WebDriver for:CreateProductPageTest
2026-01-12 22:44:59 [TestNG-test-testek-1] INFO  BaseClass - ChromeDriver instance is created
2026-01-12 22:45:00 [TestNG-test-testek-1] INFO  BaseClass - WenDriver Initialized and Browser Maximized
2026-01-12 22:45:00 [TestNG-test-testek-1] INFO  BaseClass - ActionDriver initialized for thread 36
2026-01-12 22:45:01 [TestNG-test-testek-1] INFO  ActionDriver - Entered text: "admin_com_role" to element: Id with name: normal_login_username
2026-01-12 22:45:02 [TestNG-test-testek-1] INFO  ActionDriver - Entered text: "aA12345678@" to element: Id with name: normal_login_password
2026-01-12 22:45:02 [TestNG-test-testek-1] INFO  ActionDriver - Applied the border with color green to element Text with name: Đăng nhập
2026-01-12 22:45:02 [TestNG-test-testek-1] INFO  ActionDriver - Element is clicked: Text with name: Đăng nhập
2026-01-12 22:45:04 [TestNG-test-testek-1] INFO  ActionDriver - Applied the border with color green to element Text with name: Sản phẩm
2026-01-12 22:45:04 [TestNG-test-testek-1] INFO  ActionDriver - Element is clicked: Text with name: Sản phẩm
2026-01-12 22:45:04 [TestNG-test-testek-1] INFO  ActionDriver - Applied the border with color green to element Text with name: Thêm sản phẩm
2026-01-12 22:45:04 [TestNG-test-testek-1] INFO  ActionDriver - Element is clicked: Text with name: Thêm sản phẩm
2026-01-12 22:45:05 [TestNG-test-testek-1] INFO  ActionDriver - Text are matching
2026-01-12 22:45:06 [TestNG-test-testek-1] INFO  ActionDriver - Entered text: "TH0051877989446" to element: Id with name: form_item_code
2026-01-12 22:45:06 [TestNG-test-testek-1] INFO  ActionDriver - Entered text: "Sản phẩm 2" to element: Id with name: form_item_name
2026-01-12 22:45:06 [TestNG-test-testek-1] INFO  ActionDriver - Entered text: "This is our best seller product" to element: Id with name: form_item_description
2026-01-12 22:45:06 [TestNG-test-testek-1] INFO  ActionDriver - Entered text: "30000" to element: Id with name: form_item_price
2026-01-12 22:45:06 [TestNG-test-testek-1] INFO  ActionDriver - Entered text: "20" to element: Id with name: form_item_quantity
2026-01-12 22:45:07 [TestNG-test-testek-1] INFO  ActionDriver - Entered text: "Chiếc" to element: Id with name: form_item_unit
2026-01-12 22:45:07 [TestNG-test-testek-1] INFO  ActionDriver - Applied the border with color green to element Id with name: form_item_category
2026-01-12 22:45:07 [TestNG-test-testek-1] INFO  ActionDriver - Element is clicked: Id with name: form_item_category
2026-01-12 22:45:08 [TestNG-test-testek-1] INFO  ActionDriver - Applied the border with color green to element Text with name: Item 1 Test_edit
2026-01-12 22:45:08 [TestNG-test-testek-1] INFO  ActionDriver - Element is clicked: Text with name: Item 1 Test_edit
2026-01-12 22:45:08 [TestNG-test-testek-1] INFO  ActionDriver - Applied the border with color green to element Id with name: form_item_supplier
2026-01-12 22:45:08 [TestNG-test-testek-1] INFO  ActionDriver - Element is clicked: Id with name: form_item_supplier
2026-01-12 22:45:09 [TestNG-test-testek-1] INFO  ActionDriver - Applied the border with color green to element Text with name: KIM CHI vukimchi023@gmail.com Auto_Hai Ba Trung, H...
2026-01-12 22:45:09 [TestNG-test-testek-1] INFO  ActionDriver - Element is clicked: Text with name: KIM CHI vukimchi023@gmail.com Auto_Hai Ba Trung, H...
2026-01-12 22:45:09 [TestNG-test-testek-1] INFO  ActionDriver - Applied the border with color green to element Text with name: Thêm
2026-01-12 22:45:09 [TestNG-test-testek-1] INFO  ActionDriver - Element is clicked: Text with name: Thêm
2026-01-12 22:45:11 [TestNG-test-testek-1] INFO  ActionDriver - Texts are matching! actualText: "Item 1"
2026-01-12 22:45:11 [TestNG-test-testek-1] INFO  ActionDriver - Texts are matching! actualText: "KIM CHI"
2026-01-12 22:45:11 [TestNG-test-testek-1] INFO  ActionDriver - Texts are matching! actualText: "TH0051877989446"
2026-01-12 22:45:11 [TestNG-test-testek-1] INFO  ActionDriver - Texts are matching! actualText: "Sản phẩm 2"
2026-01-12 22:45:11 [TestNG-test-testek-1] INFO  ActionDriver - Texts are matching! actualText: "This is our best seller product"
2026-01-12 22:45:11 [TestNG-test-testek-1] INFO  ActionDriver - Texts are matching! actualText: "20"
2026-01-12 22:45:11 [TestNG-test-testek-1] INFO  ActionDriver - Texts are matching! actualText: "Chiếc"
2026-01-12 22:45:11 [TestNG-test-testek-1] INFO  ActionDriver - Texts are matching! actualText: "30000"
2026-01-12 22:45:11 [TestNG-test-testek-1] INFO  ActionDriver - Applied the border with color green to element Text with name: Sản phẩm
2026-01-12 22:45:11 [TestNG-test-testek-1] INFO  ActionDriver - Element is clicked: Text with name: Sản phẩm
2026-01-12 22:45:12 [TestNG-test-testek-1] INFO  ActionDriver - Applied the border with color green to element Text with name: Thêm sản phẩm
2026-01-12 22:45:12 [TestNG-test-testek-1] INFO  ActionDriver - Element is clicked: Text with name: Thêm sản phẩm
2026-01-12 22:45:13 [TestNG-test-testek-1] INFO  ActionDriver - Text are matching
2026-01-12 22:45:14 [TestNG-test-testek-1] INFO  ActionDriver - Entered text: "" to element: Id with name: form_item_code
2026-01-12 22:45:14 [TestNG-test-testek-1] INFO  ActionDriver - Entered text: "Sản phẩm 2" to element: Id with name: form_item_name
2026-01-12 22:45:14 [TestNG-test-testek-1] INFO  ActionDriver - Entered text: "This is our best seller product" to element: Id with name: form_item_description
2026-01-12 22:45:14 [TestNG-test-testek-1] INFO  ActionDriver - Entered text: "30000" to element: Id with name: form_item_price
2026-01-12 22:45:14 [TestNG-test-testek-1] INFO  ActionDriver - Entered text: "" to element: Id with name: form_item_quantity
2026-01-12 22:45:14 [TestNG-test-testek-1] INFO  ActionDriver - Entered text: "" to element: Id with name: form_item_unit
2026-01-12 22:45:15 [TestNG-test-testek-1] INFO  ActionDriver - Applied the border with color green to element Id with name: form_item_category
2026-01-12 22:45:15 [TestNG-test-testek-1] INFO  ActionDriver - Element is clicked: Id with name: form_item_category
2026-01-12 22:45:15 [TestNG-test-testek-1] INFO  ActionDriver - Applied the border with color green to element Text with name: Item 1 Test_edit
2026-01-12 22:45:15 [TestNG-test-testek-1] INFO  ActionDriver - Element is clicked: Text with name: Item 1 Test_edit
2026-01-12 22:45:16 [TestNG-test-testek-1] INFO  ActionDriver - Applied the border with color green to element Id with name: form_item_supplier
2026-01-12 22:45:16 [TestNG-test-testek-1] INFO  ActionDriver - Element is clicked: Id with name: form_item_supplier
2026-01-12 22:45:16 [TestNG-test-testek-1] INFO  ActionDriver - Applied the border with color green to element Text with name: KIM CHI vukimchi023@gmail.com Auto_Hai Ba Trung, H...
2026-01-12 22:45:16 [TestNG-test-testek-1] INFO  ActionDriver - Element is clicked: Text with name: KIM CHI vukimchi023@gmail.com Auto_Hai Ba Trung, H...
2026-01-12 22:45:17 [TestNG-test-testek-1] INFO  ActionDriver - Applied the border with color green to element Text with name: Thêm
2026-01-12 22:45:17 [TestNG-test-testek-1] INFO  ActionDriver - Element is clicked: Text with name: Thêm
2026-01-12 22:45:17 [TestNG-test-testek-1] INFO  ActionDriver - Texts are matching! actualText: "Vui lòng nhập mã"
2026-01-12 22:45:18 [TestNG-test-testek-1] INFO  ActionDriver - Texts are matching! actualText: "Vui lòng nhập số lượng"
2026-01-12 22:45:18 [TestNG-test-testek-1] INFO  ActionDriver - Applied the border with color green to element Text with name: Sản phẩm
2026-01-12 22:45:18 [TestNG-test-testek-1] INFO  ActionDriver - Element is clicked: Text with name: Sản phẩm
2026-01-12 22:45:19 [TestNG-test-testek-1] INFO  ActionDriver - Applied the border with color green to element Text with name: Thêm sản phẩm
2026-01-12 22:45:19 [TestNG-test-testek-1] INFO  ActionDriver - Element is clicked: Text with name: Thêm sản phẩm
2026-01-12 22:45:19 [TestNG-test-testek-1] INFO  ActionDriver - Text are matching
2026-01-12 22:45:19 [TestNG-test-testek-1] INFO  ActionDriver - Entered text: "TH001" to element: Id with name: form_item_code
2026-01-12 22:45:20 [TestNG-test-testek-1] INFO  ActionDriver - Entered text: "Sản phẩm 2" to element: Id with name: form_item_name
2026-01-12 22:45:20 [TestNG-test-testek-1] INFO  ActionDriver - Entered text: "This is our best seller product" to element: Id with name: form_item_description
2026-01-12 22:45:20 [TestNG-test-testek-1] INFO  ActionDriver - Entered text: "30000" to element: Id with name: form_item_price
2026-01-12 22:45:20 [TestNG-test-testek-1] INFO  ActionDriver - Entered text: "20" to element: Id with name: form_item_quantity
2026-01-12 22:45:20 [TestNG-test-testek-1] INFO  ActionDriver - Entered text: "Chiếc" to element: Id with name: form_item_unit
2026-01-12 22:45:20 [TestNG-test-testek-1] INFO  ActionDriver - Applied the border with color green to element Id with name: form_item_category
2026-01-12 22:45:20 [TestNG-test-testek-1] INFO  ActionDriver - Element is clicked: Id with name: form_item_category
2026-01-12 22:45:21 [TestNG-test-testek-1] INFO  ActionDriver - Applied the border with color green to element Text with name: Item 1 Test_edit
2026-01-12 22:45:21 [TestNG-test-testek-1] INFO  ActionDriver - Element is clicked: Text with name: Item 1 Test_edit
2026-01-12 22:45:22 [TestNG-test-testek-1] INFO  ActionDriver - Applied the border with color green to element Id with name: form_item_supplier
2026-01-12 22:45:22 [TestNG-test-testek-1] INFO  ActionDriver - Element is clicked: Id with name: form_item_supplier
2026-01-12 22:45:22 [TestNG-test-testek-1] INFO  ActionDriver - Applied the border with color green to element Text with name: KIM CHI vukimchi023@gmail.com Auto_Hai Ba Trung, H...
2026-01-12 22:45:22 [TestNG-test-testek-1] INFO  ActionDriver - Element is clicked: Text with name: KIM CHI vukimchi023@gmail.com Auto_Hai Ba Trung, H...
2026-01-12 22:45:23 [TestNG-test-testek-1] INFO  ActionDriver - Applied the border with color green to element Text with name: Thêm
2026-01-12 22:45:23 [TestNG-test-testek-1] INFO  ActionDriver - Element is clicked: Text with name: Thêm
2026-01-12 22:45:24 [TestNG-test-testek-1] INFO  ActionDriver - Texts are matching! actualText: "Product already exists {0}"
2026-01-12 22:45:24 [TestNG-test-testek-1] INFO  BaseClass - WebDriver instance is quited
2026-01-12 22:50:12 [main] INFO  BaseClass - config.properties file loaded
2026-01-12 22:50:12 [TestNG-test-testek-1] INFO  BaseClass - Setting up WebDriver for:CreateProductPageTest
2026-01-12 22:50:14 [TestNG-test-testek-1] INFO  BaseClass - ChromeDriver instance is created
2026-01-12 22:50:15 [TestNG-test-testek-1] INFO  BaseClass - WenDriver Initialized and Browser Maximized
2026-01-12 22:50:15 [TestNG-test-testek-1] INFO  BaseClass - ActionDriver initialized for thread 34
2026-01-12 22:50:15 [TestNG-test-testek-1] INFO  ActionDriver - Entered text: "admin_com_role" to element: Id with name: normal_login_username
2026-01-12 22:50:15 [TestNG-test-testek-1] INFO  ActionDriver - Entered text: "aA12345678@" to element: Id with name: normal_login_password
2026-01-12 22:50:16 [TestNG-test-testek-1] INFO  ActionDriver - Applied the border with color green to element Text with name: Đăng nhập
2026-01-12 22:50:16 [TestNG-test-testek-1] INFO  ActionDriver - Element is clicked: Text with name: Đăng nhập
2026-01-12 22:50:17 [TestNG-test-testek-1] INFO  ActionDriver - Applied the border with color green to element Text with name: Sản phẩm
2026-01-12 22:50:17 [TestNG-test-testek-1] INFO  ActionDriver - Element is clicked: Text with name: Sản phẩm
2026-01-12 22:50:19 [TestNG-test-testek-1] INFO  ActionDriver - Applied the border with color green to element Text with name: Thêm sản phẩm
2026-01-12 22:50:19 [TestNG-test-testek-1] INFO  ActionDriver - Element is clicked: Text with name: Thêm sản phẩm
2026-01-12 22:50:19 [TestNG-test-testek-1] INFO  ActionDriver - Text are matching
2026-01-12 22:50:20 [TestNG-test-testek-1] INFO  ActionDriver - Entered text: "TH005437972518" to element: Id with name: form_item_code
2026-01-12 22:50:20 [TestNG-test-testek-1] INFO  ActionDriver - Entered text: "Sản phẩm 2" to element: Id with name: form_item_name
2026-01-12 22:50:20 [TestNG-test-testek-1] INFO  ActionDriver - Entered text: "This is our best seller product" to element: Id with name: form_item_description
2026-01-12 22:50:20 [TestNG-test-testek-1] INFO  ActionDriver - Entered text: "30000" to element: Id with name: form_item_price
2026-01-12 22:50:21 [TestNG-test-testek-1] INFO  ActionDriver - Entered text: "20" to element: Id with name: form_item_quantity
2026-01-12 22:50:21 [TestNG-test-testek-1] INFO  ActionDriver - Entered text: "Chiếc" to element: Id with name: form_item_unit
2026-01-12 22:50:21 [TestNG-test-testek-1] INFO  ActionDriver - Applied the border with color green to element Id with name: form_item_category
2026-01-12 22:50:21 [TestNG-test-testek-1] INFO  ActionDriver - Element is clicked: Id with name: form_item_category
2026-01-12 22:50:22 [TestNG-test-testek-1] INFO  ActionDriver - Applied the border with color green to element Text with name: Item 1 Test_edit
2026-01-12 22:50:22 [TestNG-test-testek-1] INFO  ActionDriver - Element is clicked: Text with name: Item 1 Test_edit
2026-01-12 22:50:22 [TestNG-test-testek-1] INFO  ActionDriver - Applied the border with color green to element Id with name: form_item_supplier
2026-01-12 22:50:22 [TestNG-test-testek-1] INFO  ActionDriver - Element is clicked: Id with name: form_item_supplier
2026-01-12 22:50:23 [TestNG-test-testek-1] INFO  ActionDriver - Applied the border with color green to element Text with name: KIM CHI vukimchi023@gmail.com Auto_Hai Ba Trung, H...
2026-01-12 22:50:23 [TestNG-test-testek-1] INFO  ActionDriver - Element is clicked: Text with name: KIM CHI vukimchi023@gmail.com Auto_Hai Ba Trung, H...
2026-01-12 22:50:24 [TestNG-test-testek-1] INFO  ActionDriver - Applied the border with color green to element Text with name: Thêm
2026-01-12 22:50:24 [TestNG-test-testek-1] INFO  ActionDriver - Element is clicked: Text with name: Thêm
2026-01-12 22:50:25 [TestNG-test-testek-1] INFO  ActionDriver - Texts are matching! actualText: "Item 1"
2026-01-12 22:50:25 [TestNG-test-testek-1] INFO  ActionDriver - Texts are matching! actualText: "KIM CHI"
2026-01-12 22:50:25 [TestNG-test-testek-1] INFO  ActionDriver - Texts are matching! actualText: "TH005437972518"
2026-01-12 22:50:25 [TestNG-test-testek-1] INFO  ActionDriver - Texts are matching! actualText: "Sản phẩm 2"
2026-01-12 22:50:25 [TestNG-test-testek-1] INFO  ActionDriver - Texts are matching! actualText: "This is our best seller product"
2026-01-12 22:50:25 [TestNG-test-testek-1] INFO  ActionDriver - Texts are matching! actualText: "20"
2026-01-12 22:50:25 [TestNG-test-testek-1] INFO  ActionDriver - Texts are matching! actualText: "Chiếc"
2026-01-12 22:50:25 [TestNG-test-testek-1] INFO  ActionDriver - Texts are matching! actualText: "30000"
2026-01-12 22:50:26 [TestNG-test-testek-1] INFO  ActionDriver - Applied the border with color green to element Text with name: Sản phẩm
2026-01-12 22:50:26 [TestNG-test-testek-1] INFO  ActionDriver - Element is clicked: Text with name: Sản phẩm
2026-01-12 22:50:27 [TestNG-test-testek-1] INFO  ActionDriver - Applied the border with color green to element Text with name: Thêm sản phẩm
2026-01-12 22:50:27 [TestNG-test-testek-1] INFO  ActionDriver - Element is clicked: Text with name: Thêm sản phẩm
2026-01-12 22:50:28 [TestNG-test-testek-1] INFO  ActionDriver - Text are matching
2026-01-12 22:50:28 [TestNG-test-testek-1] INFO  ActionDriver - Entered text: "" to element: Id with name: form_item_code
2026-01-12 22:50:29 [TestNG-test-testek-1] INFO  ActionDriver - Entered text: "Sản phẩm 2" to element: Id with name: form_item_name
2026-01-12 22:50:29 [TestNG-test-testek-1] INFO  ActionDriver - Entered text: "This is our best seller product" to element: Id with name: form_item_description
2026-01-12 22:50:29 [TestNG-test-testek-1] INFO  ActionDriver - Entered text: "30000" to element: Id with name: form_item_price
2026-01-12 22:50:29 [TestNG-test-testek-1] INFO  ActionDriver - Entered text: "" to element: Id with name: form_item_quantity
2026-01-12 22:50:29 [TestNG-test-testek-1] INFO  ActionDriver - Entered text: "" to element: Id with name: form_item_unit
2026-01-12 22:50:30 [TestNG-test-testek-1] INFO  ActionDriver - Applied the border with color green to element Id with name: form_item_category
2026-01-12 22:50:30 [TestNG-test-testek-1] INFO  ActionDriver - Element is clicked: Id with name: form_item_category
2026-01-12 22:50:30 [TestNG-test-testek-1] INFO  ActionDriver - Applied the border with color green to element Text with name: Item 1 Test_edit
2026-01-12 22:50:30 [TestNG-test-testek-1] INFO  ActionDriver - Element is clicked: Text with name: Item 1 Test_edit
2026-01-12 22:50:41 [TestNG-test-testek-1] INFO  ActionDriver - Applied the border with color red to element Classname with name: ant-select-item ant-select-item-option
2026-01-12 22:50:41 [TestNG-test-testek-1] INFO  ActionDriver - Applied the border with color green to element Text with name: Sản phẩm
2026-01-12 22:50:41 [TestNG-test-testek-1] INFO  ActionDriver - Element is clicked: Text with name: Sản phẩm
2026-01-12 22:50:42 [TestNG-test-testek-1] INFO  ActionDriver - Applied the border with color green to element Text with name: Thêm sản phẩm
2026-01-12 22:50:42 [TestNG-test-testek-1] INFO  ActionDriver - Element is clicked: Text with name: Thêm sản phẩm
2026-01-12 22:50:43 [TestNG-test-testek-1] INFO  ActionDriver - Text are matching
2026-01-12 22:50:43 [TestNG-test-testek-1] INFO  ActionDriver - Entered text: "TH001" to element: Id with name: form_item_code
2026-01-12 22:50:43 [TestNG-test-testek-1] INFO  ActionDriver - Entered text: "Sản phẩm 2" to element: Id with name: form_item_name
2026-01-12 22:50:43 [TestNG-test-testek-1] INFO  ActionDriver - Entered text: "This is our best seller product" to element: Id with name: form_item_description
2026-01-12 22:50:44 [TestNG-test-testek-1] INFO  ActionDriver - Entered text: "30000" to element: Id with name: form_item_price
2026-01-12 22:50:44 [TestNG-test-testek-1] INFO  ActionDriver - Entered text: "20" to element: Id with name: form_item_quantity
2026-01-12 22:50:44 [TestNG-test-testek-1] INFO  ActionDriver - Entered text: "Chiếc" to element: Id with name: form_item_unit
2026-01-12 22:50:44 [TestNG-test-testek-1] INFO  ActionDriver - Applied the border with color green to element Id with name: form_item_category
2026-01-12 22:50:44 [TestNG-test-testek-1] INFO  ActionDriver - Element is clicked: Id with name: form_item_category
2026-01-12 22:50:45 [TestNG-test-testek-1] INFO  ActionDriver - Applied the border with color green to element Text with name: Item 1 Test_edit
2026-01-12 22:50:45 [TestNG-test-testek-1] INFO  ActionDriver - Element is clicked: Text with name: Item 1 Test_edit
2026-01-12 22:50:45 [TestNG-test-testek-1] INFO  ActionDriver - Applied the border with color green to element Id with name: form_item_supplier
2026-01-12 22:50:45 [TestNG-test-testek-1] INFO  ActionDriver - Element is clicked: Id with name: form_item_supplier
2026-01-12 22:50:46 [TestNG-test-testek-1] INFO  ActionDriver - Applied the border with color green to element Text with name: KIM CHI vukimchi023@gmail.com Auto_Hai Ba Trung, H...
2026-01-12 22:50:46 [TestNG-test-testek-1] INFO  ActionDriver - Element is clicked: Text with name: KIM CHI vukimchi023@gmail.com Auto_Hai Ba Trung, H...
2026-01-12 22:50:46 [TestNG-test-testek-1] INFO  ActionDriver - Applied the border with color green to element Text with name: Thêm
2026-01-12 22:50:46 [TestNG-test-testek-1] INFO  ActionDriver - Element is clicked: Text with name: Thêm
2026-01-12 22:50:47 [TestNG-test-testek-1] INFO  ActionDriver - Texts are matching! actualText: "Product already exists {0}"
2026-01-12 22:50:48 [TestNG-test-testek-1] INFO  BaseClass - WebDriver instance is quited
2026-01-12 22:53:16 [main] INFO  BaseClass - config.properties file loaded
2026-01-12 22:53:16 [TestNG-test-testek-1] INFO  BaseClass - Setting up WebDriver for:CreateProductPageTest
2026-01-12 22:53:18 [TestNG-test-testek-1] INFO  BaseClass - ChromeDriver instance is created
2026-01-12 22:53:20 [TestNG-test-testek-1] INFO  BaseClass - WenDriver Initialized and Browser Maximized
2026-01-12 22:53:20 [TestNG-test-testek-1] INFO  BaseClass - ActionDriver initialized for thread 35
2026-01-12 22:53:21 [TestNG-test-testek-1] INFO  ActionDriver - Entered text: "admin_com_role" to element: Id with name: normal_login_username
2026-01-12 22:53:21 [TestNG-test-testek-1] INFO  ActionDriver - Entered text: "aA12345678@" to element: Id with name: normal_login_password
2026-01-12 22:53:21 [TestNG-test-testek-1] INFO  ActionDriver - Applied the border with color green to element Text with name: Đăng nhập
2026-01-12 22:53:21 [TestNG-test-testek-1] INFO  ActionDriver - Element is clicked: Text with name: Đăng nhập
2026-01-12 22:53:23 [TestNG-test-testek-1] INFO  ActionDriver - Applied the border with color green to element Text with name: Sản phẩm
2026-01-12 22:53:23 [TestNG-test-testek-1] INFO  ActionDriver - Element is clicked: Text with name: Sản phẩm
2026-01-12 22:53:24 [TestNG-test-testek-1] INFO  ActionDriver - Applied the border with color green to element Text with name: Thêm sản phẩm
2026-01-12 22:53:24 [TestNG-test-testek-1] INFO  ActionDriver - Element is clicked: Text with name: Thêm sản phẩm
2026-01-12 22:53:25 [TestNG-test-testek-1] INFO  ActionDriver - Text are matching
2026-01-12 22:53:25 [TestNG-test-testek-1] INFO  ActionDriver - Entered text: "TH005-831402889" to element: Id with name: form_item_code
2026-01-12 22:53:25 [TestNG-test-testek-1] INFO  ActionDriver - Entered text: "Sản phẩm 2" to element: Id with name: form_item_name
2026-01-12 22:53:25 [TestNG-test-testek-1] INFO  ActionDriver - Entered text: "This is our best seller product" to element: Id with name: form_item_description
2026-01-12 22:53:25 [TestNG-test-testek-1] INFO  ActionDriver - Entered text: "30000" to element: Id with name: form_item_price
2026-01-12 22:53:26 [TestNG-test-testek-1] INFO  ActionDriver - Entered text: "20" to element: Id with name: form_item_quantity
2026-01-12 22:53:26 [TestNG-test-testek-1] INFO  ActionDriver - Entered text: "Chiếc" to element: Id with name: form_item_unit
2026-01-12 22:53:26 [TestNG-test-testek-1] INFO  ActionDriver - Applied the border with color green to element Id with name: form_item_category
2026-01-12 22:53:26 [TestNG-test-testek-1] INFO  ActionDriver - Element is clicked: Id with name: form_item_category
2026-01-12 22:53:27 [TestNG-test-testek-1] INFO  ActionDriver - Applied the border with color green to element Text with name: Item 1 Test_edit
2026-01-12 22:53:27 [TestNG-test-testek-1] INFO  ActionDriver - Element is clicked: Text with name: Item 1 Test_edit
2026-01-12 22:53:27 [TestNG-test-testek-1] INFO  ActionDriver - Applied the border with color green to element Id with name: form_item_supplier
2026-01-12 22:53:27 [TestNG-test-testek-1] INFO  ActionDriver - Element is clicked: Id with name: form_item_supplier
2026-01-12 22:53:28 [TestNG-test-testek-1] INFO  ActionDriver - Applied the border with color green to element Text with name: KIM CHI vukimchi023@gmail.com Auto_Hai Ba Trung, H...
2026-01-12 22:53:28 [TestNG-test-testek-1] INFO  ActionDriver - Element is clicked: Text with name: KIM CHI vukimchi023@gmail.com Auto_Hai Ba Trung, H...
2026-01-12 22:53:29 [TestNG-test-testek-1] INFO  ActionDriver - Applied the border with color green to element Text with name: Thêm
2026-01-12 22:53:29 [TestNG-test-testek-1] INFO  ActionDriver - Element is clicked: Text with name: Thêm
2026-01-12 22:53:30 [TestNG-test-testek-1] INFO  ActionDriver - Texts are matching! actualText: "Item 1"
2026-01-12 22:53:30 [TestNG-test-testek-1] INFO  ActionDriver - Texts are matching! actualText: "KIM CHI"
2026-01-12 22:53:30 [TestNG-test-testek-1] INFO  ActionDriver - Texts are matching! actualText: "TH005-831402889"
2026-01-12 22:53:30 [TestNG-test-testek-1] INFO  ActionDriver - Texts are matching! actualText: "Sản phẩm 2"
2026-01-12 22:53:30 [TestNG-test-testek-1] INFO  ActionDriver - Texts are matching! actualText: "This is our best seller product"
2026-01-12 22:53:30 [TestNG-test-testek-1] INFO  ActionDriver - Texts are matching! actualText: "20"
2026-01-12 22:53:30 [TestNG-test-testek-1] INFO  ActionDriver - Texts are matching! actualText: "Chiếc"
2026-01-12 22:53:30 [TestNG-test-testek-1] INFO  ActionDriver - Texts are matching! actualText: "30000"
2026-01-12 22:53:30 [TestNG-test-testek-1] INFO  ActionDriver - Applied the border with color green to element Text with name: Sản phẩm
2026-01-12 22:53:30 [TestNG-test-testek-1] INFO  ActionDriver - Element is clicked: Text with name: Sản phẩm
2026-01-12 22:53:31 [TestNG-test-testek-1] INFO  ActionDriver - Applied the border with color green to element Text with name: Thêm sản phẩm
2026-01-12 22:53:31 [TestNG-test-testek-1] INFO  ActionDriver - Element is clicked: Text with name: Thêm sản phẩm
2026-01-12 22:53:32 [TestNG-test-testek-1] INFO  ActionDriver - Text are matching
2026-01-12 22:53:32 [TestNG-test-testek-1] INFO  ActionDriver - Entered text: "" to element: Id with name: form_item_code
2026-01-12 22:53:32 [TestNG-test-testek-1] INFO  ActionDriver - Entered text: "Sản phẩm 2" to element: Id with name: form_item_name
2026-01-12 22:53:33 [TestNG-test-testek-1] INFO  ActionDriver - Entered text: "This is our best seller product" to element: Id with name: form_item_description
2026-01-12 22:53:33 [TestNG-test-testek-1] INFO  ActionDriver - Entered text: "30000" to element: Id with name: form_item_price
2026-01-12 22:53:33 [TestNG-test-testek-1] INFO  ActionDriver - Entered text: "" to element: Id with name: form_item_quantity
2026-01-12 22:53:33 [TestNG-test-testek-1] INFO  ActionDriver - Entered text: "" to element: Id with name: form_item_unit
2026-01-12 22:53:33 [TestNG-test-testek-1] INFO  ActionDriver - Applied the border with color green to element Id with name: form_item_category
2026-01-12 22:53:33 [TestNG-test-testek-1] INFO  ActionDriver - Element is clicked: Id with name: form_item_category
2026-01-12 22:53:34 [TestNG-test-testek-1] INFO  ActionDriver - Applied the border with color green to element Text with name: Item 1 Test_edit
2026-01-12 22:53:34 [TestNG-test-testek-1] INFO  ActionDriver - Element is clicked: Text with name: Item 1 Test_edit
2026-01-12 22:53:35 [TestNG-test-testek-1] INFO  ActionDriver - Applied the border with color green to element Id with name: form_item_supplier
2026-01-12 22:53:35 [TestNG-test-testek-1] INFO  ActionDriver - Element is clicked: Id with name: form_item_supplier
2026-01-12 22:53:35 [TestNG-test-testek-1] INFO  ActionDriver - Applied the border with color green to element Text with name: KIM CHI vukimchi023@gmail.com Auto_Hai Ba Trung, H...
2026-01-12 22:53:35 [TestNG-test-testek-1] INFO  ActionDriver - Element is clicked: Text with name: KIM CHI vukimchi023@gmail.com Auto_Hai Ba Trung, H...
2026-01-12 22:53:36 [TestNG-test-testek-1] INFO  ActionDriver - Applied the border with color green to element Text with name: Thêm
2026-01-12 22:53:36 [TestNG-test-testek-1] INFO  ActionDriver - Element is clicked: Text with name: Thêm
2026-01-12 22:53:36 [TestNG-test-testek-1] INFO  ActionDriver - Texts are matching! actualText: "Vui lòng nhập mã"
2026-01-12 22:53:36 [TestNG-test-testek-1] INFO  ActionDriver - Texts are matching! actualText: "Vui lòng nhập số lượng"
2026-01-12 22:53:37 [TestNG-test-testek-1] INFO  ActionDriver - Applied the border with color green to element Text with name: Sản phẩm
2026-01-12 22:53:37 [TestNG-test-testek-1] INFO  ActionDriver - Element is clicked: Text with name: Sản phẩm
2026-01-12 22:53:37 [TestNG-test-testek-1] INFO  ActionDriver - Applied the border with color green to element Text with name: Thêm sản phẩm
2026-01-12 22:53:37 [TestNG-test-testek-1] INFO  ActionDriver - Element is clicked: Text with name: Thêm sản phẩm
2026-01-12 22:53:38 [TestNG-test-testek-1] INFO  ActionDriver - Text are matching
2026-01-12 22:53:38 [TestNG-test-testek-1] INFO  ActionDriver - Entered text: "TH001" to element: Id with name: form_item_code
2026-01-12 22:53:38 [TestNG-test-testek-1] INFO  ActionDriver - Entered text: "Sản phẩm 2" to element: Id with name: form_item_name
2026-01-12 22:53:39 [TestNG-test-testek-1] INFO  ActionDriver - Entered text: "This is our best seller product" to element: Id with name: form_item_description
2026-01-12 22:53:39 [TestNG-test-testek-1] INFO  ActionDriver - Entered text: "30000" to element: Id with name: form_item_price
2026-01-12 22:53:39 [TestNG-test-testek-1] INFO  ActionDriver - Entered text: "20" to element: Id with name: form_item_quantity
2026-01-12 22:53:39 [TestNG-test-testek-1] INFO  ActionDriver - Entered text: "Chiếc" to element: Id with name: form_item_unit
2026-01-12 22:53:39 [TestNG-test-testek-1] INFO  ActionDriver - Applied the border with color green to element Id with name: form_item_category
2026-01-12 22:53:39 [TestNG-test-testek-1] INFO  ActionDriver - Element is clicked: Id with name: form_item_category
2026-01-12 22:53:40 [TestNG-test-testek-1] INFO  ActionDriver - Applied the border with color green to element Text with name: Item 1 Test_edit
2026-01-12 22:53:40 [TestNG-test-testek-1] INFO  ActionDriver - Element is clicked: Text with name: Item 1 Test_edit
2026-01-12 22:53:40 [TestNG-test-testek-1] INFO  ActionDriver - Applied the border with color green to element Id with name: form_item_supplier
2026-01-12 22:53:40 [TestNG-test-testek-1] INFO  ActionDriver - Element is clicked: Id with name: form_item_supplier
2026-01-12 22:53:41 [TestNG-test-testek-1] INFO  ActionDriver - Applied the border with color green to element Text with name: KIM CHI vukimchi023@gmail.com Auto_Hai Ba Trung, H...
2026-01-12 22:53:41 [TestNG-test-testek-1] INFO  ActionDriver - Element is clicked: Text with name: KIM CHI vukimchi023@gmail.com Auto_Hai Ba Trung, H...
2026-01-12 22:53:41 [TestNG-test-testek-1] INFO  ActionDriver - Applied the border with color green to element Text with name: Thêm
2026-01-12 22:53:41 [TestNG-test-testek-1] INFO  ActionDriver - Element is clicked: Text with name: Thêm
2026-01-12 22:53:42 [TestNG-test-testek-1] INFO  ActionDriver - Texts are matching! actualText: "Product already exists {0}"
2026-01-12 22:53:43 [TestNG-test-testek-1] INFO  BaseClass - WebDriver instance is quited
2026-01-12 22:56:53 [main] INFO  BaseClass - config.properties file loaded
2026-01-12 22:56:53 [TestNG-test-testek-1] INFO  BaseClass - Setting up WebDriver for:CreateProductPageTest
2026-01-12 22:56:54 [TestNG-test-testek-1] INFO  BaseClass - ChromeDriver instance is created
2026-01-12 22:56:55 [TestNG-test-testek-1] INFO  BaseClass - WenDriver Initialized and Browser Maximized
2026-01-12 22:56:55 [TestNG-test-testek-1] INFO  BaseClass - ActionDriver initialized for thread 34
2026-01-12 22:56:56 [TestNG-test-testek-1] INFO  ActionDriver - Entered text: "admin_com_role" to element: Id with name: normal_login_username
2026-01-12 22:56:56 [TestNG-test-testek-1] INFO  ActionDriver - Entered text: "aA12345678@" to element: Id with name: normal_login_password
2026-01-12 22:56:56 [TestNG-test-testek-1] INFO  ActionDriver - Applied the border with color green to element Text with name: Đăng nhập
2026-01-12 22:56:56 [TestNG-test-testek-1] INFO  ActionDriver - Element is clicked: Text with name: Đăng nhập
2026-01-12 22:56:58 [TestNG-test-testek-1] INFO  ActionDriver - Applied the border with color green to element Text with name: Sản phẩm
2026-01-12 22:56:58 [TestNG-test-testek-1] INFO  ActionDriver - Element is clicked: Text with name: Sản phẩm
2026-01-12 22:56:59 [TestNG-test-testek-1] INFO  ActionDriver - Applied the border with color green to element Text with name: Thêm sản phẩm
2026-01-12 22:56:59 [TestNG-test-testek-1] INFO  ActionDriver - Element is clicked: Text with name: Thêm sản phẩm
2026-01-12 22:56:59 [TestNG-test-testek-1] INFO  ActionDriver - Text are matching
2026-01-12 22:57:00 [TestNG-test-testek-1] INFO  ActionDriver - Entered text: "TH005-448834881" to element: Id with name: form_item_code
2026-01-12 22:57:00 [TestNG-test-testek-1] INFO  ActionDriver - Entered text: "Sản phẩm 2" to element: Id with name: form_item_name
2026-01-12 22:57:00 [TestNG-test-testek-1] INFO  ActionDriver - Entered text: "This is our best seller product" to element: Id with name: form_item_description
2026-01-12 22:57:00 [TestNG-test-testek-1] INFO  ActionDriver - Entered text: "30000" to element: Id with name: form_item_price
2026-01-12 22:57:01 [TestNG-test-testek-1] INFO  ActionDriver - Entered text: "20" to element: Id with name: form_item_quantity
2026-01-12 22:57:01 [TestNG-test-testek-1] INFO  ActionDriver - Entered text: "Chiếc" to element: Id with name: form_item_unit
2026-01-12 22:57:01 [TestNG-test-testek-1] INFO  ActionDriver - Applied the border with color green to element Id with name: form_item_category
2026-01-12 22:57:01 [TestNG-test-testek-1] INFO  ActionDriver - Element is clicked: Id with name: form_item_category
2026-01-12 22:57:02 [TestNG-test-testek-1] INFO  ActionDriver - Applied the border with color green to element Text with name: Item 1 Test_edit
2026-01-12 22:57:02 [TestNG-test-testek-1] INFO  ActionDriver - Element is clicked: Text with name: Item 1 Test_edit
2026-01-12 22:57:02 [TestNG-test-testek-1] INFO  ActionDriver - Applied the border with color green to element Id with name: form_item_supplier
2026-01-12 22:57:02 [TestNG-test-testek-1] INFO  ActionDriver - Element is clicked: Id with name: form_item_supplier
2026-01-12 22:57:03 [TestNG-test-testek-1] INFO  ActionDriver - Applied the border with color green to element Text with name: KIM CHI vukimchi023@gmail.com Auto_Hai Ba Trung, H...
2026-01-12 22:57:03 [TestNG-test-testek-1] INFO  ActionDriver - Element is clicked: Text with name: KIM CHI vukimchi023@gmail.com Auto_Hai Ba Trung, H...
2026-01-12 22:57:04 [TestNG-test-testek-1] INFO  ActionDriver - Applied the border with color green to element Text with name: Thêm
2026-01-12 22:57:04 [TestNG-test-testek-1] INFO  ActionDriver - Element is clicked: Text with name: Thêm
2026-01-12 22:57:05 [TestNG-test-testek-1] INFO  ActionDriver - Texts are matching! actualText: "Item 1"
2026-01-12 22:57:05 [TestNG-test-testek-1] INFO  ActionDriver - Texts are matching! actualText: "KIM CHI"
2026-01-12 22:57:05 [TestNG-test-testek-1] INFO  ActionDriver - Texts are matching! actualText: "TH005-448834881"
2026-01-12 22:57:05 [TestNG-test-testek-1] INFO  ActionDriver - Texts are matching! actualText: "Sản phẩm 2"
2026-01-12 22:57:05 [TestNG-test-testek-1] INFO  ActionDriver - Texts are matching! actualText: "This is our best seller product"
2026-01-12 22:57:05 [TestNG-test-testek-1] INFO  ActionDriver - Texts are matching! actualText: "20"
2026-01-12 22:57:05 [TestNG-test-testek-1] INFO  ActionDriver - Texts are matching! actualText: "Chiếc"
2026-01-12 22:57:05 [TestNG-test-testek-1] INFO  ActionDriver - Texts are matching! actualText: "30000"
2026-01-12 22:57:06 [TestNG-test-testek-1] INFO  ActionDriver - Applied the border with color green to element Text with name: Sản phẩm
2026-01-12 22:57:06 [TestNG-test-testek-1] INFO  ActionDriver - Element is clicked: Text with name: Sản phẩm
2026-01-12 22:57:07 [TestNG-test-testek-1] INFO  ActionDriver - Applied the border with color green to element Text with name: Thêm sản phẩm
2026-01-12 22:57:07 [TestNG-test-testek-1] INFO  ActionDriver - Element is clicked: Text with name: Thêm sản phẩm
2026-01-12 22:57:07 [TestNG-test-testek-1] INFO  ActionDriver - Text are matching
2026-01-12 22:57:08 [TestNG-test-testek-1] INFO  ActionDriver - Entered text: "" to element: Id with name: form_item_code
2026-01-12 22:57:08 [TestNG-test-testek-1] INFO  ActionDriver - Entered text: "Sản phẩm 2" to element: Id with name: form_item_name
2026-01-12 22:57:08 [TestNG-test-testek-1] INFO  ActionDriver - Entered text: "This is our best seller product" to element: Id with name: form_item_description
2026-01-12 22:57:08 [TestNG-test-testek-1] INFO  ActionDriver - Entered text: "30000" to element: Id with name: form_item_price
2026-01-12 22:57:08 [TestNG-test-testek-1] INFO  ActionDriver - Entered text: "" to element: Id with name: form_item_quantity
2026-01-12 22:57:09 [TestNG-test-testek-1] INFO  ActionDriver - Entered text: "12" to element: Id with name: form_item_unit
2026-01-12 22:57:09 [TestNG-test-testek-1] INFO  ActionDriver - Applied the border with color green to element Id with name: form_item_category
2026-01-12 22:57:09 [TestNG-test-testek-1] INFO  ActionDriver - Element is clicked: Id with name: form_item_category
2026-01-12 22:57:09 [TestNG-test-testek-1] INFO  ActionDriver - Applied the border with color green to element Text with name: Item 1 Test_edit
2026-01-12 22:57:09 [TestNG-test-testek-1] INFO  ActionDriver - Element is clicked: Text with name: Item 1 Test_edit
2026-01-12 22:57:10 [TestNG-test-testek-1] INFO  ActionDriver - Applied the border with color green to element Id with name: form_item_supplier
2026-01-12 22:57:10 [TestNG-test-testek-1] INFO  ActionDriver - Element is clicked: Id with name: form_item_supplier
2026-01-12 22:57:11 [TestNG-test-testek-1] INFO  ActionDriver - Applied the border with color green to element Text with name: KIM CHI vukimchi023@gmail.com Auto_Hai Ba Trung, H...
2026-01-12 22:57:11 [TestNG-test-testek-1] INFO  ActionDriver - Element is clicked: Text with name: KIM CHI vukimchi023@gmail.com Auto_Hai Ba Trung, H...
2026-01-12 22:57:12 [TestNG-test-testek-1] INFO  ActionDriver - Applied the border with color green to element Text with name: Thêm
2026-01-12 22:57:12 [TestNG-test-testek-1] INFO  ActionDriver - Element is clicked: Text with name: Thêm
2026-01-12 22:57:12 [TestNG-test-testek-1] INFO  ActionDriver - Texts are matching! actualText: "Vui lòng nhập mã"
2026-01-12 22:57:12 [TestNG-test-testek-1] INFO  ActionDriver - Texts are matching! actualText: "Vui lòng nhập số lượng"
2026-01-12 22:57:13 [TestNG-test-testek-1] INFO  ActionDriver - Applied the border with color green to element Text with name: Sản phẩm
2026-01-12 22:57:13 [TestNG-test-testek-1] INFO  ActionDriver - Element is clicked: Text with name: Sản phẩm
2026-01-12 22:57:14 [TestNG-test-testek-1] INFO  ActionDriver - Applied the border with color green to element Text with name: Thêm sản phẩm
2026-01-12 22:57:14 [TestNG-test-testek-1] INFO  ActionDriver - Element is clicked: Text with name: Thêm sản phẩm
2026-01-12 22:57:14 [TestNG-test-testek-1] INFO  ActionDriver - Text are matching
2026-01-12 22:57:14 [TestNG-test-testek-1] INFO  ActionDriver - Entered text: "TH001" to element: Id with name: form_item_code
2026-01-12 22:57:15 [TestNG-test-testek-1] INFO  ActionDriver - Entered text: "Sản phẩm 2" to element: Id with name: form_item_name
2026-01-12 22:57:15 [TestNG-test-testek-1] INFO  ActionDriver - Entered text: "This is our best seller product" to element: Id with name: form_item_description
2026-01-12 22:57:15 [TestNG-test-testek-1] INFO  ActionDriver - Entered text: "30000" to element: Id with name: form_item_price
2026-01-12 22:57:15 [TestNG-test-testek-1] INFO  ActionDriver - Entered text: "20" to element: Id with name: form_item_quantity
2026-01-12 22:57:15 [TestNG-test-testek-1] INFO  ActionDriver - Entered text: "Chiếc" to element: Id with name: form_item_unit
2026-01-12 22:57:15 [TestNG-test-testek-1] INFO  ActionDriver - Applied the border with color green to element Id with name: form_item_category
2026-01-12 22:57:15 [TestNG-test-testek-1] INFO  ActionDriver - Element is clicked: Id with name: form_item_category
2026-01-12 22:57:16 [TestNG-test-testek-1] INFO  ActionDriver - Applied the border with color green to element Text with name: Item 1 Test_edit
2026-01-12 22:57:16 [TestNG-test-testek-1] INFO  ActionDriver - Element is clicked: Text with name: Item 1 Test_edit
2026-01-12 22:57:17 [TestNG-test-testek-1] INFO  ActionDriver - Applied the border with color green to element Id with name: form_item_supplier
2026-01-12 22:57:17 [TestNG-test-testek-1] INFO  ActionDriver - Element is clicked: Id with name: form_item_supplier
2026-01-12 22:57:17 [TestNG-test-testek-1] INFO  ActionDriver - Applied the border with color green to element Text with name: KIM CHI vukimchi023@gmail.com Auto_Hai Ba Trung, H...
2026-01-12 22:57:17 [TestNG-test-testek-1] INFO  ActionDriver - Element is clicked: Text with name: KIM CHI vukimchi023@gmail.com Auto_Hai Ba Trung, H...
2026-01-12 22:57:18 [TestNG-test-testek-1] INFO  ActionDriver - Applied the border with color green to element Text with name: Thêm
2026-01-12 22:57:18 [TestNG-test-testek-1] INFO  ActionDriver - Element is clicked: Text with name: Thêm
2026-01-12 22:57:19 [TestNG-test-testek-1] INFO  ActionDriver - Texts are matching! actualText: "Product already exists {0}"
2026-01-12 22:57:19 [TestNG-test-testek-1] INFO  BaseClass - WebDriver instance is quited
2026-01-14 21:48:51 [main] INFO  BaseClass - config.properties file loaded
2026-01-14 21:48:52 [TestNG-test-testek-1] INFO  BaseClass - Setting up WebDriver for:CreateProductPageTest
2026-01-14 21:48:57 [TestNG-test-testek-1] INFO  BaseClass - ChromeDriver instance is created
2026-01-14 21:48:57 [TestNG-test-testek-1] INFO  BaseClass - WenDriver Initialized and Browser Maximized
2026-01-14 21:48:57 [TestNG-test-testek-1] INFO  BaseClass - ActionDriver initialized for thread 35
2026-01-14 21:49:00 [TestNG-test-testek-1] INFO  ActionDriver - Entered text: "admin_com_role" to element: Id with name: normal_login_username
2026-01-14 21:49:00 [TestNG-test-testek-1] INFO  ActionDriver - Entered text: "aA12345678@" to element: Id with name: normal_login_password
2026-01-14 21:49:00 [TestNG-test-testek-1] INFO  ActionDriver - Applied the border with color green to element Text with name: Đăng nhập
2026-01-14 21:49:00 [TestNG-test-testek-1] INFO  ActionDriver - Element is clicked: Text with name: Đăng nhập
2026-01-14 21:49:02 [TestNG-test-testek-1] INFO  ActionDriver - Applied the border with color green to element Text with name: Sản phẩm
2026-01-14 21:49:02 [TestNG-test-testek-1] INFO  ActionDriver - Element is clicked: Text with name: Sản phẩm
2026-01-14 21:49:03 [TestNG-test-testek-1] INFO  ActionDriver - Applied the border with color green to element Text with name: Thêm sản phẩm
2026-01-14 21:49:03 [TestNG-test-testek-1] INFO  ActionDriver - Element is clicked: Text with name: Thêm sản phẩm
2026-01-14 21:49:04 [TestNG-test-testek-1] INFO  ActionDriver - Text are matching
2026-01-14 21:49:04 [TestNG-test-testek-1] INFO  ActionDriver - Entered text: "TH0051411654492" to element: Id with name: form_item_code
2026-01-14 21:49:04 [TestNG-test-testek-1] INFO  ActionDriver - Entered text: "Sản phẩm 2" to element: Id with name: form_item_name
2026-01-14 21:49:04 [TestNG-test-testek-1] INFO  ActionDriver - Entered text: "This is our best seller product" to element: Id with name: form_item_description
2026-01-14 21:49:05 [TestNG-test-testek-1] INFO  ActionDriver - Entered text: "30000" to element: Id with name: form_item_price
2026-01-14 21:49:05 [TestNG-test-testek-1] INFO  ActionDriver - Entered text: "20" to element: Id with name: form_item_quantity
2026-01-14 21:49:05 [TestNG-test-testek-1] INFO  ActionDriver - Entered text: "Chiếc" to element: Id with name: form_item_unit
2026-01-14 21:49:05 [TestNG-test-testek-1] INFO  ActionDriver - Applied the border with color green to element Id with name: form_item_category
2026-01-14 21:49:05 [TestNG-test-testek-1] INFO  ActionDriver - Element is clicked: Id with name: form_item_category
2026-01-14 21:49:06 [TestNG-test-testek-1] INFO  ActionDriver - Applied the border with color green to element Text with name: Item 1 Test_edit
2026-01-14 21:49:06 [TestNG-test-testek-1] INFO  ActionDriver - Element is clicked: Text with name: Item 1 Test_edit
2026-01-14 21:49:06 [TestNG-test-testek-1] INFO  ActionDriver - Applied the border with color green to element Id with name: form_item_supplier
2026-01-14 21:49:06 [TestNG-test-testek-1] INFO  ActionDriver - Element is clicked: Id with name: form_item_supplier
2026-01-14 21:49:07 [TestNG-test-testek-1] INFO  ActionDriver - Applied the border with color green to element Text with name: KIM CHI vukimchi023@gmail.com Auto_Hai Ba Trung, H...
2026-01-14 21:49:07 [TestNG-test-testek-1] INFO  ActionDriver - Element is clicked: Text with name: KIM CHI vukimchi023@gmail.com Auto_Hai Ba Trung, H...
2026-01-14 21:49:08 [TestNG-test-testek-1] INFO  ActionDriver - Applied the border with color green to element Text with name: Thêm
2026-01-14 21:49:08 [TestNG-test-testek-1] INFO  ActionDriver - Element is clicked: Text with name: Thêm
2026-01-14 21:49:09 [TestNG-test-testek-1] INFO  ActionDriver - Texts are matching! actualText: "Item 1"
2026-01-14 21:49:09 [TestNG-test-testek-1] INFO  ActionDriver - Texts are matching! actualText: "KIM CHI"
2026-01-14 21:49:09 [TestNG-test-testek-1] INFO  ActionDriver - Texts are matching! actualText: "TH0051411654492"
2026-01-14 21:49:09 [TestNG-test-testek-1] INFO  ActionDriver - Texts are matching! actualText: "Sản phẩm 2"
2026-01-14 21:49:09 [TestNG-test-testek-1] INFO  ActionDriver - Texts are matching! actualText: "This is our best seller product"
2026-01-14 21:49:09 [TestNG-test-testek-1] INFO  ActionDriver - Texts are matching! actualText: "20"
2026-01-14 21:49:09 [TestNG-test-testek-1] INFO  ActionDriver - Texts are matching! actualText: "Chiếc"
2026-01-14 21:49:09 [TestNG-test-testek-1] INFO  ActionDriver - Texts are matching! actualText: "30000"
2026-01-14 21:49:10 [TestNG-test-testek-1] INFO  ActionDriver - Applied the border with color green to element Text with name: Sản phẩm
2026-01-14 21:49:10 [TestNG-test-testek-1] INFO  ActionDriver - Element is clicked: Text with name: Sản phẩm
2026-01-14 21:49:11 [TestNG-test-testek-1] INFO  ActionDriver - Applied the border with color green to element Text with name: Thêm sản phẩm
2026-01-14 21:49:11 [TestNG-test-testek-1] INFO  ActionDriver - Element is clicked: Text with name: Thêm sản phẩm
2026-01-14 21:49:12 [TestNG-test-testek-1] INFO  ActionDriver - Text are matching
2026-01-14 21:49:12 [TestNG-test-testek-1] INFO  ActionDriver - Entered text: "TH001" to element: Id with name: form_item_code
2026-01-14 21:49:12 [TestNG-test-testek-1] INFO  ActionDriver - Entered text: "Sản phẩm 2" to element: Id with name: form_item_name
2026-01-14 21:49:12 [TestNG-test-testek-1] INFO  ActionDriver - Entered text: "This is our best seller product" to element: Id with name: form_item_description
2026-01-14 21:49:13 [TestNG-test-testek-1] INFO  ActionDriver - Entered text: "30000" to element: Id with name: form_item_price
2026-01-14 21:49:13 [TestNG-test-testek-1] INFO  ActionDriver - Entered text: "20" to element: Id with name: form_item_quantity
2026-01-14 21:49:13 [TestNG-test-testek-1] INFO  ActionDriver - Entered text: "Chiếc" to element: Id with name: form_item_unit
2026-01-14 21:49:13 [TestNG-test-testek-1] INFO  ActionDriver - Applied the border with color green to element Id with name: form_item_category
2026-01-14 21:49:13 [TestNG-test-testek-1] INFO  ActionDriver - Element is clicked: Id with name: form_item_category
2026-01-14 21:49:14 [TestNG-test-testek-1] INFO  ActionDriver - Applied the border with color green to element Text with name: Item 1 Test_edit
2026-01-14 21:49:14 [TestNG-test-testek-1] INFO  ActionDriver - Element is clicked: Text with name: Item 1 Test_edit
2026-01-14 21:49:14 [TestNG-test-testek-1] INFO  ActionDriver - Applied the border with color green to element Id with name: form_item_supplier
2026-01-14 21:49:14 [TestNG-test-testek-1] INFO  ActionDriver - Element is clicked: Id with name: form_item_supplier
2026-01-14 21:49:15 [TestNG-test-testek-1] INFO  ActionDriver - Applied the border with color green to element Text with name: KIM CHI vukimchi023@gmail.com Auto_Hai Ba Trung, H...
2026-01-14 21:49:15 [TestNG-test-testek-1] INFO  ActionDriver - Element is clicked: Text with name: KIM CHI vukimchi023@gmail.com Auto_Hai Ba Trung, H...
2026-01-14 21:49:16 [TestNG-test-testek-1] INFO  ActionDriver - Applied the border with color green to element Text with name: Thêm
2026-01-14 21:49:16 [TestNG-test-testek-1] INFO  ActionDriver - Element is clicked: Text with name: Thêm
2026-01-14 21:49:17 [TestNG-test-testek-1] INFO  ActionDriver - Texts are matching! actualText: "Product already exists {0}"
2026-01-14 21:49:22 [TestNG-test-testek-1] INFO  BaseClass - WebDriver instance is quited
2026-01-14 21:50:29 [main] INFO  BaseClass - config.properties file loaded
2026-01-14 21:50:29 [TestNG-test-testek-1] INFO  BaseClass - Setting up WebDriver for:CreateProductPageTest
2026-01-14 21:50:31 [TestNG-test-testek-1] INFO  BaseClass - ChromeDriver instance is created
2026-01-14 21:50:31 [TestNG-test-testek-1] INFO  BaseClass - WenDriver Initialized and Browser Maximized
2026-01-14 21:50:31 [TestNG-test-testek-1] INFO  BaseClass - ActionDriver initialized for thread 35
2026-01-14 21:50:34 [TestNG-test-testek-1] INFO  ActionDriver - Entered text: "admin_com_role" to element: Id with name: normal_login_username
2026-01-14 21:50:35 [TestNG-test-testek-1] INFO  ActionDriver - Entered text: "aA12345678@" to element: Id with name: normal_login_password
2026-01-14 21:50:35 [TestNG-test-testek-1] INFO  ActionDriver - Applied the border with color green to element Text with name: Đăng nhập
2026-01-14 21:50:35 [TestNG-test-testek-1] INFO  ActionDriver - Element is clicked: Text with name: Đăng nhập
2026-01-14 21:50:36 [TestNG-test-testek-1] INFO  ActionDriver - Applied the border with color green to element Text with name: Sản phẩm
2026-01-14 21:50:36 [TestNG-test-testek-1] INFO  ActionDriver - Element is clicked: Text with name: Sản phẩm
2026-01-14 21:50:38 [TestNG-test-testek-1] INFO  ActionDriver - Applied the border with color green to element Text with name: Thêm sản phẩm
2026-01-14 21:50:38 [TestNG-test-testek-1] INFO  ActionDriver - Element is clicked: Text with name: Thêm sản phẩm
2026-01-14 21:50:38 [TestNG-test-testek-1] INFO  ActionDriver - Text are matching
2026-01-14 21:50:39 [TestNG-test-testek-1] INFO  ActionDriver - Entered text: "TH005515604946" to element: Id with name: form_item_code
2026-01-14 21:50:39 [TestNG-test-testek-1] INFO  ActionDriver - Entered text: "Sản phẩm 2" to element: Id with name: form_item_name
2026-01-14 21:50:39 [TestNG-test-testek-1] INFO  ActionDriver - Entered text: "This is our best seller product" to element: Id with name: form_item_description
2026-01-14 21:50:40 [TestNG-test-testek-1] INFO  ActionDriver - Entered text: "30000" to element: Id with name: form_item_price
2026-01-14 21:50:40 [TestNG-test-testek-1] INFO  ActionDriver - Entered text: "20" to element: Id with name: form_item_quantity
2026-01-14 21:50:40 [TestNG-test-testek-1] INFO  ActionDriver - Entered text: "Chiếc" to element: Id with name: form_item_unit
2026-01-14 21:50:40 [TestNG-test-testek-1] INFO  ActionDriver - Applied the border with color green to element Id with name: form_item_category
2026-01-14 21:50:40 [TestNG-test-testek-1] INFO  ActionDriver - Element is clicked: Id with name: form_item_category
2026-01-14 21:50:41 [TestNG-test-testek-1] INFO  ActionDriver - Applied the border with color green to element Text with name: Item 1 Test_edit
2026-01-14 21:50:41 [TestNG-test-testek-1] INFO  ActionDriver - Element is clicked: Text with name: Item 1 Test_edit
2026-01-14 21:50:42 [TestNG-test-testek-1] INFO  ActionDriver - Applied the border with color green to element Id with name: form_item_supplier
2026-01-14 21:50:42 [TestNG-test-testek-1] INFO  ActionDriver - Element is clicked: Id with name: form_item_supplier
2026-01-14 21:50:43 [TestNG-test-testek-1] INFO  ActionDriver - Applied the border with color green to element Text with name: KIM CHI vukimchi023@gmail.com Auto_Hai Ba Trung, H...
2026-01-14 21:50:43 [TestNG-test-testek-1] INFO  ActionDriver - Element is clicked: Text with name: KIM CHI vukimchi023@gmail.com Auto_Hai Ba Trung, H...
2026-01-14 21:50:44 [TestNG-test-testek-1] INFO  ActionDriver - Applied the border with color green to element Text with name: Thêm
2026-01-14 21:50:44 [TestNG-test-testek-1] INFO  ActionDriver - Element is clicked: Text with name: Thêm
2026-01-14 21:50:45 [TestNG-test-testek-1] INFO  ActionDriver - Texts are matching! actualText: "Item 1"
2026-01-14 21:50:45 [TestNG-test-testek-1] INFO  ActionDriver - Texts are matching! actualText: "KIM CHI"
2026-01-14 21:50:45 [TestNG-test-testek-1] INFO  ActionDriver - Texts are matching! actualText: "TH005515604946"
2026-01-14 21:50:45 [TestNG-test-testek-1] INFO  ActionDriver - Texts are matching! actualText: "Sản phẩm 2"
2026-01-14 21:50:45 [TestNG-test-testek-1] INFO  ActionDriver - Texts are matching! actualText: "This is our best seller product"
2026-01-14 21:50:45 [TestNG-test-testek-1] INFO  ActionDriver - Texts are matching! actualText: "20"
2026-01-14 21:50:45 [TestNG-test-testek-1] INFO  ActionDriver - Texts are matching! actualText: "Chiếc"
2026-01-14 21:50:45 [TestNG-test-testek-1] INFO  ActionDriver - Texts are matching! actualText: "30000"
2026-01-14 21:50:47 [TestNG-test-testek-1] INFO  ActionDriver - Applied the border with color green to element Text with name: Sản phẩm
2026-01-14 21:50:47 [TestNG-test-testek-1] INFO  ActionDriver - Element is clicked: Text with name: Sản phẩm
2026-01-14 21:50:47 [TestNG-test-testek-1] INFO  ActionDriver - Applied the border with color green to element Text with name: Thêm sản phẩm
2026-01-14 21:50:47 [TestNG-test-testek-1] INFO  ActionDriver - Element is clicked: Text with name: Thêm sản phẩm
2026-01-14 21:50:48 [TestNG-test-testek-1] INFO  ActionDriver - Text are matching
2026-01-14 21:50:48 [TestNG-test-testek-1] INFO  ActionDriver - Entered text: "TH001" to element: Id with name: form_item_code
2026-01-14 21:50:48 [TestNG-test-testek-1] INFO  ActionDriver - Entered text: "Sản phẩm 2" to element: Id with name: form_item_name
2026-01-14 21:50:49 [TestNG-test-testek-1] INFO  ActionDriver - Entered text: "This is our best seller product" to element: Id with name: form_item_description
2026-01-14 21:50:49 [TestNG-test-testek-1] INFO  ActionDriver - Entered text: "30000" to element: Id with name: form_item_price
2026-01-14 21:50:49 [TestNG-test-testek-1] INFO  ActionDriver - Entered text: "20" to element: Id with name: form_item_quantity
2026-01-14 21:50:49 [TestNG-test-testek-1] INFO  ActionDriver - Entered text: "Chiếc" to element: Id with name: form_item_unit
2026-01-14 21:50:50 [TestNG-test-testek-1] INFO  ActionDriver - Applied the border with color green to element Id with name: form_item_category
2026-01-14 21:50:50 [TestNG-test-testek-1] INFO  ActionDriver - Element is clicked: Id with name: form_item_category
2026-01-14 21:50:50 [TestNG-test-testek-1] INFO  ActionDriver - Applied the border with color green to element Text with name: Item 1 Test_edit
2026-01-14 21:50:50 [TestNG-test-testek-1] INFO  ActionDriver - Element is clicked: Text with name: Item 1 Test_edit
2026-01-14 21:50:51 [TestNG-test-testek-1] INFO  ActionDriver - Applied the border with color green to element Id with name: form_item_supplier
2026-01-14 21:50:51 [TestNG-test-testek-1] INFO  ActionDriver - Element is clicked: Id with name: form_item_supplier
2026-01-14 21:50:52 [TestNG-test-testek-1] INFO  ActionDriver - Applied the border with color green to element Text with name: KIM CHI vukimchi023@gmail.com Auto_Hai Ba Trung, H...
2026-01-14 21:50:52 [TestNG-test-testek-1] INFO  ActionDriver - Element is clicked: Text with name: KIM CHI vukimchi023@gmail.com Auto_Hai Ba Trung, H...
2026-01-14 21:50:52 [TestNG-test-testek-1] INFO  ActionDriver - Applied the border with color green to element Text with name: Thêm
2026-01-14 21:50:52 [TestNG-test-testek-1] INFO  ActionDriver - Element is clicked: Text with name: Thêm
2026-01-14 21:50:53 [TestNG-test-testek-1] INFO  ActionDriver - Texts are matching! actualText: "Product already exists {0}"
2026-01-14 21:50:54 [TestNG-test-testek-1] INFO  BaseClass - WebDriver instance is quited
2026-01-14 21:56:41 [main] INFO  BaseClass - config.properties file loaded
2026-01-14 21:56:41 [TestNG-test-testek-1] INFO  BaseClass - Setting up WebDriver for:CreateProductPageTest
2026-01-14 21:56:43 [TestNG-test-testek-1] INFO  BaseClass - ChromeDriver instance is created
2026-01-14 21:56:47 [TestNG-test-testek-1] INFO  BaseClass - WenDriver Initialized and Browser Maximized
2026-01-14 21:56:47 [TestNG-test-testek-1] INFO  BaseClass - ActionDriver initialized for thread 34
2026-01-14 21:56:47 [TestNG-test-testek-1] INFO  ActionDriver - Entered text: "admin_com_role" to element: Id with name: normal_login_username
2026-01-14 21:56:48 [TestNG-test-testek-1] INFO  ActionDriver - Entered text: "aA12345678@" to element: Id with name: normal_login_password
2026-01-14 21:56:48 [TestNG-test-testek-1] INFO  ActionDriver - Applied the border with color green to element Text with name: Đăng nhập
2026-01-14 21:56:48 [TestNG-test-testek-1] INFO  ActionDriver - Element is clicked: Text with name: Đăng nhập
2026-01-14 21:56:49 [TestNG-test-testek-1] INFO  ActionDriver - Applied the border with color green to element Text with name: Sản phẩm
2026-01-14 21:56:49 [TestNG-test-testek-1] INFO  ActionDriver - Element is clicked: Text with name: Sản phẩm
2026-01-14 21:56:50 [TestNG-test-testek-1] INFO  ActionDriver - Applied the border with color green to element Text with name: Thêm sản phẩm
2026-01-14 21:56:50 [TestNG-test-testek-1] INFO  ActionDriver - Element is clicked: Text with name: Thêm sản phẩm
2026-01-14 21:56:51 [TestNG-test-testek-1] INFO  ActionDriver - Text are matching
2026-01-14 21:56:52 [TestNG-test-testek-1] INFO  ActionDriver - Entered text: "TH005261729577" to element: Id with name: form_item_code
2026-01-14 21:56:52 [TestNG-test-testek-1] INFO  ActionDriver - Entered text: "Sản phẩm 2" to element: Id with name: form_item_name
2026-01-14 21:56:52 [TestNG-test-testek-1] INFO  ActionDriver - Entered text: "This is our best seller product" to element: Id with name: form_item_description
2026-01-14 21:56:52 [TestNG-test-testek-1] INFO  ActionDriver - Entered text: "30000" to element: Id with name: form_item_price
2026-01-14 21:56:52 [TestNG-test-testek-1] INFO  ActionDriver - Entered text: "20" to element: Id with name: form_item_quantity
2026-01-14 21:56:52 [TestNG-test-testek-1] INFO  ActionDriver - Entered text: "Chiếc" to element: Id with name: form_item_unit
2026-01-14 21:56:53 [TestNG-test-testek-1] INFO  ActionDriver - Applied the border with color green to element Id with name: form_item_category
2026-01-14 21:56:53 [TestNG-test-testek-1] INFO  ActionDriver - Element is clicked: Id with name: form_item_category
2026-01-14 21:56:53 [TestNG-test-testek-1] INFO  ActionDriver - Applied the border with color green to element Text with name: Item 1 Test_edit
2026-01-14 21:56:53 [TestNG-test-testek-1] INFO  ActionDriver - Element is clicked: Text with name: Item 1 Test_edit
2026-01-14 21:56:54 [TestNG-test-testek-1] INFO  ActionDriver - Applied the border with color green to element Id with name: form_item_supplier
2026-01-14 21:56:54 [TestNG-test-testek-1] INFO  ActionDriver - Element is clicked: Id with name: form_item_supplier
2026-01-14 21:56:55 [TestNG-test-testek-1] INFO  ActionDriver - Applied the border with color green to element Text with name: KIM CHI vukimchi023@gmail.com Auto_Hai Ba Trung, H...
2026-01-14 21:56:55 [TestNG-test-testek-1] INFO  ActionDriver - Element is clicked: Text with name: KIM CHI vukimchi023@gmail.com Auto_Hai Ba Trung, H...
2026-01-14 21:56:55 [TestNG-test-testek-1] INFO  ActionDriver - Applied the border with color green to element Text with name: Thêm
2026-01-14 21:56:55 [TestNG-test-testek-1] INFO  ActionDriver - Element is clicked: Text with name: Thêm
2026-01-14 21:56:56 [TestNG-test-testek-1] INFO  ActionDriver - Texts are matching! actualText: "Item 1"
2026-01-14 21:56:56 [TestNG-test-testek-1] INFO  ActionDriver - Texts are matching! actualText: "KIM CHI"
2026-01-14 21:56:56 [TestNG-test-testek-1] INFO  ActionDriver - Texts are matching! actualText: "TH005261729577"
2026-01-14 21:56:56 [TestNG-test-testek-1] INFO  ActionDriver - Texts are matching! actualText: "Sản phẩm 2"
2026-01-14 21:56:56 [TestNG-test-testek-1] INFO  ActionDriver - Texts are matching! actualText: "This is our best seller product"
2026-01-14 21:56:56 [TestNG-test-testek-1] INFO  ActionDriver - Texts are matching! actualText: "20"
2026-01-14 21:56:56 [TestNG-test-testek-1] INFO  ActionDriver - Texts are matching! actualText: "Chiếc"
2026-01-14 21:56:56 [TestNG-test-testek-1] INFO  ActionDriver - Texts are matching! actualText: "30000"
2026-01-14 21:56:58 [TestNG-test-testek-1] INFO  ActionDriver - Applied the border with color green to element Text with name: Sản phẩm
2026-01-14 21:56:58 [TestNG-test-testek-1] INFO  ActionDriver - Element is clicked: Text with name: Sản phẩm
2026-01-14 21:56:58 [TestNG-test-testek-1] INFO  ActionDriver - Applied the border with color green to element Text with name: Thêm sản phẩm
2026-01-14 21:56:58 [TestNG-test-testek-1] INFO  ActionDriver - Element is clicked: Text with name: Thêm sản phẩm
2026-01-14 21:56:59 [TestNG-test-testek-1] INFO  ActionDriver - Text are matching
2026-01-14 21:56:59 [TestNG-test-testek-1] INFO  ActionDriver - Entered text: "  " to element: Id with name: form_item_code
2026-01-14 21:56:59 [TestNG-test-testek-1] INFO  ActionDriver - Entered text: "  " to element: Id with name: form_item_name
2026-01-14 21:56:59 [TestNG-test-testek-1] INFO  ActionDriver - Entered text: "  " to element: Id with name: form_item_description
2026-01-14 21:57:00 [TestNG-test-testek-1] INFO  ActionDriver - Entered text: "  " to element: Id with name: form_item_price
2026-01-14 21:57:00 [TestNG-test-testek-1] INFO  ActionDriver - Entered text: "  " to element: Id with name: form_item_quantity
2026-01-14 21:57:00 [TestNG-test-testek-1] INFO  ActionDriver - Entered text: "  " to element: Id with name: form_item_unit
2026-01-14 21:57:00 [TestNG-test-testek-1] INFO  ActionDriver - Applied the border with color green to element Id with name: form_item_category
2026-01-14 21:57:00 [TestNG-test-testek-1] INFO  ActionDriver - Element is clicked: Id with name: form_item_category
2026-01-14 21:57:42 [TestNG-test-testek-1] WARN  ActionDriver - Failed to apply the border to an element: By.xpath: //div[contains(@class,'dropdown-menu-category ')]//div[@title='  ']
2026-01-14 21:57:42 [TestNG-test-testek-1] INFO  ActionDriver - Applied the border with color green to element Text with name: Sản phẩm
2026-01-14 21:57:42 [TestNG-test-testek-1] INFO  ActionDriver - Element is clicked: Text with name: Sản phẩm
2026-01-14 21:57:43 [TestNG-test-testek-1] INFO  ActionDriver - Applied the border with color green to element Text with name: Thêm sản phẩm
2026-01-14 21:57:43 [TestNG-test-testek-1] INFO  ActionDriver - Element is clicked: Text with name: Thêm sản phẩm
2026-01-14 21:57:43 [TestNG-test-testek-1] INFO  ActionDriver - Text are matching
2026-01-14 21:57:44 [TestNG-test-testek-1] INFO  ActionDriver - Entered text: "  " to element: Id with name: form_item_code
2026-01-14 21:57:44 [TestNG-test-testek-1] INFO  ActionDriver - Entered text: "Sản phẩm 2" to element: Id with name: form_item_name
2026-01-14 21:57:44 [TestNG-test-testek-1] INFO  ActionDriver - Entered text: "This is our best seller product" to element: Id with name: form_item_description
2026-01-14 21:57:44 [TestNG-test-testek-1] INFO  ActionDriver - Entered text: "30000" to element: Id with name: form_item_price
2026-01-14 21:57:44 [TestNG-test-testek-1] INFO  ActionDriver - Entered text: "12" to element: Id with name: form_item_quantity
2026-01-14 21:57:45 [TestNG-test-testek-1] INFO  ActionDriver - Entered text: "12" to element: Id with name: form_item_unit
2026-01-14 21:57:45 [TestNG-test-testek-1] INFO  ActionDriver - Applied the border with color green to element Id with name: form_item_category
2026-01-14 21:57:45 [TestNG-test-testek-1] INFO  ActionDriver - Element is clicked: Id with name: form_item_category
2026-01-14 21:57:45 [TestNG-test-testek-1] INFO  ActionDriver - Applied the border with color green to element Text with name: Item 1 Test_edit
2026-01-14 21:57:45 [TestNG-test-testek-1] INFO  ActionDriver - Element is clicked: Text with name: Item 1 Test_edit
2026-01-14 21:57:46 [TestNG-test-testek-1] INFO  ActionDriver - Applied the border with color green to element Id with name: form_item_supplier
2026-01-14 21:57:46 [TestNG-test-testek-1] INFO  ActionDriver - Element is clicked: Id with name: form_item_supplier
2026-01-14 21:57:46 [TestNG-test-testek-1] INFO  ActionDriver - Applied the border with color green to element Text with name: KIM CHI vukimchi023@gmail.com Auto_Hai Ba Trung, H...
2026-01-14 21:57:46 [TestNG-test-testek-1] INFO  ActionDriver - Element is clicked: Text with name: KIM CHI vukimchi023@gmail.com Auto_Hai Ba Trung, H...
2026-01-14 21:57:47 [TestNG-test-testek-1] INFO  ActionDriver - Applied the border with color green to element Text with name: Thêm
2026-01-14 21:57:47 [TestNG-test-testek-1] INFO  ActionDriver - Element is clicked: Text with name: Thêm
2026-01-14 21:57:58 [TestNG-test-testek-1] INFO  ActionDriver - Applied the border with color green to element Text with name: Sản phẩm
2026-01-14 21:57:58 [TestNG-test-testek-1] INFO  ActionDriver - Element is clicked: Text with name: Sản phẩm
2026-01-14 21:57:59 [TestNG-test-testek-1] INFO  ActionDriver - Applied the border with color green to element Text with name: Thêm sản phẩm
2026-01-14 21:57:59 [TestNG-test-testek-1] INFO  ActionDriver - Element is clicked: Text with name: Thêm sản phẩm
2026-01-14 21:57:59 [TestNG-test-testek-1] INFO  ActionDriver - Text are matching
2026-01-14 21:57:59 [TestNG-test-testek-1] INFO  ActionDriver - Entered text: "TH00-1140743827" to element: Id with name: form_item_code
2026-01-14 21:57:59 [TestNG-test-testek-1] INFO  ActionDriver - Entered text: "  " to element: Id with name: form_item_name
2026-01-14 21:58:00 [TestNG-test-testek-1] INFO  ActionDriver - Entered text: "This is our best seller product" to element: Id with name: form_item_description
2026-01-14 21:58:00 [TestNG-test-testek-1] INFO  ActionDriver - Entered text: "30000" to element: Id with name: form_item_price
2026-01-14 21:58:00 [TestNG-test-testek-1] INFO  ActionDriver - Entered text: "12" to element: Id with name: form_item_quantity
2026-01-14 21:58:00 [TestNG-test-testek-1] INFO  ActionDriver - Entered text: "12" to element: Id with name: form_item_unit
2026-01-14 21:58:00 [TestNG-test-testek-1] INFO  ActionDriver - Applied the border with color green to element Id with name: form_item_category
2026-01-14 21:58:00 [TestNG-test-testek-1] INFO  ActionDriver - Element is clicked: Id with name: form_item_category
2026-01-14 21:58:01 [TestNG-test-testek-1] INFO  ActionDriver - Applied the border with color green to element Text with name: Item 1 Test_edit
2026-01-14 21:58:01 [TestNG-test-testek-1] INFO  ActionDriver - Element is clicked: Text with name: Item 1 Test_edit
2026-01-14 21:58:01 [TestNG-test-testek-1] INFO  ActionDriver - Applied the border with color green to element Id with name: form_item_supplier
2026-01-14 21:58:01 [TestNG-test-testek-1] INFO  ActionDriver - Element is clicked: Id with name: form_item_supplier
2026-01-14 21:58:02 [TestNG-test-testek-1] INFO  ActionDriver - Applied the border with color green to element Text with name: KIM CHI vukimchi023@gmail.com Auto_Hai Ba Trung, H...
2026-01-14 21:58:02 [TestNG-test-testek-1] INFO  ActionDriver - Element is clicked: Text with name: KIM CHI vukimchi023@gmail.com Auto_Hai Ba Trung, H...
2026-01-14 21:58:02 [TestNG-test-testek-1] INFO  ActionDriver - Applied the border with color green to element Text with name: Thêm
2026-01-14 21:58:02 [TestNG-test-testek-1] INFO  ActionDriver - Element is clicked: Text with name: Thêm
2026-01-14 21:58:13 [TestNG-test-testek-1] INFO  ActionDriver - Applied the border with color green to element Text with name: Sản phẩm
2026-01-14 21:58:13 [TestNG-test-testek-1] INFO  ActionDriver - Element is clicked: Text with name: Sản phẩm
2026-01-14 21:58:14 [TestNG-test-testek-1] INFO  ActionDriver - Applied the border with color green to element Text with name: Thêm sản phẩm
2026-01-14 21:58:14 [TestNG-test-testek-1] INFO  ActionDriver - Element is clicked: Text with name: Thêm sản phẩm
2026-01-14 21:58:14 [TestNG-test-testek-1] INFO  ActionDriver - Text are matching
2026-01-14 21:58:14 [TestNG-test-testek-1] INFO  ActionDriver - Entered text: "TH001" to element: Id with name: form_item_code
2026-01-14 21:58:15 [TestNG-test-testek-1] INFO  ActionDriver - Entered text: "Sản phẩm 2" to element: Id with name: form_item_name
2026-01-14 21:58:15 [TestNG-test-testek-1] INFO  ActionDriver - Entered text: "This is our best seller product" to element: Id with name: form_item_description
2026-01-14 21:58:15 [TestNG-test-testek-1] INFO  ActionDriver - Entered text: "30000" to element: Id with name: form_item_price
2026-01-14 21:58:15 [TestNG-test-testek-1] INFO  ActionDriver - Entered text: "20" to element: Id with name: form_item_quantity
2026-01-14 21:58:15 [TestNG-test-testek-1] INFO  ActionDriver - Entered text: "Chiếc" to element: Id with name: form_item_unit
2026-01-14 21:58:15 [TestNG-test-testek-1] INFO  ActionDriver - Applied the border with color green to element Id with name: form_item_category
2026-01-14 21:58:15 [TestNG-test-testek-1] INFO  ActionDriver - Element is clicked: Id with name: form_item_category
2026-01-14 21:58:16 [TestNG-test-testek-1] INFO  ActionDriver - Applied the border with color green to element Text with name: Item 1 Test_edit
2026-01-14 21:58:16 [TestNG-test-testek-1] INFO  ActionDriver - Element is clicked: Text with name: Item 1 Test_edit
2026-01-14 21:58:16 [TestNG-test-testek-1] INFO  ActionDriver - Applied the border with color green to element Id with name: form_item_supplier
2026-01-14 21:58:16 [TestNG-test-testek-1] INFO  ActionDriver - Element is clicked: Id with name: form_item_supplier
2026-01-14 21:58:17 [TestNG-test-testek-1] INFO  ActionDriver - Applied the border with color green to element Text with name: KIM CHI vukimchi023@gmail.com Auto_Hai Ba Trung, H...
2026-01-14 21:58:17 [TestNG-test-testek-1] INFO  ActionDriver - Element is clicked: Text with name: KIM CHI vukimchi023@gmail.com Auto_Hai Ba Trung, H...
2026-01-14 21:58:17 [TestNG-test-testek-1] INFO  ActionDriver - Applied the border with color green to element Text with name: Thêm
2026-01-14 21:58:17 [TestNG-test-testek-1] INFO  ActionDriver - Element is clicked: Text with name: Thêm
2026-01-14 21:58:18 [TestNG-test-testek-1] INFO  ActionDriver - Texts are matching! actualText: "Product already exists {0}"
2026-01-14 21:58:18 [TestNG-test-testek-1] INFO  BaseClass - WebDriver instance is quited
2026-01-14 22:14:52 [main] INFO  BaseClass - config.properties file loaded
2026-01-14 22:33:24 [main] INFO  BaseClass - config.properties file loaded
2026-01-14 22:33:24 [TestNG-test-testek-1] INFO  BaseClass - Setting up WebDriver for:CreateProductPageTest
2026-01-14 22:33:26 [TestNG-test-testek-1] INFO  BaseClass - ChromeDriver instance is created
2026-01-14 22:33:26 [TestNG-test-testek-1] INFO  BaseClass - WenDriver Initialized and Browser Maximized
2026-01-14 22:33:26 [TestNG-test-testek-1] INFO  BaseClass - ActionDriver initialized for thread 35
2026-01-14 22:33:31 [TestNG-test-testek-1] INFO  ActionDriver - Entered text: "admin_com_role" to element: Id with name: normal_login_username
2026-01-14 22:33:31 [TestNG-test-testek-1] INFO  ActionDriver - Entered text: "aA12345678@" to element: Id with name: normal_login_password
2026-01-14 22:33:31 [TestNG-test-testek-1] INFO  ActionDriver - Applied the border with color green to element Text with name: Đăng nhập
2026-01-14 22:33:31 [TestNG-test-testek-1] INFO  ActionDriver - Element is clicked: Text with name: Đăng nhập
2026-01-14 22:33:33 [TestNG-test-testek-1] INFO  ActionDriver - Applied the border with color green to element Text with name: Sản phẩm
2026-01-14 22:33:33 [TestNG-test-testek-1] INFO  ActionDriver - Element is clicked: Text with name: Sản phẩm
2026-01-14 22:33:34 [TestNG-test-testek-1] INFO  ActionDriver - Applied the border with color green to element Text with name: Thêm sản phẩm
2026-01-14 22:33:34 [TestNG-test-testek-1] INFO  ActionDriver - Element is clicked: Text with name: Thêm sản phẩm
2026-01-14 22:33:35 [TestNG-test-testek-1] INFO  ActionDriver - Text are matching
2026-01-14 22:33:35 [TestNG-test-testek-1] INFO  ActionDriver - Entered text: "TH005-1122091016" to element: Id with name: form_item_code
2026-01-14 22:33:35 [TestNG-test-testek-1] INFO  ActionDriver - Entered text: "Sản phẩm 2" to element: Id with name: form_item_name
2026-01-14 22:33:35 [TestNG-test-testek-1] INFO  ActionDriver - Entered text: "This is our best seller product" to element: Id with name: form_item_description
2026-01-14 22:33:35 [TestNG-test-testek-1] INFO  ActionDriver - Entered text: "30000" to element: Id with name: form_item_price
2026-01-14 22:33:36 [TestNG-test-testek-1] INFO  ActionDriver - Entered text: "20" to element: Id with name: form_item_quantity
2026-01-14 22:33:36 [TestNG-test-testek-1] INFO  ActionDriver - Entered text: "Chiếc" to element: Id with name: form_item_unit
2026-01-14 22:33:36 [TestNG-test-testek-1] INFO  ActionDriver - Applied the border with color green to element Id with name: form_item_category
2026-01-14 22:33:36 [TestNG-test-testek-1] INFO  ActionDriver - Element is clicked: Id with name: form_item_category
2026-01-14 22:33:37 [TestNG-test-testek-1] INFO  ActionDriver - Applied the border with color green to element Text with name: Item 1 Test_edit
2026-01-14 22:33:37 [TestNG-test-testek-1] INFO  ActionDriver - Element is clicked: Text with name: Item 1 Test_edit
2026-01-14 22:33:37 [TestNG-test-testek-1] INFO  ActionDriver - Applied the border with color green to element Id with name: form_item_supplier
2026-01-14 22:33:37 [TestNG-test-testek-1] INFO  ActionDriver - Element is clicked: Id with name: form_item_supplier
2026-01-14 22:33:38 [TestNG-test-testek-1] INFO  ActionDriver - Applied the border with color green to element Text with name: KIM CHI vukimchi023@gmail.com Auto_Hai Ba Trung, H...
2026-01-14 22:33:38 [TestNG-test-testek-1] INFO  ActionDriver - Element is clicked: Text with name: KIM CHI vukimchi023@gmail.com Auto_Hai Ba Trung, H...
2026-01-14 22:33:39 [TestNG-test-testek-1] INFO  ActionDriver - Applied the border with color green to element Text with name: Thêm
2026-01-14 22:33:39 [TestNG-test-testek-1] INFO  ActionDriver - Element is clicked: Text with name: Thêm
2026-01-14 22:33:40 [TestNG-test-testek-1] INFO  ActionDriver - Texts are matching! actualText: "Item 1"
2026-01-14 22:33:40 [TestNG-test-testek-1] INFO  ActionDriver - Texts are matching! actualText: "KIM CHI"
2026-01-14 22:33:40 [TestNG-test-testek-1] INFO  ActionDriver - Texts are matching! actualText: "TH005-1122091016"
2026-01-14 22:33:40 [TestNG-test-testek-1] INFO  ActionDriver - Texts are matching! actualText: "Sản phẩm 2"
2026-01-14 22:33:40 [TestNG-test-testek-1] INFO  ActionDriver - Texts are matching! actualText: "This is our best seller product"
2026-01-14 22:33:40 [TestNG-test-testek-1] INFO  ActionDriver - Texts are matching! actualText: "20"
2026-01-14 22:33:40 [TestNG-test-testek-1] INFO  ActionDriver - Texts are matching! actualText: "Chiếc"
2026-01-14 22:33:40 [TestNG-test-testek-1] INFO  ActionDriver - Texts are matching! actualText: "30000"
2026-01-14 22:33:41 [TestNG-test-testek-1] INFO  ActionDriver - Applied the border with color green to element Text with name: Sản phẩm
2026-01-14 22:33:41 [TestNG-test-testek-1] INFO  ActionDriver - Element is clicked: Text with name: Sản phẩm
2026-01-14 22:33:42 [TestNG-test-testek-1] INFO  ActionDriver - Applied the border with color green to element Text with name: Thêm sản phẩm
2026-01-14 22:33:42 [TestNG-test-testek-1] INFO  ActionDriver - Element is clicked: Text with name: Thêm sản phẩm
2026-01-14 22:33:43 [TestNG-test-testek-1] INFO  ActionDriver - Text are matching
2026-01-14 22:33:43 [TestNG-test-testek-1] INFO  ActionDriver - Entered text: "TH001" to element: Id with name: form_item_code
2026-01-14 22:33:43 [TestNG-test-testek-1] INFO  ActionDriver - Entered text: "Sản phẩm 2" to element: Id with name: form_item_name
2026-01-14 22:33:43 [TestNG-test-testek-1] INFO  ActionDriver - Entered text: "This is our best seller product" to element: Id with name: form_item_description
2026-01-14 22:33:44 [TestNG-test-testek-1] INFO  ActionDriver - Entered text: "30000" to element: Id with name: form_item_price
2026-01-14 22:33:44 [TestNG-test-testek-1] INFO  ActionDriver - Entered text: "20" to element: Id with name: form_item_quantity
2026-01-14 22:33:44 [TestNG-test-testek-1] INFO  ActionDriver - Entered text: "Chiếc" to element: Id with name: form_item_unit
2026-01-14 22:33:44 [TestNG-test-testek-1] INFO  ActionDriver - Applied the border with color green to element Id with name: form_item_category
2026-01-14 22:33:44 [TestNG-test-testek-1] INFO  ActionDriver - Element is clicked: Id with name: form_item_category
2026-01-14 22:33:45 [TestNG-test-testek-1] INFO  ActionDriver - Applied the border with color green to element Text with name: Item 1 Test_edit
2026-01-14 22:33:45 [TestNG-test-testek-1] INFO  ActionDriver - Element is clicked: Text with name: Item 1 Test_edit
2026-01-14 22:33:45 [TestNG-test-testek-1] INFO  ActionDriver - Applied the border with color green to element Id with name: form_item_supplier
2026-01-14 22:33:45 [TestNG-test-testek-1] INFO  ActionDriver - Element is clicked: Id with name: form_item_supplier
2026-01-14 22:33:46 [TestNG-test-testek-1] INFO  ActionDriver - Applied the border with color green to element Text with name: KIM CHI vukimchi023@gmail.com Auto_Hai Ba Trung, H...
2026-01-14 22:33:46 [TestNG-test-testek-1] INFO  ActionDriver - Element is clicked: Text with name: KIM CHI vukimchi023@gmail.com Auto_Hai Ba Trung, H...
2026-01-14 22:33:46 [TestNG-test-testek-1] INFO  ActionDriver - Applied the border with color green to element Text with name: Thêm
2026-01-14 22:33:46 [TestNG-test-testek-1] INFO  ActionDriver - Element is clicked: Text with name: Thêm
2026-01-14 22:33:47 [TestNG-test-testek-1] INFO  ActionDriver - Texts are matching! actualText: "Product already exists {0}"
2026-01-14 22:33:48 [TestNG-test-testek-1] INFO  BaseClass - WebDriver instance is quited
2026-01-14 22:34:36 [main] INFO  BaseClass - config.properties file loaded
2026-01-14 22:34:36 [TestNG-test-testek-1] INFO  BaseClass - Setting up WebDriver for:CreateProductPageTest
2026-01-14 22:34:37 [TestNG-test-testek-1] INFO  BaseClass - ChromeDriver instance is created
2026-01-14 22:34:38 [TestNG-test-testek-1] INFO  BaseClass - WenDriver Initialized and Browser Maximized
2026-01-14 22:34:38 [TestNG-test-testek-1] INFO  BaseClass - ActionDriver initialized for thread 34
2026-01-14 22:34:40 [TestNG-test-testek-1] INFO  ActionDriver - Entered text: "admin_com_role" to element: Id with name: normal_login_username
2026-01-14 22:34:40 [TestNG-test-testek-1] INFO  ActionDriver - Entered text: "aA12345678@" to element: Id with name: normal_login_password
2026-01-14 22:34:40 [TestNG-test-testek-1] INFO  ActionDriver - Applied the border with color green to element Text with name: Đăng nhập
2026-01-14 22:34:40 [TestNG-test-testek-1] INFO  ActionDriver - Element is clicked: Text with name: Đăng nhập
2026-01-14 22:34:42 [TestNG-test-testek-1] INFO  ActionDriver - Applied the border with color green to element Text with name: Sản phẩm
2026-01-14 22:34:42 [TestNG-test-testek-1] INFO  ActionDriver - Element is clicked: Text with name: Sản phẩm
2026-01-14 22:34:42 [TestNG-test-testek-1] INFO  ActionDriver - Applied the border with color green to element Text with name: Thêm sản phẩm
2026-01-14 22:34:42 [TestNG-test-testek-1] INFO  ActionDriver - Element is clicked: Text with name: Thêm sản phẩm
2026-01-14 22:34:43 [TestNG-test-testek-1] INFO  ActionDriver - Text are matching
2026-01-14 22:34:43 [TestNG-test-testek-1] INFO  ActionDriver - Entered text: "TH005-181293635" to element: Id with name: form_item_code
2026-01-14 22:34:44 [TestNG-test-testek-1] INFO  ActionDriver - Entered text: "Sản phẩm 2" to element: Id with name: form_item_name
2026-01-14 22:34:44 [TestNG-test-testek-1] INFO  ActionDriver - Entered text: "This is our best seller product" to element: Id with name: form_item_description
2026-01-14 22:34:44 [TestNG-test-testek-1] INFO  ActionDriver - Entered text: "30000" to element: Id with name: form_item_price
2026-01-14 22:34:44 [TestNG-test-testek-1] INFO  ActionDriver - Entered text: "20" to element: Id with name: form_item_quantity
2026-01-14 22:34:44 [TestNG-test-testek-1] INFO  ActionDriver - Entered text: "Chiếc" to element: Id with name: form_item_unit
2026-01-14 22:34:44 [TestNG-test-testek-1] INFO  ActionDriver - Applied the border with color green to element Id with name: form_item_category
2026-01-14 22:34:44 [TestNG-test-testek-1] INFO  ActionDriver - Element is clicked: Id with name: form_item_category
2026-01-14 22:34:45 [TestNG-test-testek-1] INFO  ActionDriver - Applied the border with color green to element Text with name: Item 1 Test_edit
2026-01-14 22:34:45 [TestNG-test-testek-1] INFO  ActionDriver - Element is clicked: Text with name: Item 1 Test_edit
2026-01-14 22:34:46 [TestNG-test-testek-1] INFO  ActionDriver - Applied the border with color green to element Id with name: form_item_supplier
2026-01-14 22:34:46 [TestNG-test-testek-1] INFO  ActionDriver - Element is clicked: Id with name: form_item_supplier
2026-01-14 22:34:46 [TestNG-test-testek-1] INFO  ActionDriver - Applied the border with color green to element Text with name: KIM CHI vukimchi023@gmail.com Auto_Hai Ba Trung, H...
2026-01-14 22:34:46 [TestNG-test-testek-1] INFO  ActionDriver - Element is clicked: Text with name: KIM CHI vukimchi023@gmail.com Auto_Hai Ba Trung, H...
2026-01-14 22:34:47 [TestNG-test-testek-1] INFO  ActionDriver - Applied the border with color green to element Text with name: Thêm
2026-01-14 22:34:47 [TestNG-test-testek-1] INFO  ActionDriver - Element is clicked: Text with name: Thêm
2026-01-14 22:34:48 [TestNG-test-testek-1] INFO  ActionDriver - Texts are matching! actualText: "Item 1"
2026-01-14 22:34:48 [TestNG-test-testek-1] INFO  ActionDriver - Texts are matching! actualText: "KIM CHI"
2026-01-14 22:34:48 [TestNG-test-testek-1] INFO  ActionDriver - Texts are matching! actualText: "TH005-181293635"
2026-01-14 22:34:48 [TestNG-test-testek-1] INFO  ActionDriver - Texts are matching! actualText: "Sản phẩm 2"
2026-01-14 22:34:48 [TestNG-test-testek-1] INFO  ActionDriver - Texts are matching! actualText: "This is our best seller product"
2026-01-14 22:34:48 [TestNG-test-testek-1] INFO  ActionDriver - Texts are matching! actualText: "20"
2026-01-14 22:34:48 [TestNG-test-testek-1] INFO  ActionDriver - Texts are matching! actualText: "Chiếc"
2026-01-14 22:34:48 [TestNG-test-testek-1] INFO  ActionDriver - Texts are matching! actualText: "30000"
2026-01-14 22:34:49 [TestNG-test-testek-1] INFO  ActionDriver - Applied the border with color green to element Text with name: Sản phẩm
2026-01-14 22:34:49 [TestNG-test-testek-1] INFO  ActionDriver - Element is clicked: Text with name: Sản phẩm
2026-01-14 22:34:50 [TestNG-test-testek-1] INFO  ActionDriver - Applied the border with color green to element Text with name: Thêm sản phẩm
2026-01-14 22:34:50 [TestNG-test-testek-1] INFO  ActionDriver - Element is clicked: Text with name: Thêm sản phẩm
2026-01-14 22:34:51 [TestNG-test-testek-1] INFO  ActionDriver - Text are matching
2026-01-14 22:34:51 [TestNG-test-testek-1] INFO  ActionDriver - Entered text: "TH001" to element: Id with name: form_item_code
2026-01-14 22:34:51 [TestNG-test-testek-1] INFO  ActionDriver - Entered text: "Sản phẩm 2" to element: Id with name: form_item_name
2026-01-14 22:34:51 [TestNG-test-testek-1] INFO  ActionDriver - Entered text: "This is our best seller product" to element: Id with name: form_item_description
2026-01-14 22:34:52 [TestNG-test-testek-1] INFO  ActionDriver - Entered text: "30000" to element: Id with name: form_item_price
2026-01-14 22:34:52 [TestNG-test-testek-1] INFO  ActionDriver - Entered text: "20" to element: Id with name: form_item_quantity
2026-01-14 22:34:52 [TestNG-test-testek-1] INFO  ActionDriver - Entered text: "Chiếc" to element: Id with name: form_item_unit
2026-01-14 22:34:52 [TestNG-test-testek-1] INFO  ActionDriver - Applied the border with color green to element Id with name: form_item_category
2026-01-14 22:34:52 [TestNG-test-testek-1] INFO  ActionDriver - Element is clicked: Id with name: form_item_category
2026-01-14 22:34:53 [TestNG-test-testek-1] INFO  ActionDriver - Applied the border with color green to element Text with name: Item 1 Test_edit
2026-01-14 22:34:53 [TestNG-test-testek-1] INFO  ActionDriver - Element is clicked: Text with name: Item 1 Test_edit
2026-01-14 22:34:53 [TestNG-test-testek-1] INFO  ActionDriver - Applied the border with color green to element Id with name: form_item_supplier
2026-01-14 22:34:53 [TestNG-test-testek-1] INFO  ActionDriver - Element is clicked: Id with name: form_item_supplier
2026-01-14 22:34:54 [TestNG-test-testek-1] INFO  ActionDriver - Applied the border with color green to element Text with name: KIM CHI vukimchi023@gmail.com Auto_Hai Ba Trung, H...
2026-01-14 22:34:54 [TestNG-test-testek-1] INFO  ActionDriver - Element is clicked: Text with name: KIM CHI vukimchi023@gmail.com Auto_Hai Ba Trung, H...
2026-01-14 22:34:55 [TestNG-test-testek-1] INFO  ActionDriver - Applied the border with color green to element Text with name: Thêm
2026-01-14 22:34:55 [TestNG-test-testek-1] INFO  ActionDriver - Element is clicked: Text with name: Thêm
2026-01-14 22:34:56 [TestNG-test-testek-1] INFO  ActionDriver - Texts are matching! actualText: "Product already exists {0}"
2026-01-14 22:34:58 [TestNG-test-testek-1] INFO  BaseClass - WebDriver instance is quited
2026-01-14 22:36:12 [main] INFO  BaseClass - config.properties file loaded
2026-01-14 22:36:13 [TestNG-test-testek-1] INFO  BaseClass - Setting up WebDriver for:CreateProductPageTest
2026-01-14 22:36:15 [TestNG-test-testek-1] INFO  BaseClass - ChromeDriver instance is created
2026-01-14 22:36:15 [TestNG-test-testek-1] INFO  BaseClass - WenDriver Initialized and Browser Maximized
2026-01-14 22:36:15 [TestNG-test-testek-1] INFO  BaseClass - ActionDriver initialized for thread 35
2026-01-14 22:36:17 [TestNG-test-testek-1] INFO  ActionDriver - Entered text: "admin_com_role" to element: Id with name: normal_login_username
2026-01-14 22:36:17 [TestNG-test-testek-1] INFO  ActionDriver - Entered text: "aA12345678@" to element: Id with name: normal_login_password
2026-01-14 22:36:17 [TestNG-test-testek-1] INFO  ActionDriver - Applied the border with color green to element Text with name: Đăng nhập
2026-01-14 22:36:17 [TestNG-test-testek-1] INFO  ActionDriver - Element is clicked: Text with name: Đăng nhập
2026-01-14 22:36:19 [TestNG-test-testek-1] INFO  ActionDriver - Applied the border with color green to element Text with name: Sản phẩm
2026-01-14 22:36:19 [TestNG-test-testek-1] INFO  ActionDriver - Element is clicked: Text with name: Sản phẩm
2026-01-14 22:36:20 [TestNG-test-testek-1] INFO  ActionDriver - Applied the border with color green to element Text with name: Thêm sản phẩm
2026-01-14 22:36:20 [TestNG-test-testek-1] INFO  ActionDriver - Element is clicked: Text with name: Thêm sản phẩm
2026-01-14 22:36:21 [TestNG-test-testek-1] INFO  ActionDriver - Text are matching
2026-01-14 22:36:21 [TestNG-test-testek-1] INFO  ActionDriver - Entered text: "TH005500809679" to element: Id with name: form_item_code
2026-01-14 22:36:21 [TestNG-test-testek-1] INFO  ActionDriver - Entered text: "Sản phẩm 2" to element: Id with name: form_item_name
2026-01-14 22:36:21 [TestNG-test-testek-1] INFO  ActionDriver - Entered text: "This is our best seller product" to element: Id with name: form_item_description
2026-01-14 22:36:22 [TestNG-test-testek-1] INFO  ActionDriver - Entered text: "30000" to element: Id with name: form_item_price
2026-01-14 22:36:22 [TestNG-test-testek-1] INFO  ActionDriver - Entered text: "20" to element: Id with name: form_item_quantity
2026-01-14 22:36:22 [TestNG-test-testek-1] INFO  ActionDriver - Entered text: "Chiếc" to element: Id with name: form_item_unit
2026-01-14 22:36:22 [TestNG-test-testek-1] INFO  ActionDriver - Applied the border with color green to element Id with name: form_item_category
2026-01-14 22:36:22 [TestNG-test-testek-1] INFO  ActionDriver - Element is clicked: Id with name: form_item_category
2026-01-14 22:36:23 [TestNG-test-testek-1] INFO  ActionDriver - Applied the border with color green to element Text with name: Item 1 Test_edit
2026-01-14 22:36:23 [TestNG-test-testek-1] INFO  ActionDriver - Element is clicked: Text with name: Item 1 Test_edit
2026-01-14 22:36:23 [TestNG-test-testek-1] INFO  ActionDriver - Applied the border with color green to element Id with name: form_item_supplier
2026-01-14 22:36:23 [TestNG-test-testek-1] INFO  ActionDriver - Element is clicked: Id with name: form_item_supplier
2026-01-14 22:36:24 [TestNG-test-testek-1] INFO  ActionDriver - Applied the border with color green to element Text with name: KIM CHI vukimchi023@gmail.com Auto_Hai Ba Trung, H...
2026-01-14 22:36:24 [TestNG-test-testek-1] INFO  ActionDriver - Element is clicked: Text with name: KIM CHI vukimchi023@gmail.com Auto_Hai Ba Trung, H...
2026-01-14 22:36:25 [TestNG-test-testek-1] INFO  ActionDriver - Applied the border with color green to element Text with name: Thêm
2026-01-14 22:36:25 [TestNG-test-testek-1] INFO  ActionDriver - Element is clicked: Text with name: Thêm
2026-01-14 22:36:26 [TestNG-test-testek-1] INFO  ActionDriver - Texts are matching! actualText: "Item 1"
2026-01-14 22:36:26 [TestNG-test-testek-1] INFO  ActionDriver - Texts are matching! actualText: "KIM CHI"
2026-01-14 22:36:26 [TestNG-test-testek-1] INFO  ActionDriver - Texts are matching! actualText: "TH005500809679"
2026-01-14 22:36:26 [TestNG-test-testek-1] INFO  ActionDriver - Texts are matching! actualText: "Sản phẩm 2"
2026-01-14 22:36:26 [TestNG-test-testek-1] INFO  ActionDriver - Texts are matching! actualText: "This is our best seller product"
2026-01-14 22:36:26 [TestNG-test-testek-1] INFO  ActionDriver - Texts are matching! actualText: "20"
2026-01-14 22:36:26 [TestNG-test-testek-1] INFO  ActionDriver - Texts are matching! actualText: "Chiếc"
2026-01-14 22:36:26 [TestNG-test-testek-1] INFO  ActionDriver - Texts are matching! actualText: "30000"
2026-01-14 22:36:27 [TestNG-test-testek-1] INFO  ActionDriver - Applied the border with color green to element Text with name: Sản phẩm
2026-01-14 22:36:27 [TestNG-test-testek-1] INFO  ActionDriver - Element is clicked: Text with name: Sản phẩm
2026-01-14 22:36:28 [TestNG-test-testek-1] INFO  ActionDriver - Applied the border with color green to element Text with name: Thêm sản phẩm
2026-01-14 22:36:28 [TestNG-test-testek-1] INFO  ActionDriver - Element is clicked: Text with name: Thêm sản phẩm
2026-01-14 22:36:29 [TestNG-test-testek-1] INFO  ActionDriver - Text are matching
2026-01-14 22:36:29 [TestNG-test-testek-1] INFO  ActionDriver - Entered text: "Sản phẩm 2" to element: Id with name: form_item_name
2026-01-14 22:36:29 [TestNG-test-testek-1] INFO  ActionDriver - Entered text: "This is our best seller product" to element: Id with name: form_item_description
2026-01-14 22:36:30 [TestNG-test-testek-1] INFO  ActionDriver - Entered text: "30000" to element: Id with name: form_item_price
2026-01-14 22:36:30 [TestNG-test-testek-1] INFO  ActionDriver - Entered text: "12" to element: Id with name: form_item_quantity
2026-01-14 22:36:30 [TestNG-test-testek-1] INFO  ActionDriver - Entered text: "12" to element: Id with name: form_item_unit
2026-01-14 22:36:30 [TestNG-test-testek-1] INFO  ActionDriver - Applied the border with color green to element Id with name: form_item_category
2026-01-14 22:36:30 [TestNG-test-testek-1] INFO  ActionDriver - Element is clicked: Id with name: form_item_category
2026-01-14 22:36:31 [TestNG-test-testek-1] INFO  ActionDriver - Applied the border with color green to element Text with name: Item 1 Test_edit
2026-01-14 22:36:31 [TestNG-test-testek-1] INFO  ActionDriver - Element is clicked: Text with name: Item 1 Test_edit
2026-01-14 22:36:31 [TestNG-test-testek-1] INFO  ActionDriver - Applied the border with color green to element Id with name: form_item_supplier
2026-01-14 22:36:31 [TestNG-test-testek-1] INFO  ActionDriver - Element is clicked: Id with name: form_item_supplier
2026-01-14 22:36:32 [TestNG-test-testek-1] INFO  ActionDriver - Applied the border with color green to element Text with name: KIM CHI vukimchi023@gmail.com Auto_Hai Ba Trung, H...
2026-01-14 22:36:32 [TestNG-test-testek-1] INFO  ActionDriver - Element is clicked: Text with name: KIM CHI vukimchi023@gmail.com Auto_Hai Ba Trung, H...
2026-01-14 22:36:33 [TestNG-test-testek-1] INFO  ActionDriver - Applied the border with color green to element Text with name: Thêm
2026-01-14 22:36:33 [TestNG-test-testek-1] INFO  ActionDriver - Element is clicked: Text with name: Thêm
2026-01-14 22:36:33 [TestNG-test-testek-1] INFO  ActionDriver - Texts are matching! actualText: "Vui lòng nhập mã"
2026-01-14 22:36:33 [TestNG-test-testek-1] INFO  ActionDriver - Applied the border with color green to element Text with name: Sản phẩm
2026-01-14 22:36:33 [TestNG-test-testek-1] INFO  ActionDriver - Element is clicked: Text with name: Sản phẩm
2026-01-14 22:36:34 [TestNG-test-testek-1] INFO  ActionDriver - Applied the border with color green to element Text with name: Thêm sản phẩm
2026-01-14 22:36:34 [TestNG-test-testek-1] INFO  ActionDriver - Element is clicked: Text with name: Thêm sản phẩm
2026-01-14 22:36:35 [TestNG-test-testek-1] INFO  ActionDriver - Text are matching
2026-01-14 22:36:35 [TestNG-test-testek-1] INFO  ActionDriver - Entered text: "TH0072754921" to element: Id with name: form_item_code
2026-01-14 22:36:35 [TestNG-test-testek-1] INFO  ActionDriver - Entered text: "This is our best seller product" to element: Id with name: form_item_description
2026-01-14 22:36:35 [TestNG-test-testek-1] INFO  ActionDriver - Entered text: "30000" to element: Id with name: form_item_price
2026-01-14 22:36:35 [TestNG-test-testek-1] INFO  ActionDriver - Entered text: "12" to element: Id with name: form_item_quantity
2026-01-14 22:36:35 [TestNG-test-testek-1] INFO  ActionDriver - Entered text: "12" to element: Id with name: form_item_unit
2026-01-14 22:36:36 [TestNG-test-testek-1] INFO  ActionDriver - Applied the border with color green to element Id with name: form_item_category
2026-01-14 22:36:36 [TestNG-test-testek-1] INFO  ActionDriver - Element is clicked: Id with name: form_item_category
2026-01-14 22:36:36 [TestNG-test-testek-1] INFO  ActionDriver - Applied the border with color green to element Text with name: Item 1 Test_edit
2026-01-14 22:36:36 [TestNG-test-testek-1] INFO  ActionDriver - Element is clicked: Text with name: Item 1 Test_edit
2026-01-14 22:36:37 [TestNG-test-testek-1] INFO  ActionDriver - Applied the border with color green to element Id with name: form_item_supplier
2026-01-14 22:36:37 [TestNG-test-testek-1] INFO  ActionDriver - Element is clicked: Id with name: form_item_supplier
2026-01-14 22:36:37 [TestNG-test-testek-1] INFO  ActionDriver - Applied the border with color green to element Text with name: KIM CHI vukimchi023@gmail.com Auto_Hai Ba Trung, H...
2026-01-14 22:36:37 [TestNG-test-testek-1] INFO  ActionDriver - Element is clicked: Text with name: KIM CHI vukimchi023@gmail.com Auto_Hai Ba Trung, H...
2026-01-14 22:36:38 [TestNG-test-testek-1] INFO  ActionDriver - Applied the border with color green to element Text with name: Thêm
2026-01-14 22:36:38 [TestNG-test-testek-1] INFO  ActionDriver - Element is clicked: Text with name: Thêm
2026-01-14 22:36:38 [TestNG-test-testek-1] INFO  ActionDriver - Texts are matching! actualText: "Vui lòng nhập tên"
2026-01-14 22:36:39 [TestNG-test-testek-1] INFO  ActionDriver - Applied the border with color green to element Text with name: Sản phẩm
2026-01-14 22:36:39 [TestNG-test-testek-1] INFO  ActionDriver - Element is clicked: Text with name: Sản phẩm
2026-01-14 22:36:39 [TestNG-test-testek-1] INFO  ActionDriver - Applied the border with color green to element Text with name: Thêm sản phẩm
2026-01-14 22:36:39 [TestNG-test-testek-1] INFO  ActionDriver - Element is clicked: Text with name: Thêm sản phẩm
2026-01-14 22:36:40 [TestNG-test-testek-1] INFO  ActionDriver - Text are matching
2026-01-14 22:36:40 [TestNG-test-testek-1] INFO  ActionDriver - Entered text: "TH00-2077402255" to element: Id with name: form_item_code
2026-01-14 22:36:40 [TestNG-test-testek-1] INFO  ActionDriver - Entered text: "Sản phẩm 2" to element: Id with name: form_item_name
2026-01-14 22:36:40 [TestNG-test-testek-1] INFO  ActionDriver - Entered text: "This is our best seller product" to element: Id with name: form_item_description
2026-01-14 22:36:41 [TestNG-test-testek-1] INFO  ActionDriver - Entered text: "30000" to element: Id with name: form_item_price
2026-01-14 22:36:41 [TestNG-test-testek-1] INFO  ActionDriver - Entered text: "12" to element: Id with name: form_item_quantity
2026-01-14 22:36:41 [TestNG-test-testek-1] INFO  ActionDriver - Applied the border with color green to element Id with name: form_item_category
2026-01-14 22:36:41 [TestNG-test-testek-1] INFO  ActionDriver - Element is clicked: Id with name: form_item_category
2026-01-14 22:36:41 [TestNG-test-testek-1] INFO  ActionDriver - Applied the border with color green to element Text with name: Item 1 Test_edit
2026-01-14 22:36:41 [TestNG-test-testek-1] INFO  ActionDriver - Element is clicked: Text with name: Item 1 Test_edit
2026-01-14 22:36:42 [TestNG-test-testek-1] INFO  ActionDriver - Applied the border with color green to element Id with name: form_item_supplier
2026-01-14 22:36:42 [TestNG-test-testek-1] INFO  ActionDriver - Element is clicked: Id with name: form_item_supplier
2026-01-14 22:36:43 [TestNG-test-testek-1] INFO  ActionDriver - Applied the border with color green to element Text with name: KIM CHI vukimchi023@gmail.com Auto_Hai Ba Trung, H...
2026-01-14 22:36:43 [TestNG-test-testek-1] INFO  ActionDriver - Element is clicked: Text with name: KIM CHI vukimchi023@gmail.com Auto_Hai Ba Trung, H...
2026-01-14 22:36:43 [TestNG-test-testek-1] INFO  ActionDriver - Applied the border with color green to element Text with name: Thêm
2026-01-14 22:36:43 [TestNG-test-testek-1] INFO  ActionDriver - Element is clicked: Text with name: Thêm
2026-01-14 22:36:44 [TestNG-test-testek-1] INFO  ActionDriver - Texts are matching! actualText: "Vui lòng nhập đơn vị tính"
2026-01-14 22:36:44 [TestNG-test-testek-1] INFO  ActionDriver - Applied the border with color green to element Text with name: Sản phẩm
2026-01-14 22:36:44 [TestNG-test-testek-1] INFO  ActionDriver - Element is clicked: Text with name: Sản phẩm
2026-01-14 22:36:45 [TestNG-test-testek-1] INFO  ActionDriver - Applied the border with color green to element Text with name: Thêm sản phẩm
2026-01-14 22:36:45 [TestNG-test-testek-1] INFO  ActionDriver - Element is clicked: Text with name: Thêm sản phẩm
2026-01-14 22:36:45 [TestNG-test-testek-1] INFO  ActionDriver - Text are matching
2026-01-14 22:36:45 [TestNG-test-testek-1] INFO  ActionDriver - Entered text: "TH00-98950794" to element: Id with name: form_item_code
2026-01-14 22:36:45 [TestNG-test-testek-1] INFO  ActionDriver - Entered text: "Sản phẩm 2" to element: Id with name: form_item_name
2026-01-14 22:36:46 [TestNG-test-testek-1] INFO  ActionDriver - Entered text: "30000" to element: Id with name: form_item_price
2026-01-14 22:36:46 [TestNG-test-testek-1] INFO  ActionDriver - Entered text: "12" to element: Id with name: form_item_quantity
2026-01-14 22:36:46 [TestNG-test-testek-1] INFO  ActionDriver - Entered text: "13" to element: Id with name: form_item_unit
2026-01-14 22:36:46 [TestNG-test-testek-1] INFO  ActionDriver - Applied the border with color green to element Id with name: form_item_category
2026-01-14 22:36:46 [TestNG-test-testek-1] INFO  ActionDriver - Element is clicked: Id with name: form_item_category
2026-01-14 22:36:47 [TestNG-test-testek-1] INFO  ActionDriver - Applied the border with color green to element Text with name: Item 1 Test_edit
2026-01-14 22:36:47 [TestNG-test-testek-1] INFO  ActionDriver - Element is clicked: Text with name: Item 1 Test_edit
2026-01-14 22:36:47 [TestNG-test-testek-1] INFO  ActionDriver - Applied the border with color green to element Id with name: form_item_supplier
2026-01-14 22:36:47 [TestNG-test-testek-1] INFO  ActionDriver - Element is clicked: Id with name: form_item_supplier
2026-01-14 22:36:48 [TestNG-test-testek-1] INFO  ActionDriver - Applied the border with color green to element Text with name: KIM CHI vukimchi023@gmail.com Auto_Hai Ba Trung, H...
2026-01-14 22:36:48 [TestNG-test-testek-1] INFO  ActionDriver - Element is clicked: Text with name: KIM CHI vukimchi023@gmail.com Auto_Hai Ba Trung, H...
2026-01-14 22:36:48 [TestNG-test-testek-1] INFO  ActionDriver - Applied the border with color green to element Text with name: Thêm
2026-01-14 22:36:48 [TestNG-test-testek-1] INFO  ActionDriver - Element is clicked: Text with name: Thêm
2026-01-14 22:36:49 [TestNG-test-testek-1] INFO  ActionDriver - Texts are matching! actualText: "Vui lòng nhập mô tả"
2026-01-14 22:36:49 [TestNG-test-testek-1] INFO  ActionDriver - Applied the border with color green to element Text with name: Sản phẩm
2026-01-14 22:36:49 [TestNG-test-testek-1] INFO  ActionDriver - Element is clicked: Text with name: Sản phẩm
2026-01-14 22:36:50 [TestNG-test-testek-1] INFO  ActionDriver - Applied the border with color green to element Text with name: Thêm sản phẩm
2026-01-14 22:36:50 [TestNG-test-testek-1] INFO  ActionDriver - Element is clicked: Text with name: Thêm sản phẩm
2026-01-14 22:36:50 [TestNG-test-testek-1] INFO  ActionDriver - Text are matching
2026-01-14 22:36:51 [TestNG-test-testek-1] INFO  ActionDriver - Entered text: "TH00-665949575" to element: Id with name: form_item_code
2026-01-14 22:36:51 [TestNG-test-testek-1] INFO  ActionDriver - Entered text: "Sản phẩm 2" to element: Id with name: form_item_name
2026-01-14 22:36:51 [TestNG-test-testek-1] INFO  ActionDriver - Entered text: "This is our best seller product" to element: Id with name: form_item_description
2026-01-14 22:36:51 [TestNG-test-testek-1] INFO  ActionDriver - Entered text: "12" to element: Id with name: form_item_quantity
2026-01-14 22:36:51 [TestNG-test-testek-1] INFO  ActionDriver - Entered text: "13" to element: Id with name: form_item_unit
2026-01-14 22:36:51 [TestNG-test-testek-1] INFO  ActionDriver - Applied the border with color green to element Id with name: form_item_category
2026-01-14 22:36:51 [TestNG-test-testek-1] INFO  ActionDriver - Element is clicked: Id with name: form_item_category
2026-01-14 22:36:52 [TestNG-test-testek-1] INFO  ActionDriver - Applied the border with color green to element Text with name: Item 1 Test_edit
2026-01-14 22:36:52 [TestNG-test-testek-1] INFO  ActionDriver - Element is clicked: Text with name: Item 1 Test_edit
2026-01-14 22:36:52 [TestNG-test-testek-1] INFO  ActionDriver - Applied the border with color green to element Id with name: form_item_supplier
2026-01-14 22:36:52 [TestNG-test-testek-1] INFO  ActionDriver - Element is clicked: Id with name: form_item_supplier
2026-01-14 22:36:53 [TestNG-test-testek-1] INFO  ActionDriver - Applied the border with color green to element Text with name: KIM CHI vukimchi023@gmail.com Auto_Hai Ba Trung, H...
2026-01-14 22:36:53 [TestNG-test-testek-1] INFO  ActionDriver - Element is clicked: Text with name: KIM CHI vukimchi023@gmail.com Auto_Hai Ba Trung, H...
2026-01-14 22:36:53 [TestNG-test-testek-1] INFO  ActionDriver - Applied the border with color green to element Text with name: Thêm
2026-01-14 22:36:53 [TestNG-test-testek-1] INFO  ActionDriver - Element is clicked: Text with name: Thêm
2026-01-14 22:36:54 [TestNG-test-testek-1] INFO  ActionDriver - Texts are matching! actualText: "Vui lòng nhập giá"
2026-01-14 22:36:54 [TestNG-test-testek-1] INFO  ActionDriver - Applied the border with color green to element Text with name: Sản phẩm
2026-01-14 22:36:54 [TestNG-test-testek-1] INFO  ActionDriver - Element is clicked: Text with name: Sản phẩm
2026-01-14 22:36:55 [TestNG-test-testek-1] INFO  ActionDriver - Applied the border with color green to element Text with name: Thêm sản phẩm
2026-01-14 22:36:55 [TestNG-test-testek-1] INFO  ActionDriver - Element is clicked: Text with name: Thêm sản phẩm
2026-01-14 22:36:55 [TestNG-test-testek-1] INFO  ActionDriver - Text are matching
2026-01-14 22:36:56 [TestNG-test-testek-1] INFO  ActionDriver - Entered text: "TH001601114532" to element: Id with name: form_item_code
2026-01-14 22:36:56 [TestNG-test-testek-1] INFO  ActionDriver - Entered text: "Sản phẩm 2" to element: Id with name: form_item_name
2026-01-14 22:36:56 [TestNG-test-testek-1] INFO  ActionDriver - Entered text: "This is our best seller product" to element: Id with name: form_item_description
2026-01-14 22:36:56 [TestNG-test-testek-1] INFO  ActionDriver - Entered text: "30000" to element: Id with name: form_item_price
2026-01-14 22:36:56 [TestNG-test-testek-1] INFO  ActionDriver - Entered text: "13" to element: Id with name: form_item_unit
2026-01-14 22:36:57 [TestNG-test-testek-1] INFO  ActionDriver - Applied the border with color green to element Id with name: form_item_category
2026-01-14 22:36:57 [TestNG-test-testek-1] INFO  ActionDriver - Element is clicked: Id with name: form_item_category
2026-01-14 22:36:57 [TestNG-test-testek-1] INFO  ActionDriver - Applied the border with color green to element Text with name: Item 1 Test_edit
2026-01-14 22:36:57 [TestNG-test-testek-1] INFO  ActionDriver - Element is clicked: Text with name: Item 1 Test_edit
2026-01-14 22:36:58 [TestNG-test-testek-1] INFO  ActionDriver - Applied the border with color green to element Id with name: form_item_supplier
2026-01-14 22:36:58 [TestNG-test-testek-1] INFO  ActionDriver - Element is clicked: Id with name: form_item_supplier
2026-01-14 22:36:58 [TestNG-test-testek-1] INFO  ActionDriver - Applied the border with color green to element Text with name: KIM CHI vukimchi023@gmail.com Auto_Hai Ba Trung, H...
2026-01-14 22:36:58 [TestNG-test-testek-1] INFO  ActionDriver - Element is clicked: Text with name: KIM CHI vukimchi023@gmail.com Auto_Hai Ba Trung, H...
2026-01-14 22:36:59 [TestNG-test-testek-1] INFO  ActionDriver - Applied the border with color green to element Text with name: Thêm
2026-01-14 22:36:59 [TestNG-test-testek-1] INFO  ActionDriver - Element is clicked: Text with name: Thêm
2026-01-14 22:36:59 [TestNG-test-testek-1] INFO  ActionDriver - Texts are matching! actualText: "Vui lòng nhập số lượng"
2026-01-14 22:37:00 [TestNG-test-testek-1] INFO  ActionDriver - Applied the border with color green to element Text with name: Sản phẩm
2026-01-14 22:37:00 [TestNG-test-testek-1] INFO  ActionDriver - Element is clicked: Text with name: Sản phẩm
2026-01-14 22:37:00 [TestNG-test-testek-1] INFO  ActionDriver - Applied the border with color green to element Text with name: Thêm sản phẩm
2026-01-14 22:37:00 [TestNG-test-testek-1] INFO  ActionDriver - Element is clicked: Text with name: Thêm sản phẩm
2026-01-14 22:37:01 [TestNG-test-testek-1] INFO  ActionDriver - Text are matching
2026-01-14 22:37:01 [TestNG-test-testek-1] INFO  ActionDriver - Entered text: "TH00995365180" to element: Id with name: form_item_code
2026-01-14 22:37:01 [TestNG-test-testek-1] INFO  ActionDriver - Entered text: "Sản phẩm 2" to element: Id with name: form_item_name
2026-01-14 22:37:01 [TestNG-test-testek-1] INFO  ActionDriver - Entered text: "This is our best seller product" to element: Id with name: form_item_description
2026-01-14 22:37:01 [TestNG-test-testek-1] INFO  ActionDriver - Entered text: "30000" to element: Id with name: form_item_price
2026-01-14 22:37:02 [TestNG-test-testek-1] INFO  ActionDriver - Entered text: "14" to element: Id with name: form_item_quantity
2026-01-14 22:37:02 [TestNG-test-testek-1] INFO  ActionDriver - Entered text: "13" to element: Id with name: form_item_unit
2026-01-14 22:37:02 [TestNG-test-testek-1] INFO  ActionDriver - Applied the border with color green to element Id with name: form_item_supplier
2026-01-14 22:37:02 [TestNG-test-testek-1] INFO  ActionDriver - Element is clicked: Id with name: form_item_supplier
2026-01-14 22:37:02 [TestNG-test-testek-1] INFO  ActionDriver - Applied the border with color green to element Text with name: KIM CHI vukimchi023@gmail.com Auto_Hai Ba Trung, H...
2026-01-14 22:37:02 [TestNG-test-testek-1] INFO  ActionDriver - Element is clicked: Text with name: KIM CHI vukimchi023@gmail.com Auto_Hai Ba Trung, H...
2026-01-14 22:37:03 [TestNG-test-testek-1] INFO  ActionDriver - Applied the border with color green to element Text with name: Thêm
2026-01-14 22:37:03 [TestNG-test-testek-1] INFO  ActionDriver - Element is clicked: Text with name: Thêm
2026-01-14 22:37:04 [TestNG-test-testek-1] INFO  ActionDriver - Texts are matching! actualText: "Vui lòng chọn danh mục"
2026-01-14 22:37:04 [TestNG-test-testek-1] INFO  ActionDriver - Applied the border with color green to element Text with name: Sản phẩm
2026-01-14 22:37:04 [TestNG-test-testek-1] INFO  ActionDriver - Element is clicked: Text with name: Sản phẩm
2026-01-14 22:37:04 [TestNG-test-testek-1] INFO  ActionDriver - Applied the border with color green to element Text with name: Thêm sản phẩm
2026-01-14 22:37:04 [TestNG-test-testek-1] INFO  ActionDriver - Element is clicked: Text with name: Thêm sản phẩm
2026-01-14 22:37:05 [TestNG-test-testek-1] INFO  ActionDriver - Text are matching
2026-01-14 22:37:05 [TestNG-test-testek-1] INFO  ActionDriver - Entered text: "TH001" to element: Id with name: form_item_code
2026-01-14 22:37:05 [TestNG-test-testek-1] INFO  ActionDriver - Entered text: "Sản phẩm 2" to element: Id with name: form_item_name
2026-01-14 22:37:06 [TestNG-test-testek-1] INFO  ActionDriver - Entered text: "This is our best seller product" to element: Id with name: form_item_description
2026-01-14 22:37:06 [TestNG-test-testek-1] INFO  ActionDriver - Entered text: "30000" to element: Id with name: form_item_price
2026-01-14 22:37:06 [TestNG-test-testek-1] INFO  ActionDriver - Entered text: "20" to element: Id with name: form_item_quantity
2026-01-14 22:37:06 [TestNG-test-testek-1] INFO  ActionDriver - Entered text: "Chiếc" to element: Id with name: form_item_unit
2026-01-14 22:37:06 [TestNG-test-testek-1] INFO  ActionDriver - Applied the border with color green to element Id with name: form_item_category
2026-01-14 22:37:06 [TestNG-test-testek-1] INFO  ActionDriver - Element is clicked: Id with name: form_item_category
2026-01-14 22:37:07 [TestNG-test-testek-1] INFO  ActionDriver - Applied the border with color green to element Text with name: Item 1 Test_edit
2026-01-14 22:37:07 [TestNG-test-testek-1] INFO  ActionDriver - Element is clicked: Text with name: Item 1 Test_edit
2026-01-14 22:37:07 [TestNG-test-testek-1] INFO  ActionDriver - Applied the border with color green to element Id with name: form_item_supplier
2026-01-14 22:37:07 [TestNG-test-testek-1] INFO  ActionDriver - Element is clicked: Id with name: form_item_supplier
2026-01-14 22:37:08 [TestNG-test-testek-1] INFO  ActionDriver - Applied the border with color green to element Text with name: KIM CHI vukimchi023@gmail.com Auto_Hai Ba Trung, H...
2026-01-14 22:37:08 [TestNG-test-testek-1] INFO  ActionDriver - Element is clicked: Text with name: KIM CHI vukimchi023@gmail.com Auto_Hai Ba Trung, H...
2026-01-14 22:37:08 [TestNG-test-testek-1] INFO  ActionDriver - Applied the border with color green to element Text with name: Thêm
2026-01-14 22:37:08 [TestNG-test-testek-1] INFO  ActionDriver - Element is clicked: Text with name: Thêm
2026-01-14 22:37:09 [TestNG-test-testek-1] INFO  ActionDriver - Texts are matching! actualText: "Product already exists {0}"
2026-01-14 22:37:10 [TestNG-test-testek-1] INFO  BaseClass - WebDriver instance is quited
2026-01-14 22:43:51 [main] INFO  BaseClass - config.properties file loaded
2026-01-14 22:43:52 [TestNG-test-testek-1] INFO  BaseClass - Setting up WebDriver for:CreateProductPageTest
2026-01-14 22:43:54 [TestNG-test-testek-1] INFO  BaseClass - ChromeDriver instance is created
2026-01-14 22:43:56 [TestNG-test-testek-1] INFO  BaseClass - WenDriver Initialized and Browser Maximized
2026-01-14 22:43:56 [TestNG-test-testek-1] INFO  BaseClass - ActionDriver initialized for thread 34
2026-01-14 22:43:56 [TestNG-test-testek-1] INFO  ActionDriver - Entered text: "admin_com_role" to element: Id with name: normal_login_username
2026-01-14 22:43:57 [TestNG-test-testek-1] INFO  ActionDriver - Entered text: "aA12345678@" to element: Id with name: normal_login_password
2026-01-14 22:43:57 [TestNG-test-testek-1] INFO  ActionDriver - Applied the border with color green to element Text with name: Đăng nhập
2026-01-14 22:43:57 [TestNG-test-testek-1] INFO  ActionDriver - Element is clicked: Text with name: Đăng nhập
2026-01-14 22:43:58 [TestNG-test-testek-1] INFO  ActionDriver - Applied the border with color green to element Text with name: Sản phẩm
2026-01-14 22:43:58 [TestNG-test-testek-1] INFO  ActionDriver - Element is clicked: Text with name: Sản phẩm
2026-01-14 22:43:59 [TestNG-test-testek-1] INFO  ActionDriver - Applied the border with color green to element Text with name: Thêm sản phẩm
2026-01-14 22:43:59 [TestNG-test-testek-1] INFO  ActionDriver - Element is clicked: Text with name: Thêm sản phẩm
2026-01-14 22:44:00 [TestNG-test-testek-1] INFO  ActionDriver - Text are matching
2026-01-14 22:44:01 [TestNG-test-testek-1] INFO  ActionDriver - Entered text: "TH005817467152" to element: Id with name: form_item_code
2026-01-14 22:44:01 [TestNG-test-testek-1] INFO  ActionDriver - Entered text: "Sản phẩm 2" to element: Id with name: form_item_name
2026-01-14 22:44:01 [TestNG-test-testek-1] INFO  ActionDriver - Entered text: "This is our best seller product" to element: Id with name: form_item_description
2026-01-14 22:44:01 [TestNG-test-testek-1] INFO  ActionDriver - Entered text: "30000" to element: Id with name: form_item_price
2026-01-14 22:44:01 [TestNG-test-testek-1] INFO  ActionDriver - Entered text: "20" to element: Id with name: form_item_quantity
2026-01-14 22:44:01 [TestNG-test-testek-1] INFO  ActionDriver - Entered text: "Chiếc" to element: Id with name: form_item_unit
2026-01-14 22:44:02 [TestNG-test-testek-1] INFO  ActionDriver - Applied the border with color green to element Id with name: form_item_category
2026-01-14 22:44:02 [TestNG-test-testek-1] INFO  ActionDriver - Element is clicked: Id with name: form_item_category
2026-01-14 22:44:02 [TestNG-test-testek-1] INFO  ActionDriver - Applied the border with color green to element Text with name: Item 1 Test_edit
2026-01-14 22:44:02 [TestNG-test-testek-1] INFO  ActionDriver - Element is clicked: Text with name: Item 1 Test_edit
2026-01-14 22:44:03 [TestNG-test-testek-1] INFO  ActionDriver - Applied the border with color green to element Id with name: form_item_supplier
2026-01-14 22:44:03 [TestNG-test-testek-1] INFO  ActionDriver - Element is clicked: Id with name: form_item_supplier
2026-01-14 22:44:04 [TestNG-test-testek-1] INFO  ActionDriver - Applied the border with color green to element Text with name: KIM CHI vukimchi023@gmail.com Auto_Hai Ba Trung, H...
2026-01-14 22:44:04 [TestNG-test-testek-1] INFO  ActionDriver - Element is clicked: Text with name: KIM CHI vukimchi023@gmail.com Auto_Hai Ba Trung, H...
2026-01-14 22:44:04 [TestNG-test-testek-1] INFO  ActionDriver - Applied the border with color green to element Text with name: Thêm
2026-01-14 22:44:04 [TestNG-test-testek-1] INFO  ActionDriver - Element is clicked: Text with name: Thêm
2026-01-14 22:44:06 [TestNG-test-testek-1] INFO  ActionDriver - Texts are matching! actualText: "Item 1"
2026-01-14 22:44:06 [TestNG-test-testek-1] INFO  ActionDriver - Texts are matching! actualText: "KIM CHI"
2026-01-14 22:44:06 [TestNG-test-testek-1] INFO  ActionDriver - Texts are matching! actualText: "TH005817467152"
2026-01-14 22:44:06 [TestNG-test-testek-1] INFO  ActionDriver - Texts are matching! actualText: "Sản phẩm 2"
2026-01-14 22:44:06 [TestNG-test-testek-1] INFO  ActionDriver - Texts are matching! actualText: "This is our best seller product"
2026-01-14 22:44:06 [TestNG-test-testek-1] INFO  ActionDriver - Texts are matching! actualText: "20"
2026-01-14 22:44:06 [TestNG-test-testek-1] INFO  ActionDriver - Texts are matching! actualText: "Chiếc"
2026-01-14 22:44:06 [TestNG-test-testek-1] INFO  ActionDriver - Texts are matching! actualText: "30000"
2026-01-14 22:44:07 [TestNG-test-testek-1] INFO  ActionDriver - Applied the border with color green to element Text with name: Sản phẩm
2026-01-14 22:44:07 [TestNG-test-testek-1] INFO  ActionDriver - Element is clicked: Text with name: Sản phẩm
2026-01-14 22:44:08 [TestNG-test-testek-1] INFO  ActionDriver - Applied the border with color green to element Text with name: Thêm sản phẩm
2026-01-14 22:44:08 [TestNG-test-testek-1] INFO  ActionDriver - Element is clicked: Text with name: Thêm sản phẩm
2026-01-14 22:44:08 [TestNG-test-testek-1] INFO  ActionDriver - Text are matching
2026-01-14 22:44:09 [TestNG-test-testek-1] INFO  ActionDriver - Entered text: "Sản phẩm 2" to element: Id with name: form_item_name
2026-01-14 22:44:09 [TestNG-test-testek-1] INFO  ActionDriver - Entered text: "This is our best seller product" to element: Id with name: form_item_description
2026-01-14 22:44:09 [TestNG-test-testek-1] INFO  ActionDriver - Entered text: "30000" to element: Id with name: form_item_price
2026-01-14 22:44:09 [TestNG-test-testek-1] INFO  ActionDriver - Entered text: "12" to element: Id with name: form_item_quantity
2026-01-14 22:44:09 [TestNG-test-testek-1] INFO  ActionDriver - Entered text: "12" to element: Id with name: form_item_unit
2026-01-14 22:44:09 [TestNG-test-testek-1] INFO  ActionDriver - Applied the border with color green to element Id with name: form_item_category
2026-01-14 22:44:09 [TestNG-test-testek-1] INFO  ActionDriver - Element is clicked: Id with name: form_item_category
2026-01-14 22:44:10 [TestNG-test-testek-1] INFO  ActionDriver - Applied the border with color green to element Text with name: Item 1 Test_edit
2026-01-14 22:44:10 [TestNG-test-testek-1] INFO  ActionDriver - Element is clicked: Text with name: Item 1 Test_edit
2026-01-14 22:44:11 [TestNG-test-testek-1] INFO  ActionDriver - Applied the border with color green to element Id with name: form_item_supplier
2026-01-14 22:44:11 [TestNG-test-testek-1] INFO  ActionDriver - Element is clicked: Id with name: form_item_supplier
2026-01-14 22:44:11 [TestNG-test-testek-1] INFO  ActionDriver - Applied the border with color green to element Text with name: KIM CHI vukimchi023@gmail.com Auto_Hai Ba Trung, H...
2026-01-14 22:44:11 [TestNG-test-testek-1] INFO  ActionDriver - Element is clicked: Text with name: KIM CHI vukimchi023@gmail.com Auto_Hai Ba Trung, H...
2026-01-14 22:44:12 [TestNG-test-testek-1] INFO  ActionDriver - Applied the border with color green to element Text with name: Thêm
2026-01-14 22:44:12 [TestNG-test-testek-1] INFO  ActionDriver - Element is clicked: Text with name: Thêm
2026-01-14 22:44:13 [TestNG-test-testek-1] INFO  ActionDriver - Texts are matching! actualText: "Vui lòng nhập mã"
2026-01-14 22:44:13 [TestNG-test-testek-1] INFO  ActionDriver - Applied the border with color green to element Text with name: Sản phẩm
2026-01-14 22:44:13 [TestNG-test-testek-1] INFO  ActionDriver - Element is clicked: Text with name: Sản phẩm
2026-01-14 22:44:14 [TestNG-test-testek-1] INFO  ActionDriver - Applied the border with color green to element Text with name: Thêm sản phẩm
2026-01-14 22:44:14 [TestNG-test-testek-1] INFO  ActionDriver - Element is clicked: Text with name: Thêm sản phẩm
2026-01-14 22:44:14 [TestNG-test-testek-1] INFO  ActionDriver - Text are matching
2026-01-14 22:44:14 [TestNG-test-testek-1] INFO  ActionDriver - Applied the border with color green to element Text with name: Thêm
2026-01-14 22:44:14 [TestNG-test-testek-1] INFO  ActionDriver - Element is clicked: Text with name: Thêm
2026-01-14 22:44:15 [TestNG-test-testek-1] INFO  ActionDriver - Texts are matching! actualText: "Vui lòng chọn danh mục"
2026-01-14 22:44:15 [TestNG-test-testek-1] INFO  ActionDriver - Texts are matching! actualText: "Vui lòng chọn nhà cung cấp"
2026-01-14 22:44:15 [TestNG-test-testek-1] INFO  ActionDriver - Texts are matching! actualText: "Vui lòng nhập mã"
2026-01-14 22:44:15 [TestNG-test-testek-1] INFO  ActionDriver - Texts are matching! actualText: "Vui lòng nhập tên"
2026-01-14 22:44:15 [TestNG-test-testek-1] INFO  ActionDriver - Texts are matching! actualText: "Vui lòng nhập đơn vị tính"
2026-01-14 22:44:15 [TestNG-test-testek-1] INFO  ActionDriver - Texts are matching! actualText: "Vui lòng nhập mô tả"
2026-01-14 22:44:15 [TestNG-test-testek-1] INFO  ActionDriver - Texts are matching! actualText: "Vui lòng nhập giá"
2026-01-14 22:44:15 [TestNG-test-testek-1] INFO  ActionDriver - Texts are matching! actualText: "Vui lòng nhập số lượng"
2026-01-14 22:44:16 [TestNG-test-testek-1] INFO  ActionDriver - Applied the border with color green to element Text with name: Sản phẩm
2026-01-14 22:44:16 [TestNG-test-testek-1] INFO  ActionDriver - Element is clicked: Text with name: Sản phẩm
2026-01-14 22:44:16 [TestNG-test-testek-1] INFO  ActionDriver - Applied the border with color green to element Text with name: Thêm sản phẩm
2026-01-14 22:44:16 [TestNG-test-testek-1] INFO  ActionDriver - Element is clicked: Text with name: Thêm sản phẩm
2026-01-14 22:44:17 [TestNG-test-testek-1] INFO  ActionDriver - Text are matching
2026-01-14 22:44:17 [TestNG-test-testek-1] INFO  ActionDriver - Entered text: "TH00595497449" to element: Id with name: form_item_code
2026-01-14 22:44:17 [TestNG-test-testek-1] INFO  ActionDriver - Entered text: "This is our best seller product" to element: Id with name: form_item_description
2026-01-14 22:44:18 [TestNG-test-testek-1] INFO  ActionDriver - Entered text: "30000" to element: Id with name: form_item_price
2026-01-14 22:44:18 [TestNG-test-testek-1] INFO  ActionDriver - Entered text: "12" to element: Id with name: form_item_quantity
2026-01-14 22:44:18 [TestNG-test-testek-1] INFO  ActionDriver - Entered text: "12" to element: Id with name: form_item_unit
2026-01-14 22:44:18 [TestNG-test-testek-1] INFO  ActionDriver - Applied the border with color green to element Id with name: form_item_category
2026-01-14 22:44:18 [TestNG-test-testek-1] INFO  ActionDriver - Element is clicked: Id with name: form_item_category
2026-01-14 22:44:19 [TestNG-test-testek-1] INFO  ActionDriver - Applied the border with color green to element Text with name: Item 1 Test_edit
2026-01-14 22:44:19 [TestNG-test-testek-1] INFO  ActionDriver - Element is clicked: Text with name: Item 1 Test_edit
2026-01-14 22:44:19 [TestNG-test-testek-1] INFO  ActionDriver - Applied the border with color green to element Id with name: form_item_supplier
2026-01-14 22:44:19 [TestNG-test-testek-1] INFO  ActionDriver - Element is clicked: Id with name: form_item_supplier
2026-01-14 22:44:20 [TestNG-test-testek-1] INFO  ActionDriver - Applied the border with color green to element Text with name: KIM CHI vukimchi023@gmail.com Auto_Hai Ba Trung, H...
2026-01-14 22:44:20 [TestNG-test-testek-1] INFO  ActionDriver - Element is clicked: Text with name: KIM CHI vukimchi023@gmail.com Auto_Hai Ba Trung, H...
2026-01-14 22:44:21 [TestNG-test-testek-1] INFO  ActionDriver - Applied the border with color green to element Text with name: Thêm
2026-01-14 22:44:21 [TestNG-test-testek-1] INFO  ActionDriver - Element is clicked: Text with name: Thêm
2026-01-14 22:44:22 [TestNG-test-testek-1] INFO  ActionDriver - Texts are matching! actualText: "Vui lòng nhập tên"
2026-01-14 22:44:22 [TestNG-test-testek-1] INFO  ActionDriver - Applied the border with color green to element Text with name: Sản phẩm
2026-01-14 22:44:22 [TestNG-test-testek-1] INFO  ActionDriver - Element is clicked: Text with name: Sản phẩm
2026-01-14 22:44:23 [TestNG-test-testek-1] INFO  ActionDriver - Applied the border with color green to element Text with name: Thêm sản phẩm
2026-01-14 22:44:23 [TestNG-test-testek-1] INFO  ActionDriver - Element is clicked: Text with name: Thêm sản phẩm
2026-01-14 22:44:24 [TestNG-test-testek-1] INFO  ActionDriver - Text are matching
2026-01-14 22:44:25 [TestNG-test-testek-1] INFO  ActionDriver - Entered text: "TH00-1725116951" to element: Id with name: form_item_code
2026-01-14 22:44:25 [TestNG-test-testek-1] INFO  ActionDriver - Entered text: "Sản phẩm 2" to element: Id with name: form_item_name
2026-01-14 22:44:26 [TestNG-test-testek-1] INFO  ActionDriver - Entered text: "This is our best seller product" to element: Id with name: form_item_description
2026-01-14 22:44:26 [TestNG-test-testek-1] INFO  ActionDriver - Entered text: "30000" to element: Id with name: form_item_price
2026-01-14 22:44:26 [TestNG-test-testek-1] INFO  ActionDriver - Entered text: "12" to element: Id with name: form_item_quantity
2026-01-14 22:44:26 [TestNG-test-testek-1] INFO  ActionDriver - Applied the border with color green to element Id with name: form_item_category
2026-01-14 22:44:26 [TestNG-test-testek-1] INFO  ActionDriver - Element is clicked: Id with name: form_item_category
2026-01-14 22:44:27 [TestNG-test-testek-1] INFO  ActionDriver - Applied the border with color green to element Text with name: Item 1 Test_edit
2026-01-14 22:44:27 [TestNG-test-testek-1] INFO  ActionDriver - Element is clicked: Text with name: Item 1 Test_edit
2026-01-14 22:44:28 [TestNG-test-testek-1] INFO  ActionDriver - Applied the border with color green to element Id with name: form_item_supplier
2026-01-14 22:44:28 [TestNG-test-testek-1] INFO  ActionDriver - Element is clicked: Id with name: form_item_supplier
2026-01-14 22:44:29 [TestNG-test-testek-1] INFO  ActionDriver - Applied the border with color green to element Text with name: KIM CHI vukimchi023@gmail.com Auto_Hai Ba Trung, H...
2026-01-14 22:44:29 [TestNG-test-testek-1] INFO  ActionDriver - Element is clicked: Text with name: KIM CHI vukimchi023@gmail.com Auto_Hai Ba Trung, H...
2026-01-14 22:44:29 [TestNG-test-testek-1] INFO  ActionDriver - Applied the border with color green to element Text with name: Thêm
2026-01-14 22:44:29 [TestNG-test-testek-1] INFO  ActionDriver - Element is clicked: Text with name: Thêm
2026-01-14 22:44:30 [TestNG-test-testek-1] INFO  ActionDriver - Texts are matching! actualText: "Vui lòng nhập đơn vị tính"
2026-01-14 22:44:30 [TestNG-test-testek-1] INFO  ActionDriver - Applied the border with color green to element Text with name: Sản phẩm
2026-01-14 22:44:30 [TestNG-test-testek-1] INFO  ActionDriver - Element is clicked: Text with name: Sản phẩm
2026-01-14 22:44:31 [TestNG-test-testek-1] INFO  ActionDriver - Applied the border with color green to element Text with name: Thêm sản phẩm
2026-01-14 22:44:31 [TestNG-test-testek-1] INFO  ActionDriver - Element is clicked: Text with name: Thêm sản phẩm
2026-01-14 22:44:32 [TestNG-test-testek-1] INFO  ActionDriver - Text are matching
2026-01-14 22:44:32 [TestNG-test-testek-1] INFO  ActionDriver - Entered text: "TH00-2074329065" to element: Id with name: form_item_code
2026-01-14 22:44:32 [TestNG-test-testek-1] INFO  ActionDriver - Entered text: "Sản phẩm 2" to element: Id with name: form_item_name
2026-01-14 22:44:33 [TestNG-test-testek-1] INFO  ActionDriver - Entered text: "30000" to element: Id with name: form_item_price
2026-01-14 22:44:33 [TestNG-test-testek-1] INFO  ActionDriver - Entered text: "12" to element: Id with name: form_item_quantity
2026-01-14 22:44:33 [TestNG-test-testek-1] INFO  ActionDriver - Entered text: "13" to element: Id with name: form_item_unit
2026-01-14 22:44:33 [TestNG-test-testek-1] INFO  ActionDriver - Applied the border with color green to element Id with name: form_item_category
2026-01-14 22:44:33 [TestNG-test-testek-1] INFO  ActionDriver - Element is clicked: Id with name: form_item_category
2026-01-14 22:44:34 [TestNG-test-testek-1] INFO  ActionDriver - Applied the border with color green to element Text with name: Item 1 Test_edit
2026-01-14 22:44:34 [TestNG-test-testek-1] INFO  ActionDriver - Element is clicked: Text with name: Item 1 Test_edit
2026-01-14 22:44:35 [TestNG-test-testek-1] INFO  ActionDriver - Applied the border with color green to element Id with name: form_item_supplier
2026-01-14 22:44:35 [TestNG-test-testek-1] INFO  ActionDriver - Element is clicked: Id with name: form_item_supplier
2026-01-14 22:44:35 [TestNG-test-testek-1] INFO  ActionDriver - Applied the border with color green to element Text with name: KIM CHI vukimchi023@gmail.com Auto_Hai Ba Trung, H...
2026-01-14 22:44:35 [TestNG-test-testek-1] INFO  ActionDriver - Element is clicked: Text with name: KIM CHI vukimchi023@gmail.com Auto_Hai Ba Trung, H...
2026-01-14 22:44:36 [TestNG-test-testek-1] INFO  ActionDriver - Applied the border with color green to element Text with name: Thêm
2026-01-14 22:44:36 [TestNG-test-testek-1] INFO  ActionDriver - Element is clicked: Text with name: Thêm
2026-01-14 22:44:37 [TestNG-test-testek-1] INFO  ActionDriver - Texts are matching! actualText: "Vui lòng nhập mô tả"
2026-01-14 22:44:37 [TestNG-test-testek-1] INFO  ActionDriver - Applied the border with color green to element Text with name: Sản phẩm
2026-01-14 22:44:37 [TestNG-test-testek-1] INFO  ActionDriver - Element is clicked: Text with name: Sản phẩm
2026-01-14 22:44:38 [TestNG-test-testek-1] INFO  ActionDriver - Applied the border with color green to element Text with name: Thêm sản phẩm
2026-01-14 22:44:38 [TestNG-test-testek-1] INFO  ActionDriver - Element is clicked: Text with name: Thêm sản phẩm
2026-01-14 22:44:39 [TestNG-test-testek-1] INFO  ActionDriver - Text are matching
2026-01-14 22:44:39 [TestNG-test-testek-1] INFO  ActionDriver - Entered text: "TH00-819479127" to element: Id with name: form_item_code
2026-01-14 22:44:39 [TestNG-test-testek-1] INFO  ActionDriver - Entered text: "Sản phẩm 2" to element: Id with name: form_item_name
2026-01-14 22:44:40 [TestNG-test-testek-1] INFO  ActionDriver - Entered text: "This is our best seller product" to element: Id with name: form_item_description
2026-01-14 22:44:40 [TestNG-test-testek-1] INFO  ActionDriver - Entered text: "12" to element: Id with name: form_item_quantity
2026-01-14 22:44:40 [TestNG-test-testek-1] INFO  ActionDriver - Entered text: "13" to element: Id with name: form_item_unit
2026-01-14 22:44:40 [TestNG-test-testek-1] INFO  ActionDriver - Applied the border with color green to element Id with name: form_item_category
2026-01-14 22:44:40 [TestNG-test-testek-1] INFO  ActionDriver - Element is clicked: Id with name: form_item_category
2026-01-14 22:44:41 [TestNG-test-testek-1] INFO  ActionDriver - Applied the border with color green to element Text with name: Item 1 Test_edit
2026-01-14 22:44:41 [TestNG-test-testek-1] INFO  ActionDriver - Element is clicked: Text with name: Item 1 Test_edit
2026-01-14 22:44:42 [TestNG-test-testek-1] INFO  ActionDriver - Applied the border with color green to element Id with name: form_item_supplier
2026-01-14 22:44:42 [TestNG-test-testek-1] INFO  ActionDriver - Element is clicked: Id with name: form_item_supplier
2026-01-14 22:44:42 [TestNG-test-testek-1] INFO  ActionDriver - Applied the border with color green to element Text with name: KIM CHI vukimchi023@gmail.com Auto_Hai Ba Trung, H...
2026-01-14 22:44:42 [TestNG-test-testek-1] INFO  ActionDriver - Element is clicked: Text with name: KIM CHI vukimchi023@gmail.com Auto_Hai Ba Trung, H...
2026-01-14 22:44:43 [TestNG-test-testek-1] INFO  ActionDriver - Applied the border with color green to element Text with name: Thêm
2026-01-14 22:44:43 [TestNG-test-testek-1] INFO  ActionDriver - Element is clicked: Text with name: Thêm
2026-01-14 22:44:44 [TestNG-test-testek-1] INFO  ActionDriver - Texts are matching! actualText: "Vui lòng nhập giá"
2026-01-14 22:44:44 [TestNG-test-testek-1] INFO  ActionDriver - Applied the border with color green to element Text with name: Sản phẩm
2026-01-14 22:44:44 [TestNG-test-testek-1] INFO  ActionDriver - Element is clicked: Text with name: Sản phẩm
2026-01-14 22:44:45 [TestNG-test-testek-1] INFO  ActionDriver - Applied the border with color green to element Text with name: Thêm sản phẩm
2026-01-14 22:44:45 [TestNG-test-testek-1] INFO  ActionDriver - Element is clicked: Text with name: Thêm sản phẩm
2026-01-14 22:44:45 [TestNG-test-testek-1] INFO  ActionDriver - Text are matching
2026-01-14 22:44:46 [TestNG-test-testek-1] INFO  ActionDriver - Entered text: "TH00242438760" to element: Id with name: form_item_code
2026-01-14 22:44:46 [TestNG-test-testek-1] INFO  ActionDriver - Entered text: "Sản phẩm 2" to element: Id with name: form_item_name
2026-01-14 22:44:46 [TestNG-test-testek-1] INFO  ActionDriver - Entered text: "This is our best seller product" to element: Id with name: form_item_description
2026-01-14 22:44:46 [TestNG-test-testek-1] INFO  ActionDriver - Entered text: "30000" to element: Id with name: form_item_price
2026-01-14 22:44:47 [TestNG-test-testek-1] INFO  ActionDriver - Entered text: "13" to element: Id with name: form_item_unit
2026-01-14 22:44:47 [TestNG-test-testek-1] INFO  ActionDriver - Applied the border with color green to element Id with name: form_item_category
2026-01-14 22:44:47 [TestNG-test-testek-1] INFO  ActionDriver - Element is clicked: Id with name: form_item_category
2026-01-14 22:44:47 [TestNG-test-testek-1] INFO  ActionDriver - Applied the border with color green to element Text with name: Item 1 Test_edit
2026-01-14 22:44:47 [TestNG-test-testek-1] INFO  ActionDriver - Element is clicked: Text with name: Item 1 Test_edit
2026-01-14 22:44:48 [TestNG-test-testek-1] INFO  ActionDriver - Applied the border with color green to element Id with name: form_item_supplier
2026-01-14 22:44:48 [TestNG-test-testek-1] INFO  ActionDriver - Element is clicked: Id with name: form_item_supplier
2026-01-14 22:44:49 [TestNG-test-testek-1] INFO  ActionDriver - Applied the border with color green to element Text with name: KIM CHI vukimchi023@gmail.com Auto_Hai Ba Trung, H...
2026-01-14 22:44:49 [TestNG-test-testek-1] INFO  ActionDriver - Element is clicked: Text with name: KIM CHI vukimchi023@gmail.com Auto_Hai Ba Trung, H...
2026-01-14 22:44:49 [TestNG-test-testek-1] INFO  ActionDriver - Applied the border with color green to element Text with name: Thêm
2026-01-14 22:44:49 [TestNG-test-testek-1] INFO  ActionDriver - Element is clicked: Text with name: Thêm
2026-01-14 22:44:50 [TestNG-test-testek-1] INFO  ActionDriver - Texts are matching! actualText: "Vui lòng nhập số lượng"
2026-01-14 22:44:50 [TestNG-test-testek-1] INFO  ActionDriver - Applied the border with color green to element Text with name: Sản phẩm
2026-01-14 22:44:50 [TestNG-test-testek-1] INFO  ActionDriver - Element is clicked: Text with name: Sản phẩm
2026-01-14 22:44:51 [TestNG-test-testek-1] INFO  ActionDriver - Applied the border with color green to element Text with name: Thêm sản phẩm
2026-01-14 22:44:51 [TestNG-test-testek-1] INFO  ActionDriver - Element is clicked: Text with name: Thêm sản phẩm
2026-01-14 22:44:52 [TestNG-test-testek-1] INFO  ActionDriver - Text are matching
2026-01-14 22:44:52 [TestNG-test-testek-1] INFO  ActionDriver - Entered text: "TH00-2034230451" to element: Id with name: form_item_code
2026-01-14 22:44:52 [TestNG-test-testek-1] INFO  ActionDriver - Entered text: "Sản phẩm 2" to element: Id with name: form_item_name
2026-01-14 22:44:52 [TestNG-test-testek-1] INFO  ActionDriver - Entered text: "This is our best seller product" to element: Id with name: form_item_description
2026-01-14 22:44:52 [TestNG-test-testek-1] INFO  ActionDriver - Entered text: "30000" to element: Id with name: form_item_price
2026-01-14 22:44:53 [TestNG-test-testek-1] INFO  ActionDriver - Entered text: "14" to element: Id with name: form_item_quantity
2026-01-14 22:44:53 [TestNG-test-testek-1] INFO  ActionDriver - Entered text: "13" to element: Id with name: form_item_unit
2026-01-14 22:44:53 [TestNG-test-testek-1] INFO  ActionDriver - Applied the border with color green to element Id with name: form_item_supplier
2026-01-14 22:44:53 [TestNG-test-testek-1] INFO  ActionDriver - Element is clicked: Id with name: form_item_supplier
2026-01-14 22:44:54 [TestNG-test-testek-1] INFO  ActionDriver - Applied the border with color green to element Text with name: KIM CHI vukimchi023@gmail.com Auto_Hai Ba Trung, H...
2026-01-14 22:44:54 [TestNG-test-testek-1] INFO  ActionDriver - Element is clicked: Text with name: KIM CHI vukimchi023@gmail.com Auto_Hai Ba Trung, H...
2026-01-14 22:44:54 [TestNG-test-testek-1] INFO  ActionDriver - Applied the border with color green to element Text with name: Thêm
2026-01-14 22:44:54 [TestNG-test-testek-1] INFO  ActionDriver - Element is clicked: Text with name: Thêm
2026-01-14 22:44:55 [TestNG-test-testek-1] INFO  ActionDriver - Texts are matching! actualText: "Vui lòng chọn danh mục"
2026-01-14 22:44:55 [TestNG-test-testek-1] INFO  ActionDriver - Applied the border with color green to element Text with name: Sản phẩm
2026-01-14 22:44:55 [TestNG-test-testek-1] INFO  ActionDriver - Element is clicked: Text with name: Sản phẩm
2026-01-14 22:44:56 [TestNG-test-testek-1] INFO  ActionDriver - Applied the border with color green to element Text with name: Thêm sản phẩm
2026-01-14 22:44:56 [TestNG-test-testek-1] INFO  ActionDriver - Element is clicked: Text with name: Thêm sản phẩm
2026-01-14 22:44:57 [TestNG-test-testek-1] INFO  ActionDriver - Text are matching
2026-01-14 22:44:57 [TestNG-test-testek-1] INFO  ActionDriver - Entered text: "TH001" to element: Id with name: form_item_code
2026-01-14 22:44:57 [TestNG-test-testek-1] INFO  ActionDriver - Entered text: "Sản phẩm 2" to element: Id with name: form_item_name
2026-01-14 22:44:57 [TestNG-test-testek-1] INFO  ActionDriver - Entered text: "This is our best seller product" to element: Id with name: form_item_description
2026-01-14 22:44:58 [TestNG-test-testek-1] INFO  ActionDriver - Entered text: "30000" to element: Id with name: form_item_price
2026-01-14 22:44:58 [TestNG-test-testek-1] INFO  ActionDriver - Entered text: "20" to element: Id with name: form_item_quantity
2026-01-14 22:44:58 [TestNG-test-testek-1] INFO  ActionDriver - Entered text: "Chiếc" to element: Id with name: form_item_unit
2026-01-14 22:44:58 [TestNG-test-testek-1] INFO  ActionDriver - Applied the border with color green to element Id with name: form_item_category
2026-01-14 22:44:58 [TestNG-test-testek-1] INFO  ActionDriver - Element is clicked: Id with name: form_item_category
2026-01-14 22:44:59 [TestNG-test-testek-1] INFO  ActionDriver - Applied the border with color green to element Text with name: Item 1 Test_edit
2026-01-14 22:44:59 [TestNG-test-testek-1] INFO  ActionDriver - Element is clicked: Text with name: Item 1 Test_edit
2026-01-14 22:44:59 [TestNG-test-testek-1] INFO  ActionDriver - Applied the border with color green to element Id with name: form_item_supplier
2026-01-14 22:44:59 [TestNG-test-testek-1] INFO  ActionDriver - Element is clicked: Id with name: form_item_supplier
2026-01-14 22:45:00 [TestNG-test-testek-1] INFO  ActionDriver - Applied the border with color green to element Text with name: KIM CHI vukimchi023@gmail.com Auto_Hai Ba Trung, H...
2026-01-14 22:45:00 [TestNG-test-testek-1] INFO  ActionDriver - Element is clicked: Text with name: KIM CHI vukimchi023@gmail.com Auto_Hai Ba Trung, H...
2026-01-14 22:45:01 [TestNG-test-testek-1] INFO  ActionDriver - Applied the border with color green to element Text with name: Thêm
2026-01-14 22:45:01 [TestNG-test-testek-1] INFO  ActionDriver - Element is clicked: Text with name: Thêm
2026-01-14 22:45:02 [TestNG-test-testek-1] INFO  ActionDriver - Texts are matching! actualText: "Product already exists {0}"
2026-01-14 22:45:02 [TestNG-test-testek-1] INFO  BaseClass - WebDriver instance is quited
2026-01-14 22:49:59 [main] INFO  BaseClass - config.properties file loaded
2026-01-14 22:50:00 [TestNG-test-testek-1] INFO  BaseClass - Setting up WebDriver for:CreateProductPageTest
2026-01-14 22:50:04 [TestNG-test-testek-1] INFO  BaseClass - ChromeDriver instance is created
2026-01-14 22:50:06 [TestNG-test-testek-1] INFO  BaseClass - WenDriver Initialized and Browser Maximized
2026-01-14 22:50:06 [TestNG-test-testek-1] INFO  BaseClass - ActionDriver initialized for thread 34
2026-01-14 22:50:06 [TestNG-test-testek-1] INFO  ActionDriver - Entered text: "admin_com_role" to element: Id with name: normal_login_username
2026-01-14 22:50:06 [TestNG-test-testek-1] INFO  ActionDriver - Entered text: "aA12345678@" to element: Id with name: normal_login_password
2026-01-14 22:50:06 [TestNG-test-testek-1] INFO  ActionDriver - Applied the border with color green to element Text with name: Đăng nhập
2026-01-14 22:50:06 [TestNG-test-testek-1] INFO  ActionDriver - Element is clicked: Text with name: Đăng nhập
2026-01-14 22:50:08 [TestNG-test-testek-1] INFO  ActionDriver - Applied the border with color green to element Text with name: Sản phẩm
2026-01-14 22:50:08 [TestNG-test-testek-1] INFO  ActionDriver - Element is clicked: Text with name: Sản phẩm
2026-01-14 22:50:09 [TestNG-test-testek-1] INFO  ActionDriver - Applied the border with color green to element Text with name: Thêm sản phẩm
2026-01-14 22:50:09 [TestNG-test-testek-1] INFO  ActionDriver - Element is clicked: Text with name: Thêm sản phẩm
2026-01-14 22:50:10 [TestNG-test-testek-1] INFO  ActionDriver - Text are matching
2026-01-14 22:50:10 [TestNG-test-testek-1] INFO  ActionDriver - Entered text: "TH0051053002809" to element: Id with name: form_item_code
2026-01-14 22:50:10 [TestNG-test-testek-1] INFO  ActionDriver - Entered text: "Sản phẩm 2" to element: Id with name: form_item_name
2026-01-14 22:50:11 [TestNG-test-testek-1] INFO  ActionDriver - Entered text: "This is our best seller product" to element: Id with name: form_item_description
2026-01-14 22:50:11 [TestNG-test-testek-1] INFO  ActionDriver - Entered text: "30000" to element: Id with name: form_item_price
2026-01-14 22:50:11 [TestNG-test-testek-1] INFO  ActionDriver - Entered text: "20" to element: Id with name: form_item_quantity
2026-01-14 22:50:11 [TestNG-test-testek-1] INFO  ActionDriver - Entered text: "Chiếc" to element: Id with name: form_item_unit
2026-01-14 22:50:11 [TestNG-test-testek-1] INFO  ActionDriver - Applied the border with color green to element Id with name: form_item_category
2026-01-14 22:50:11 [TestNG-test-testek-1] INFO  ActionDriver - Element is clicked: Id with name: form_item_category
2026-01-14 22:50:12 [TestNG-test-testek-1] INFO  ActionDriver - Applied the border with color green to element Text with name: Item 1 Test_edit
2026-01-14 22:50:12 [TestNG-test-testek-1] INFO  ActionDriver - Element is clicked: Text with name: Item 1 Test_edit
2026-01-14 22:50:13 [TestNG-test-testek-1] INFO  ActionDriver - Applied the border with color green to element Id with name: form_item_supplier
2026-01-14 22:50:13 [TestNG-test-testek-1] INFO  ActionDriver - Element is clicked: Id with name: form_item_supplier
2026-01-14 22:50:14 [TestNG-test-testek-1] INFO  ActionDriver - Applied the border with color green to element Text with name: KIM CHI vukimchi023@gmail.com Auto_Hai Ba Trung, H...
2026-01-14 22:50:14 [TestNG-test-testek-1] INFO  ActionDriver - Element is clicked: Text with name: KIM CHI vukimchi023@gmail.com Auto_Hai Ba Trung, H...
2026-01-14 22:50:14 [TestNG-test-testek-1] INFO  ActionDriver - Applied the border with color green to element Text with name: Thêm
2026-01-14 22:50:14 [TestNG-test-testek-1] INFO  ActionDriver - Element is clicked: Text with name: Thêm
2026-01-14 22:50:16 [TestNG-test-testek-1] INFO  ActionDriver - Texts are matching! actualText: "Item 1"
2026-01-14 22:50:16 [TestNG-test-testek-1] INFO  ActionDriver - Texts are matching! actualText: "KIM CHI"
2026-01-14 22:50:16 [TestNG-test-testek-1] INFO  ActionDriver - Texts are matching! actualText: "TH0051053002809"
2026-01-14 22:50:16 [TestNG-test-testek-1] INFO  ActionDriver - Texts are matching! actualText: "Sản phẩm 2"
2026-01-14 22:50:16 [TestNG-test-testek-1] INFO  ActionDriver - Texts are matching! actualText: "This is our best seller product"
2026-01-14 22:50:16 [TestNG-test-testek-1] INFO  ActionDriver - Texts are matching! actualText: "20"
2026-01-14 22:50:16 [TestNG-test-testek-1] INFO  ActionDriver - Texts are matching! actualText: "Chiếc"
2026-01-14 22:50:16 [TestNG-test-testek-1] INFO  ActionDriver - Texts are matching! actualText: "30000"
2026-01-14 22:50:17 [TestNG-test-testek-1] INFO  ActionDriver - Applied the border with color green to element Text with name: Sản phẩm
2026-01-14 22:50:17 [TestNG-test-testek-1] INFO  ActionDriver - Element is clicked: Text with name: Sản phẩm
2026-01-14 22:50:18 [TestNG-test-testek-1] INFO  ActionDriver - Applied the border with color green to element Text with name: Thêm sản phẩm
2026-01-14 22:50:18 [TestNG-test-testek-1] INFO  ActionDriver - Element is clicked: Text with name: Thêm sản phẩm
2026-01-14 22:50:18 [TestNG-test-testek-1] INFO  ActionDriver - Text are matching
2026-01-14 22:50:19 [TestNG-test-testek-1] INFO  ActionDriver - Entered text: "Sản phẩm 2" to element: Id with name: form_item_name
2026-01-14 22:50:19 [TestNG-test-testek-1] INFO  ActionDriver - Entered text: "This is our best seller product" to element: Id with name: form_item_description
2026-01-14 22:50:19 [TestNG-test-testek-1] INFO  ActionDriver - Entered text: "30000" to element: Id with name: form_item_price
2026-01-14 22:50:19 [TestNG-test-testek-1] INFO  ActionDriver - Entered text: "12" to element: Id with name: form_item_quantity
2026-01-14 22:50:19 [TestNG-test-testek-1] INFO  ActionDriver - Entered text: "12" to element: Id with name: form_item_unit
2026-01-14 22:50:20 [TestNG-test-testek-1] INFO  ActionDriver - Applied the border with color green to element Id with name: form_item_category
2026-01-14 22:50:20 [TestNG-test-testek-1] INFO  ActionDriver - Element is clicked: Id with name: form_item_category
2026-01-14 22:50:20 [TestNG-test-testek-1] INFO  ActionDriver - Applied the border with color green to element Text with name: Item 1 Test_edit
2026-01-14 22:50:20 [TestNG-test-testek-1] INFO  ActionDriver - Element is clicked: Text with name: Item 1 Test_edit
2026-01-14 22:50:21 [TestNG-test-testek-1] INFO  ActionDriver - Applied the border with color green to element Id with name: form_item_supplier
2026-01-14 22:50:21 [TestNG-test-testek-1] INFO  ActionDriver - Element is clicked: Id with name: form_item_supplier
2026-01-14 22:50:22 [TestNG-test-testek-1] INFO  ActionDriver - Applied the border with color green to element Text with name: KIM CHI vukimchi023@gmail.com Auto_Hai Ba Trung, H...
2026-01-14 22:50:22 [TestNG-test-testek-1] INFO  ActionDriver - Element is clicked: Text with name: KIM CHI vukimchi023@gmail.com Auto_Hai Ba Trung, H...
2026-01-14 22:50:22 [TestNG-test-testek-1] INFO  ActionDriver - Applied the border with color green to element Text with name: Thêm
2026-01-14 22:50:22 [TestNG-test-testek-1] INFO  ActionDriver - Element is clicked: Text with name: Thêm
2026-01-14 22:50:23 [TestNG-test-testek-1] INFO  ActionDriver - Texts are matching! actualText: "Vui lòng nhập mã"
2026-01-14 22:50:23 [TestNG-test-testek-1] INFO  ActionDriver - Applied the border with color green to element Text with name: Sản phẩm
2026-01-14 22:50:23 [TestNG-test-testek-1] INFO  ActionDriver - Element is clicked: Text with name: Sản phẩm
2026-01-14 22:50:25 [TestNG-test-testek-1] INFO  ActionDriver - Applied the border with color green to element Text with name: Thêm sản phẩm
2026-01-14 22:50:25 [TestNG-test-testek-1] INFO  ActionDriver - Element is clicked: Text with name: Thêm sản phẩm
2026-01-14 22:50:25 [TestNG-test-testek-1] INFO  ActionDriver - Text are matching
2026-01-14 22:50:26 [TestNG-test-testek-1] INFO  ActionDriver - Applied the border with color green to element Text with name: Thêm
2026-01-14 22:50:26 [TestNG-test-testek-1] INFO  ActionDriver - Element is clicked: Text with name: Thêm
2026-01-14 22:50:26 [TestNG-test-testek-1] INFO  ActionDriver - Texts are matching! actualText: "Vui lòng chọn danh mục"
2026-01-14 22:50:26 [TestNG-test-testek-1] INFO  ActionDriver - Texts are matching! actualText: "Vui lòng chọn nhà cung cấp"
2026-01-14 22:50:26 [TestNG-test-testek-1] INFO  ActionDriver - Texts are matching! actualText: "Vui lòng nhập mã"
2026-01-14 22:50:26 [TestNG-test-testek-1] INFO  ActionDriver - Texts are matching! actualText: "Vui lòng nhập tên"
2026-01-14 22:50:26 [TestNG-test-testek-1] INFO  ActionDriver - Texts are matching! actualText: "Vui lòng nhập đơn vị tính"
2026-01-14 22:50:27 [TestNG-test-testek-1] INFO  ActionDriver - Texts are matching! actualText: "Vui lòng nhập mô tả"
2026-01-14 22:50:27 [TestNG-test-testek-1] INFO  ActionDriver - Texts are matching! actualText: "Vui lòng nhập giá"
2026-01-14 22:50:27 [TestNG-test-testek-1] INFO  ActionDriver - Texts are matching! actualText: "Vui lòng nhập số lượng"
2026-01-14 22:50:27 [TestNG-test-testek-1] INFO  ActionDriver - Applied the border with color green to element Text with name: Sản phẩm
2026-01-14 22:50:27 [TestNG-test-testek-1] INFO  ActionDriver - Element is clicked: Text with name: Sản phẩm
2026-01-14 22:50:28 [TestNG-test-testek-1] INFO  ActionDriver - Applied the border with color green to element Text with name: Thêm sản phẩm
2026-01-14 22:50:28 [TestNG-test-testek-1] INFO  ActionDriver - Element is clicked: Text with name: Thêm sản phẩm
2026-01-14 22:50:29 [TestNG-test-testek-1] INFO  ActionDriver - Text are matching
2026-01-14 22:50:29 [TestNG-test-testek-1] INFO  ActionDriver - Entered text: "TH00-2143392980" to element: Id with name: form_item_code
2026-01-14 22:50:29 [TestNG-test-testek-1] INFO  ActionDriver - Entered text: "This is our best seller product" to element: Id with name: form_item_description
2026-01-14 22:50:30 [TestNG-test-testek-1] INFO  ActionDriver - Entered text: "30000" to element: Id with name: form_item_price
2026-01-14 22:50:30 [TestNG-test-testek-1] INFO  ActionDriver - Entered text: "12" to element: Id with name: form_item_quantity
2026-01-14 22:50:30 [TestNG-test-testek-1] INFO  ActionDriver - Entered text: "12" to element: Id with name: form_item_unit
2026-01-14 22:50:30 [TestNG-test-testek-1] INFO  ActionDriver - Applied the border with color green to element Id with name: form_item_category
2026-01-14 22:50:30 [TestNG-test-testek-1] INFO  ActionDriver - Element is clicked: Id with name: form_item_category
2026-01-14 22:50:31 [TestNG-test-testek-1] INFO  ActionDriver - Applied the border with color green to element Text with name: Item 1 Test_edit
2026-01-14 22:50:31 [TestNG-test-testek-1] INFO  ActionDriver - Element is clicked: Text with name: Item 1 Test_edit
2026-01-14 22:50:31 [TestNG-test-testek-1] INFO  ActionDriver - Applied the border with color green to element Id with name: form_item_supplier
2026-01-14 22:50:31 [TestNG-test-testek-1] INFO  ActionDriver - Element is clicked: Id with name: form_item_supplier
2026-01-14 22:50:32 [TestNG-test-testek-1] INFO  ActionDriver - Applied the border with color green to element Text with name: KIM CHI vukimchi023@gmail.com Auto_Hai Ba Trung, H...
2026-01-14 22:50:32 [TestNG-test-testek-1] INFO  ActionDriver - Element is clicked: Text with name: KIM CHI vukimchi023@gmail.com Auto_Hai Ba Trung, H...
2026-01-14 22:50:33 [TestNG-test-testek-1] INFO  ActionDriver - Applied the border with color green to element Text with name: Thêm
2026-01-14 22:50:33 [TestNG-test-testek-1] INFO  ActionDriver - Element is clicked: Text with name: Thêm
2026-01-14 22:50:33 [TestNG-test-testek-1] INFO  ActionDriver - Texts are matching! actualText: "Vui lòng nhập tên"
2026-01-14 22:50:33 [TestNG-test-testek-1] INFO  ActionDriver - Applied the border with color green to element Text with name: Sản phẩm
2026-01-14 22:50:33 [TestNG-test-testek-1] INFO  ActionDriver - Element is clicked: Text with name: Sản phẩm
2026-01-14 22:50:34 [TestNG-test-testek-1] INFO  ActionDriver - Applied the border with color green to element Text with name: Thêm sản phẩm
2026-01-14 22:50:34 [TestNG-test-testek-1] INFO  ActionDriver - Element is clicked: Text with name: Thêm sản phẩm
2026-01-14 22:50:35 [TestNG-test-testek-1] INFO  ActionDriver - Text are matching
2026-01-14 22:50:35 [TestNG-test-testek-1] INFO  ActionDriver - Entered text: "TH00-1287451050" to element: Id with name: form_item_code
2026-01-14 22:50:35 [TestNG-test-testek-1] INFO  ActionDriver - Entered text: "Sản phẩm 2" to element: Id with name: form_item_name
2026-01-14 22:50:35 [TestNG-test-testek-1] INFO  ActionDriver - Entered text: "This is our best seller product" to element: Id with name: form_item_description
2026-01-14 22:50:35 [TestNG-test-testek-1] INFO  ActionDriver - Entered text: "30000" to element: Id with name: form_item_price
2026-01-14 22:50:36 [TestNG-test-testek-1] INFO  ActionDriver - Entered text: "12" to element: Id with name: form_item_quantity
2026-01-14 22:50:36 [TestNG-test-testek-1] INFO  ActionDriver - Applied the border with color green to element Id with name: form_item_category
2026-01-14 22:50:36 [TestNG-test-testek-1] INFO  ActionDriver - Element is clicked: Id with name: form_item_category
2026-01-14 22:50:36 [TestNG-test-testek-1] INFO  ActionDriver - Applied the border with color green to element Text with name: Item 1 Test_edit
2026-01-14 22:50:36 [TestNG-test-testek-1] INFO  ActionDriver - Element is clicked: Text with name: Item 1 Test_edit
2026-01-14 22:50:37 [TestNG-test-testek-1] INFO  ActionDriver - Applied the border with color green to element Id with name: form_item_supplier
2026-01-14 22:50:37 [TestNG-test-testek-1] INFO  ActionDriver - Element is clicked: Id with name: form_item_supplier
2026-01-14 22:50:37 [TestNG-test-testek-1] INFO  ActionDriver - Applied the border with color green to element Text with name: KIM CHI vukimchi023@gmail.com Auto_Hai Ba Trung, H...
2026-01-14 22:50:37 [TestNG-test-testek-1] INFO  ActionDriver - Element is clicked: Text with name: KIM CHI vukimchi023@gmail.com Auto_Hai Ba Trung, H...
2026-01-14 22:50:38 [TestNG-test-testek-1] INFO  ActionDriver - Applied the border with color green to element Text with name: Thêm
2026-01-14 22:50:38 [TestNG-test-testek-1] INFO  ActionDriver - Element is clicked: Text with name: Thêm
2026-01-14 22:50:39 [TestNG-test-testek-1] INFO  ActionDriver - Texts are matching! actualText: "Vui lòng nhập đơn vị tính"
2026-01-14 22:50:39 [TestNG-test-testek-1] INFO  ActionDriver - Applied the border with color green to element Text with name: Sản phẩm
2026-01-14 22:50:39 [TestNG-test-testek-1] INFO  ActionDriver - Element is clicked: Text with name: Sản phẩm
2026-01-14 22:50:40 [TestNG-test-testek-1] INFO  ActionDriver - Applied the border with color green to element Text with name: Thêm sản phẩm
2026-01-14 22:50:40 [TestNG-test-testek-1] INFO  ActionDriver - Element is clicked: Text with name: Thêm sản phẩm
2026-01-14 22:50:40 [TestNG-test-testek-1] INFO  ActionDriver - Text are matching
2026-01-14 22:50:40 [TestNG-test-testek-1] INFO  ActionDriver - Entered text: "TH001732107188" to element: Id with name: form_item_code
2026-01-14 22:50:40 [TestNG-test-testek-1] INFO  ActionDriver - Entered text: "Sản phẩm 2" to element: Id with name: form_item_name
2026-01-14 22:50:41 [TestNG-test-testek-1] INFO  ActionDriver - Entered text: "30000" to element: Id with name: form_item_price
2026-01-14 22:50:41 [TestNG-test-testek-1] INFO  ActionDriver - Entered text: "12" to element: Id with name: form_item_quantity
2026-01-14 22:50:41 [TestNG-test-testek-1] INFO  ActionDriver - Entered text: "13" to element: Id with name: form_item_unit
2026-01-14 22:50:41 [TestNG-test-testek-1] INFO  ActionDriver - Applied the border with color green to element Id with name: form_item_category
2026-01-14 22:50:41 [TestNG-test-testek-1] INFO  ActionDriver - Element is clicked: Id with name: form_item_category
2026-01-14 22:50:42 [TestNG-test-testek-1] INFO  ActionDriver - Applied the border with color green to element Text with name: Item 1 Test_edit
2026-01-14 22:50:42 [TestNG-test-testek-1] INFO  ActionDriver - Element is clicked: Text with name: Item 1 Test_edit
2026-01-14 22:50:42 [TestNG-test-testek-1] INFO  ActionDriver - Applied the border with color green to element Id with name: form_item_supplier
2026-01-14 22:50:42 [TestNG-test-testek-1] INFO  ActionDriver - Element is clicked: Id with name: form_item_supplier
2026-01-14 22:50:43 [TestNG-test-testek-1] INFO  ActionDriver - Applied the border with color green to element Text with name: KIM CHI vukimchi023@gmail.com Auto_Hai Ba Trung, H...
2026-01-14 22:50:43 [TestNG-test-testek-1] INFO  ActionDriver - Element is clicked: Text with name: KIM CHI vukimchi023@gmail.com Auto_Hai Ba Trung, H...
2026-01-14 22:50:43 [TestNG-test-testek-1] INFO  ActionDriver - Applied the border with color green to element Text with name: Thêm
2026-01-14 22:50:43 [TestNG-test-testek-1] INFO  ActionDriver - Element is clicked: Text with name: Thêm
2026-01-14 22:50:44 [TestNG-test-testek-1] INFO  ActionDriver - Texts are matching! actualText: "Vui lòng nhập mô tả"
2026-01-14 22:50:44 [TestNG-test-testek-1] INFO  ActionDriver - Applied the border with color green to element Text with name: Sản phẩm
2026-01-14 22:50:44 [TestNG-test-testek-1] INFO  ActionDriver - Element is clicked: Text with name: Sản phẩm
2026-01-14 22:50:45 [TestNG-test-testek-1] INFO  ActionDriver - Applied the border with color green to element Text with name: Thêm sản phẩm
2026-01-14 22:50:45 [TestNG-test-testek-1] INFO  ActionDriver - Element is clicked: Text with name: Thêm sản phẩm
2026-01-14 22:50:45 [TestNG-test-testek-1] INFO  ActionDriver - Text are matching
2026-01-14 22:50:46 [TestNG-test-testek-1] INFO  ActionDriver - Entered text: "TH001102975827" to element: Id with name: form_item_code
2026-01-14 22:50:46 [TestNG-test-testek-1] INFO  ActionDriver - Entered text: "Sản phẩm 2" to element: Id with name: form_item_name
2026-01-14 22:50:46 [TestNG-test-testek-1] INFO  ActionDriver - Entered text: "This is our best seller product" to element: Id with name: form_item_description
2026-01-14 22:50:46 [TestNG-test-testek-1] INFO  ActionDriver - Entered text: "12" to element: Id with name: form_item_quantity
2026-01-14 22:50:46 [TestNG-test-testek-1] INFO  ActionDriver - Entered text: "13" to element: Id with name: form_item_unit
2026-01-14 22:50:46 [TestNG-test-testek-1] INFO  ActionDriver - Applied the border with color green to element Id with name: form_item_category
2026-01-14 22:50:46 [TestNG-test-testek-1] INFO  ActionDriver - Element is clicked: Id with name: form_item_category
2026-01-14 22:50:47 [TestNG-test-testek-1] INFO  ActionDriver - Applied the border with color green to element Text with name: Item 1 Test_edit
2026-01-14 22:50:47 [TestNG-test-testek-1] INFO  ActionDriver - Element is clicked: Text with name: Item 1 Test_edit
2026-01-14 22:50:47 [TestNG-test-testek-1] INFO  ActionDriver - Applied the border with color green to element Id with name: form_item_supplier
2026-01-14 22:50:47 [TestNG-test-testek-1] INFO  ActionDriver - Element is clicked: Id with name: form_item_supplier
2026-01-14 22:50:48 [TestNG-test-testek-1] INFO  ActionDriver - Applied the border with color green to element Text with name: KIM CHI vukimchi023@gmail.com Auto_Hai Ba Trung, H...
2026-01-14 22:50:48 [TestNG-test-testek-1] INFO  ActionDriver - Element is clicked: Text with name: KIM CHI vukimchi023@gmail.com Auto_Hai Ba Trung, H...
2026-01-14 22:50:49 [TestNG-test-testek-1] INFO  ActionDriver - Applied the border with color green to element Text with name: Thêm
2026-01-14 22:50:49 [TestNG-test-testek-1] INFO  ActionDriver - Element is clicked: Text with name: Thêm
2026-01-14 22:50:49 [TestNG-test-testek-1] INFO  ActionDriver - Texts are matching! actualText: "Vui lòng nhập giá"
2026-01-14 22:50:49 [TestNG-test-testek-1] INFO  ActionDriver - Applied the border with color green to element Text with name: Sản phẩm
2026-01-14 22:50:49 [TestNG-test-testek-1] INFO  ActionDriver - Element is clicked: Text with name: Sản phẩm
2026-01-14 22:50:50 [TestNG-test-testek-1] INFO  ActionDriver - Applied the border with color green to element Text with name: Thêm sản phẩm
2026-01-14 22:50:50 [TestNG-test-testek-1] INFO  ActionDriver - Element is clicked: Text with name: Thêm sản phẩm
2026-01-14 22:50:51 [TestNG-test-testek-1] INFO  ActionDriver - Text are matching
2026-01-14 22:50:51 [TestNG-test-testek-1] INFO  ActionDriver - Entered text: "TH001508635797" to element: Id with name: form_item_code
2026-01-14 22:50:51 [TestNG-test-testek-1] INFO  ActionDriver - Entered text: "Sản phẩm 2" to element: Id with name: form_item_name
2026-01-14 22:50:51 [TestNG-test-testek-1] INFO  ActionDriver - Entered text: "This is our best seller product" to element: Id with name: form_item_description
2026-01-14 22:50:51 [TestNG-test-testek-1] INFO  ActionDriver - Entered text: "30000" to element: Id with name: form_item_price
2026-01-14 22:50:51 [TestNG-test-testek-1] INFO  ActionDriver - Entered text: "13" to element: Id with name: form_item_unit
2026-01-14 22:50:52 [TestNG-test-testek-1] INFO  ActionDriver - Applied the border with color green to element Id with name: form_item_category
2026-01-14 22:50:52 [TestNG-test-testek-1] INFO  ActionDriver - Element is clicked: Id with name: form_item_category
2026-01-14 22:50:52 [TestNG-test-testek-1] INFO  ActionDriver - Applied the border with color green to element Text with name: Item 1 Test_edit
2026-01-14 22:50:52 [TestNG-test-testek-1] INFO  ActionDriver - Element is clicked: Text with name: Item 1 Test_edit
2026-01-14 22:50:53 [TestNG-test-testek-1] INFO  ActionDriver - Applied the border with color green to element Id with name: form_item_supplier
2026-01-14 22:50:53 [TestNG-test-testek-1] INFO  ActionDriver - Element is clicked: Id with name: form_item_supplier
2026-01-14 22:50:53 [TestNG-test-testek-1] INFO  ActionDriver - Applied the border with color green to element Text with name: KIM CHI vukimchi023@gmail.com Auto_Hai Ba Trung, H...
2026-01-14 22:50:53 [TestNG-test-testek-1] INFO  ActionDriver - Element is clicked: Text with name: KIM CHI vukimchi023@gmail.com Auto_Hai Ba Trung, H...
2026-01-14 22:50:54 [TestNG-test-testek-1] INFO  ActionDriver - Applied the border with color green to element Text with name: Thêm
2026-01-14 22:50:54 [TestNG-test-testek-1] INFO  ActionDriver - Element is clicked: Text with name: Thêm
2026-01-14 22:50:54 [TestNG-test-testek-1] INFO  ActionDriver - Texts are matching! actualText: "Vui lòng nhập số lượng"
2026-01-14 22:50:55 [TestNG-test-testek-1] INFO  ActionDriver - Applied the border with color green to element Text with name: Sản phẩm
2026-01-14 22:50:55 [TestNG-test-testek-1] INFO  ActionDriver - Element is clicked: Text with name: Sản phẩm
2026-01-14 22:50:55 [TestNG-test-testek-1] INFO  ActionDriver - Applied the border with color green to element Text with name: Thêm sản phẩm
2026-01-14 22:50:55 [TestNG-test-testek-1] INFO  ActionDriver - Element is clicked: Text with name: Thêm sản phẩm
2026-01-14 22:50:56 [TestNG-test-testek-1] INFO  ActionDriver - Text are matching
2026-01-14 22:50:56 [TestNG-test-testek-1] INFO  ActionDriver - Entered text: "TH00-1243235823" to element: Id with name: form_item_code
2026-01-14 22:50:56 [TestNG-test-testek-1] INFO  ActionDriver - Entered text: "Sản phẩm 2" to element: Id with name: form_item_name
2026-01-14 22:50:56 [TestNG-test-testek-1] INFO  ActionDriver - Entered text: "This is our best seller product" to element: Id with name: form_item_description
2026-01-14 22:50:57 [TestNG-test-testek-1] INFO  ActionDriver - Entered text: "30000" to element: Id with name: form_item_price
2026-01-14 22:50:57 [TestNG-test-testek-1] INFO  ActionDriver - Entered text: "14" to element: Id with name: form_item_quantity
2026-01-14 22:50:57 [TestNG-test-testek-1] INFO  ActionDriver - Entered text: "13" to element: Id with name: form_item_unit
2026-01-14 22:50:57 [TestNG-test-testek-1] INFO  ActionDriver - Applied the border with color green to element Id with name: form_item_supplier
2026-01-14 22:50:57 [TestNG-test-testek-1] INFO  ActionDriver - Element is clicked: Id with name: form_item_supplier
2026-01-14 22:50:58 [TestNG-test-testek-1] INFO  ActionDriver - Applied the border with color green to element Text with name: KIM CHI vukimchi023@gmail.com Auto_Hai Ba Trung, H...
2026-01-14 22:50:58 [TestNG-test-testek-1] INFO  ActionDriver - Element is clicked: Text with name: KIM CHI vukimchi023@gmail.com Auto_Hai Ba Trung, H...
2026-01-14 22:50:58 [TestNG-test-testek-1] INFO  ActionDriver - Applied the border with color green to element Text with name: Thêm
2026-01-14 22:50:58 [TestNG-test-testek-1] INFO  ActionDriver - Element is clicked: Text with name: Thêm
2026-01-14 22:50:59 [TestNG-test-testek-1] INFO  ActionDriver - Texts are matching! actualText: "Vui lòng chọn danh mục"
2026-01-14 22:50:59 [TestNG-test-testek-1] INFO  ActionDriver - Applied the border with color green to element Text with name: Sản phẩm
2026-01-14 22:50:59 [TestNG-test-testek-1] INFO  ActionDriver - Element is clicked: Text with name: Sản phẩm
2026-01-14 22:51:00 [TestNG-test-testek-1] INFO  ActionDriver - Applied the border with color green to element Text with name: Thêm sản phẩm
2026-01-14 22:51:00 [TestNG-test-testek-1] INFO  ActionDriver - Element is clicked: Text with name: Thêm sản phẩm
2026-01-14 22:51:00 [TestNG-test-testek-1] INFO  ActionDriver - Text are matching
2026-01-14 22:51:00 [TestNG-test-testek-1] INFO  ActionDriver - Entered text: "TH001" to element: Id with name: form_item_code
2026-01-14 22:51:00 [TestNG-test-testek-1] INFO  ActionDriver - Entered text: "Sản phẩm 2" to element: Id with name: form_item_name
2026-01-14 22:51:01 [TestNG-test-testek-1] INFO  ActionDriver - Entered text: "This is our best seller product" to element: Id with name: form_item_description
2026-01-14 22:51:01 [TestNG-test-testek-1] INFO  ActionDriver - Entered text: "30000" to element: Id with name: form_item_price
2026-01-14 22:51:01 [TestNG-test-testek-1] INFO  ActionDriver - Entered text: "20" to element: Id with name: form_item_quantity
2026-01-14 22:51:01 [TestNG-test-testek-1] INFO  ActionDriver - Entered text: "Chiếc" to element: Id with name: form_item_unit
2026-01-14 22:51:01 [TestNG-test-testek-1] INFO  ActionDriver - Applied the border with color green to element Id with name: form_item_category
2026-01-14 22:51:01 [TestNG-test-testek-1] INFO  ActionDriver - Element is clicked: Id with name: form_item_category
2026-01-14 22:51:02 [TestNG-test-testek-1] INFO  ActionDriver - Applied the border with color green to element Text with name: Item 1 Test_edit
2026-01-14 22:51:02 [TestNG-test-testek-1] INFO  ActionDriver - Element is clicked: Text with name: Item 1 Test_edit
2026-01-14 22:51:02 [TestNG-test-testek-1] INFO  ActionDriver - Applied the border with color green to element Id with name: form_item_supplier
2026-01-14 22:51:02 [TestNG-test-testek-1] INFO  ActionDriver - Element is clicked: Id with name: form_item_supplier
2026-01-14 22:51:03 [TestNG-test-testek-1] INFO  ActionDriver - Applied the border with color green to element Text with name: KIM CHI vukimchi023@gmail.com Auto_Hai Ba Trung, H...
2026-01-14 22:51:03 [TestNG-test-testek-1] INFO  ActionDriver - Element is clicked: Text with name: KIM CHI vukimchi023@gmail.com Auto_Hai Ba Trung, H...
2026-01-14 22:51:04 [TestNG-test-testek-1] INFO  ActionDriver - Applied the border with color green to element Text with name: Thêm
2026-01-14 22:51:04 [TestNG-test-testek-1] INFO  ActionDriver - Element is clicked: Text with name: Thêm
2026-01-14 22:51:05 [TestNG-test-testek-1] INFO  ActionDriver - Texts are matching! actualText: "Product already exists {0}"
2026-01-14 22:51:05 [TestNG-test-testek-1] INFO  BaseClass - WebDriver instance is quited
2026-01-14 22:57:17 [main] INFO  BaseClass - config.properties file loaded
2026-01-14 22:57:17 [TestNG-test-testek-1] INFO  BaseClass - Setting up WebDriver for:CreateProductPageTest
2026-01-14 22:57:19 [TestNG-test-testek-1] INFO  BaseClass - ChromeDriver instance is created
2026-01-14 22:57:21 [TestNG-test-testek-1] INFO  BaseClass - WenDriver Initialized and Browser Maximized
2026-01-14 22:57:21 [TestNG-test-testek-1] INFO  BaseClass - ActionDriver initialized for thread 34
2026-01-14 22:57:21 [TestNG-test-testek-1] INFO  ActionDriver - Entered text: "admin_com_role" to element: Id with name: normal_login_username
2026-01-14 22:57:21 [TestNG-test-testek-1] INFO  ActionDriver - Entered text: "aA12345678@" to element: Id with name: normal_login_password
2026-01-14 22:57:21 [TestNG-test-testek-1] INFO  ActionDriver - Applied the border with color green to element Text with name: Đăng nhập
2026-01-14 22:57:21 [TestNG-test-testek-1] INFO  ActionDriver - Element is clicked: Text with name: Đăng nhập
2026-01-14 22:57:23 [TestNG-test-testek-1] INFO  ActionDriver - Applied the border with color green to element Text with name: Sản phẩm
2026-01-14 22:57:23 [TestNG-test-testek-1] INFO  ActionDriver - Element is clicked: Text with name: Sản phẩm
2026-01-14 22:57:24 [TestNG-test-testek-1] INFO  ActionDriver - Applied the border with color green to element Text with name: Thêm sản phẩm
2026-01-14 22:57:24 [TestNG-test-testek-1] INFO  ActionDriver - Element is clicked: Text with name: Thêm sản phẩm
2026-01-14 22:57:25 [TestNG-test-testek-1] INFO  ActionDriver - Text are matching
2026-01-14 22:57:25 [TestNG-test-testek-1] INFO  ActionDriver - Entered text: "TH005-1208566066" to element: Id with name: form_item_code
2026-01-14 22:57:25 [TestNG-test-testek-1] INFO  ActionDriver - Entered text: "Sản phẩm 2" to element: Id with name: form_item_name
2026-01-14 22:57:26 [TestNG-test-testek-1] INFO  ActionDriver - Entered text: "This is our best seller product" to element: Id with name: form_item_description
2026-01-14 22:57:26 [TestNG-test-testek-1] INFO  ActionDriver - Entered text: "30000" to element: Id with name: form_item_price
2026-01-14 22:57:26 [TestNG-test-testek-1] INFO  ActionDriver - Entered text: "20" to element: Id with name: form_item_quantity
2026-01-14 22:57:26 [TestNG-test-testek-1] INFO  ActionDriver - Entered text: "Chiếc" to element: Id with name: form_item_unit
2026-01-14 22:57:27 [TestNG-test-testek-1] INFO  ActionDriver - Applied the border with color green to element Id with name: form_item_category
2026-01-14 22:57:27 [TestNG-test-testek-1] INFO  ActionDriver - Element is clicked: Id with name: form_item_category
2026-01-14 22:57:27 [TestNG-test-testek-1] INFO  ActionDriver - Applied the border with color green to element Text with name: Item 1 Test_edit
2026-01-14 22:57:27 [TestNG-test-testek-1] INFO  ActionDriver - Element is clicked: Text with name: Item 1 Test_edit
2026-01-14 22:57:28 [TestNG-test-testek-1] INFO  ActionDriver - Applied the border with color green to element Id with name: form_item_supplier
2026-01-14 22:57:28 [TestNG-test-testek-1] INFO  ActionDriver - Element is clicked: Id with name: form_item_supplier
2026-01-14 22:57:29 [TestNG-test-testek-1] INFO  ActionDriver - Applied the border with color green to element Text with name: KIM CHI vukimchi023@gmail.com Auto_Hai Ba Trung, H...
2026-01-14 22:57:29 [TestNG-test-testek-1] INFO  ActionDriver - Element is clicked: Text with name: KIM CHI vukimchi023@gmail.com Auto_Hai Ba Trung, H...
2026-01-14 22:57:29 [TestNG-test-testek-1] INFO  ActionDriver - Applied the border with color green to element Text with name: Thêm
2026-01-14 22:57:29 [TestNG-test-testek-1] INFO  ActionDriver - Element is clicked: Text with name: Thêm
2026-01-14 22:57:31 [TestNG-test-testek-1] INFO  ActionDriver - Texts are matching! actualText: "Item 1"
2026-01-14 22:57:31 [TestNG-test-testek-1] INFO  ActionDriver - Texts are matching! actualText: "KIM CHI"
2026-01-14 22:57:31 [TestNG-test-testek-1] INFO  ActionDriver - Texts are matching! actualText: "TH005-1208566066"
2026-01-14 22:57:31 [TestNG-test-testek-1] INFO  ActionDriver - Texts are matching! actualText: "Sản phẩm 2"
2026-01-14 22:57:31 [TestNG-test-testek-1] INFO  ActionDriver - Texts are matching! actualText: "This is our best seller product"
2026-01-14 22:57:31 [TestNG-test-testek-1] INFO  ActionDriver - Texts are matching! actualText: "20"
2026-01-14 22:57:31 [TestNG-test-testek-1] INFO  ActionDriver - Texts are matching! actualText: "Chiếc"
2026-01-14 22:57:31 [TestNG-test-testek-1] INFO  ActionDriver - Texts are matching! actualText: "30000"
2026-01-14 22:57:32 [TestNG-test-testek-1] INFO  ActionDriver - Applied the border with color green to element Text with name: Sản phẩm
2026-01-14 22:57:32 [TestNG-test-testek-1] INFO  ActionDriver - Element is clicked: Text with name: Sản phẩm
2026-01-14 22:57:33 [TestNG-test-testek-1] INFO  ActionDriver - Applied the border with color green to element Text with name: Thêm sản phẩm
2026-01-14 22:57:33 [TestNG-test-testek-1] INFO  ActionDriver - Element is clicked: Text with name: Thêm sản phẩm
2026-01-14 22:57:33 [TestNG-test-testek-1] INFO  ActionDriver - Text are matching
2026-01-14 22:57:34 [TestNG-test-testek-1] INFO  ActionDriver - Entered text: "Sản phẩm 2" to element: Id with name: form_item_name
2026-01-14 22:57:34 [TestNG-test-testek-1] INFO  ActionDriver - Entered text: "This is our best seller product" to element: Id with name: form_item_description
2026-01-14 22:57:34 [TestNG-test-testek-1] INFO  ActionDriver - Entered text: "30000" to element: Id with name: form_item_price
2026-01-14 22:57:34 [TestNG-test-testek-1] INFO  ActionDriver - Entered text: "12" to element: Id with name: form_item_quantity
2026-01-14 22:57:34 [TestNG-test-testek-1] INFO  ActionDriver - Entered text: "12" to element: Id with name: form_item_unit
2026-01-14 22:57:34 [TestNG-test-testek-1] INFO  ActionDriver - Applied the border with color green to element Id with name: form_item_category
2026-01-14 22:57:34 [TestNG-test-testek-1] INFO  ActionDriver - Element is clicked: Id with name: form_item_category
2026-01-14 22:57:35 [TestNG-test-testek-1] INFO  ActionDriver - Applied the border with color green to element Text with name: Item 1 Test_edit
2026-01-14 22:57:35 [TestNG-test-testek-1] INFO  ActionDriver - Element is clicked: Text with name: Item 1 Test_edit
2026-01-14 22:57:36 [TestNG-test-testek-1] INFO  ActionDriver - Applied the border with color green to element Id with name: form_item_supplier
2026-01-14 22:57:36 [TestNG-test-testek-1] INFO  ActionDriver - Element is clicked: Id with name: form_item_supplier
2026-01-14 22:57:36 [TestNG-test-testek-1] INFO  ActionDriver - Applied the border with color green to element Text with name: KIM CHI vukimchi023@gmail.com Auto_Hai Ba Trung, H...
2026-01-14 22:57:36 [TestNG-test-testek-1] INFO  ActionDriver - Element is clicked: Text with name: KIM CHI vukimchi023@gmail.com Auto_Hai Ba Trung, H...
2026-01-14 22:57:37 [TestNG-test-testek-1] INFO  ActionDriver - Applied the border with color green to element Text with name: Thêm
2026-01-14 22:57:37 [TestNG-test-testek-1] INFO  ActionDriver - Element is clicked: Text with name: Thêm
2026-01-14 22:57:37 [TestNG-test-testek-1] INFO  ActionDriver - Texts are matching! actualText: "Vui lòng nhập mã"
2026-01-14 22:57:38 [TestNG-test-testek-1] INFO  ActionDriver - Applied the border with color green to element Text with name: Sản phẩm
2026-01-14 22:57:38 [TestNG-test-testek-1] INFO  ActionDriver - Element is clicked: Text with name: Sản phẩm
2026-01-14 22:57:38 [TestNG-test-testek-1] INFO  ActionDriver - Applied the border with color green to element Text with name: Thêm sản phẩm
2026-01-14 22:57:38 [TestNG-test-testek-1] INFO  ActionDriver - Element is clicked: Text with name: Thêm sản phẩm
2026-01-14 22:57:39 [TestNG-test-testek-1] INFO  ActionDriver - Text are matching
2026-01-14 22:57:39 [TestNG-test-testek-1] INFO  ActionDriver - Applied the border with color green to element Text with name: Thêm
2026-01-14 22:57:39 [TestNG-test-testek-1] INFO  ActionDriver - Element is clicked: Text with name: Thêm
2026-01-14 22:57:40 [TestNG-test-testek-1] INFO  ActionDriver - Texts are matching! actualText: "Vui lòng chọn danh mục"
2026-01-14 22:57:40 [TestNG-test-testek-1] INFO  ActionDriver - Texts are matching! actualText: "Vui lòng chọn nhà cung cấp"
2026-01-14 22:57:40 [TestNG-test-testek-1] INFO  ActionDriver - Texts are matching! actualText: "Vui lòng nhập mã"
2026-01-14 22:57:40 [TestNG-test-testek-1] INFO  ActionDriver - Texts are matching! actualText: "Vui lòng nhập tên"
2026-01-14 22:57:40 [TestNG-test-testek-1] INFO  ActionDriver - Texts are matching! actualText: "Vui lòng nhập đơn vị tính"
2026-01-14 22:57:40 [TestNG-test-testek-1] INFO  ActionDriver - Texts are matching! actualText: "Vui lòng nhập mô tả"
2026-01-14 22:57:40 [TestNG-test-testek-1] INFO  ActionDriver - Texts are matching! actualText: "Vui lòng nhập giá"
2026-01-14 22:57:40 [TestNG-test-testek-1] INFO  ActionDriver - Texts are matching! actualText: "Vui lòng nhập số lượng"
2026-01-14 22:57:40 [TestNG-test-testek-1] INFO  ActionDriver - Applied the border with color green to element Text with name: Sản phẩm
2026-01-14 22:57:40 [TestNG-test-testek-1] INFO  ActionDriver - Element is clicked: Text with name: Sản phẩm
2026-01-14 22:57:41 [TestNG-test-testek-1] INFO  ActionDriver - Applied the border with color green to element Text with name: Thêm sản phẩm
2026-01-14 22:57:41 [TestNG-test-testek-1] INFO  ActionDriver - Element is clicked: Text with name: Thêm sản phẩm
2026-01-14 22:57:41 [TestNG-test-testek-1] INFO  ActionDriver - Text are matching
2026-01-14 22:57:42 [TestNG-test-testek-1] INFO  ActionDriver - Entered text: "TH00-594453606" to element: Id with name: form_item_code
2026-01-14 22:57:42 [TestNG-test-testek-1] INFO  ActionDriver - Entered text: "This is our best seller product" to element: Id with name: form_item_description
2026-01-14 22:57:42 [TestNG-test-testek-1] INFO  ActionDriver - Entered text: "30000" to element: Id with name: form_item_price
2026-01-14 22:57:42 [TestNG-test-testek-1] INFO  ActionDriver - Entered text: "12" to element: Id with name: form_item_quantity
2026-01-14 22:57:42 [TestNG-test-testek-1] INFO  ActionDriver - Entered text: "12" to element: Id with name: form_item_unit
2026-01-14 22:57:43 [TestNG-test-testek-1] INFO  ActionDriver - Applied the border with color green to element Id with name: form_item_category
2026-01-14 22:57:43 [TestNG-test-testek-1] INFO  ActionDriver - Element is clicked: Id with name: form_item_category
2026-01-14 22:57:43 [TestNG-test-testek-1] INFO  ActionDriver - Applied the border with color green to element Text with name: Item 1 Test_edit
2026-01-14 22:57:43 [TestNG-test-testek-1] INFO  ActionDriver - Element is clicked: Text with name: Item 1 Test_edit
2026-01-14 22:57:44 [TestNG-test-testek-1] INFO  ActionDriver - Applied the border with color green to element Id with name: form_item_supplier
2026-01-14 22:57:44 [TestNG-test-testek-1] INFO  ActionDriver - Element is clicked: Id with name: form_item_supplier
2026-01-14 22:57:44 [TestNG-test-testek-1] INFO  ActionDriver - Applied the border with color green to element Text with name: KIM CHI vukimchi023@gmail.com Auto_Hai Ba Trung, H...
2026-01-14 22:57:44 [TestNG-test-testek-1] INFO  ActionDriver - Element is clicked: Text with name: KIM CHI vukimchi023@gmail.com Auto_Hai Ba Trung, H...
2026-01-14 22:57:45 [TestNG-test-testek-1] INFO  ActionDriver - Applied the border with color green to element Text with name: Thêm
2026-01-14 22:57:45 [TestNG-test-testek-1] INFO  ActionDriver - Element is clicked: Text with name: Thêm
2026-01-14 22:57:45 [TestNG-test-testek-1] INFO  ActionDriver - Texts are matching! actualText: "Vui lòng nhập tên"
2026-01-14 22:57:46 [TestNG-test-testek-1] INFO  ActionDriver - Applied the border with color green to element Text with name: Sản phẩm
2026-01-14 22:57:46 [TestNG-test-testek-1] INFO  ActionDriver - Element is clicked: Text with name: Sản phẩm
2026-01-14 22:57:46 [TestNG-test-testek-1] INFO  ActionDriver - Applied the border with color green to element Text with name: Thêm sản phẩm
2026-01-14 22:57:46 [TestNG-test-testek-1] INFO  ActionDriver - Element is clicked: Text with name: Thêm sản phẩm
2026-01-14 22:57:47 [TestNG-test-testek-1] INFO  ActionDriver - Text are matching
2026-01-14 22:57:47 [TestNG-test-testek-1] INFO  ActionDriver - Entered text: "TH00648707756" to element: Id with name: form_item_code
2026-01-14 22:57:47 [TestNG-test-testek-1] INFO  ActionDriver - Entered text: "Sản phẩm 2" to element: Id with name: form_item_name
2026-01-14 22:57:47 [TestNG-test-testek-1] INFO  ActionDriver - Entered text: "This is our best seller product" to element: Id with name: form_item_description
2026-01-14 22:57:47 [TestNG-test-testek-1] INFO  ActionDriver - Entered text: "30000" to element: Id with name: form_item_price
2026-01-14 22:57:48 [TestNG-test-testek-1] INFO  ActionDriver - Entered text: "12" to element: Id with name: form_item_quantity
2026-01-14 22:57:48 [TestNG-test-testek-1] INFO  ActionDriver - Applied the border with color green to element Id with name: form_item_category
2026-01-14 22:57:48 [TestNG-test-testek-1] INFO  ActionDriver - Element is clicked: Id with name: form_item_category
2026-01-14 22:57:48 [TestNG-test-testek-1] INFO  ActionDriver - Applied the border with color green to element Text with name: Item 1 Test_edit
2026-01-14 22:57:48 [TestNG-test-testek-1] INFO  ActionDriver - Element is clicked: Text with name: Item 1 Test_edit
2026-01-14 22:57:49 [TestNG-test-testek-1] INFO  ActionDriver - Applied the border with color green to element Id with name: form_item_supplier
2026-01-14 22:57:49 [TestNG-test-testek-1] INFO  ActionDriver - Element is clicked: Id with name: form_item_supplier
2026-01-14 22:57:49 [TestNG-test-testek-1] INFO  ActionDriver - Applied the border with color green to element Text with name: KIM CHI vukimchi023@gmail.com Auto_Hai Ba Trung, H...
2026-01-14 22:57:49 [TestNG-test-testek-1] INFO  ActionDriver - Element is clicked: Text with name: KIM CHI vukimchi023@gmail.com Auto_Hai Ba Trung, H...
2026-01-14 22:57:50 [TestNG-test-testek-1] INFO  ActionDriver - Applied the border with color green to element Text with name: Thêm
2026-01-14 22:57:50 [TestNG-test-testek-1] INFO  ActionDriver - Element is clicked: Text with name: Thêm
2026-01-14 22:57:50 [TestNG-test-testek-1] INFO  ActionDriver - Texts are matching! actualText: "Vui lòng nhập đơn vị tính"
2026-01-14 22:57:51 [TestNG-test-testek-1] INFO  ActionDriver - Applied the border with color green to element Text with name: Sản phẩm
2026-01-14 22:57:51 [TestNG-test-testek-1] INFO  ActionDriver - Element is clicked: Text with name: Sản phẩm
2026-01-14 22:57:51 [TestNG-test-testek-1] INFO  ActionDriver - Applied the border with color green to element Text with name: Thêm sản phẩm
2026-01-14 22:57:51 [TestNG-test-testek-1] INFO  ActionDriver - Element is clicked: Text with name: Thêm sản phẩm
2026-01-14 22:57:52 [TestNG-test-testek-1] INFO  ActionDriver - Text are matching
2026-01-14 22:57:52 [TestNG-test-testek-1] INFO  ActionDriver - Entered text: "TH00638029009" to element: Id with name: form_item_code
2026-01-14 22:57:52 [TestNG-test-testek-1] INFO  ActionDriver - Entered text: "Sản phẩm 2" to element: Id with name: form_item_name
2026-01-14 22:57:53 [TestNG-test-testek-1] INFO  ActionDriver - Entered text: "30000" to element: Id with name: form_item_price
2026-01-14 22:57:53 [TestNG-test-testek-1] INFO  ActionDriver - Entered text: "12" to element: Id with name: form_item_quantity
2026-01-14 22:57:53 [TestNG-test-testek-1] INFO  ActionDriver - Entered text: "13" to element: Id with name: form_item_unit
2026-01-14 22:57:53 [TestNG-test-testek-1] INFO  ActionDriver - Applied the border with color green to element Id with name: form_item_category
2026-01-14 22:57:53 [TestNG-test-testek-1] INFO  ActionDriver - Element is clicked: Id with name: form_item_category
2026-01-14 22:57:54 [TestNG-test-testek-1] INFO  ActionDriver - Applied the border with color green to element Text with name: Item 1 Test_edit
2026-01-14 22:57:54 [TestNG-test-testek-1] INFO  ActionDriver - Element is clicked: Text with name: Item 1 Test_edit
2026-01-14 22:57:54 [TestNG-test-testek-1] INFO  ActionDriver - Applied the border with color green to element Id with name: form_item_supplier
2026-01-14 22:57:54 [TestNG-test-testek-1] INFO  ActionDriver - Element is clicked: Id with name: form_item_supplier
2026-01-14 22:57:55 [TestNG-test-testek-1] INFO  ActionDriver - Applied the border with color green to element Text with name: KIM CHI vukimchi023@gmail.com Auto_Hai Ba Trung, H...
2026-01-14 22:57:55 [TestNG-test-testek-1] INFO  ActionDriver - Element is clicked: Text with name: KIM CHI vukimchi023@gmail.com Auto_Hai Ba Trung, H...
2026-01-14 22:57:55 [TestNG-test-testek-1] INFO  ActionDriver - Applied the border with color green to element Text with name: Thêm
2026-01-14 22:57:55 [TestNG-test-testek-1] INFO  ActionDriver - Element is clicked: Text with name: Thêm
2026-01-14 22:57:56 [TestNG-test-testek-1] INFO  ActionDriver - Texts are matching! actualText: "Vui lòng nhập mô tả"
2026-01-14 22:57:56 [TestNG-test-testek-1] INFO  ActionDriver - Applied the border with color green to element Text with name: Sản phẩm
2026-01-14 22:57:56 [TestNG-test-testek-1] INFO  ActionDriver - Element is clicked: Text with name: Sản phẩm
2026-01-14 22:57:57 [TestNG-test-testek-1] INFO  ActionDriver - Applied the border with color green to element Text with name: Thêm sản phẩm
2026-01-14 22:57:57 [TestNG-test-testek-1] INFO  ActionDriver - Element is clicked: Text with name: Thêm sản phẩm
2026-01-14 22:57:57 [TestNG-test-testek-1] INFO  ActionDriver - Text are matching
2026-01-14 22:57:58 [TestNG-test-testek-1] INFO  ActionDriver - Entered text: "TH001311407002" to element: Id with name: form_item_code
2026-01-14 22:57:58 [TestNG-test-testek-1] INFO  ActionDriver - Entered text: "Sản phẩm 2" to element: Id with name: form_item_name
2026-01-14 22:57:58 [TestNG-test-testek-1] INFO  ActionDriver - Entered text: "This is our best seller product" to element: Id with name: form_item_description
2026-01-14 22:57:58 [TestNG-test-testek-1] INFO  ActionDriver - Entered text: "12" to element: Id with name: form_item_quantity
2026-01-14 22:57:58 [TestNG-test-testek-1] INFO  ActionDriver - Entered text: "13" to element: Id with name: form_item_unit
2026-01-14 22:57:58 [TestNG-test-testek-1] INFO  ActionDriver - Applied the border with color green to element Id with name: form_item_category
2026-01-14 22:57:58 [TestNG-test-testek-1] INFO  ActionDriver - Element is clicked: Id with name: form_item_category
2026-01-14 22:57:59 [TestNG-test-testek-1] INFO  ActionDriver - Applied the border with color green to element Text with name: Item 1 Test_edit
2026-01-14 22:57:59 [TestNG-test-testek-1] INFO  ActionDriver - Element is clicked: Text with name: Item 1 Test_edit
2026-01-14 22:57:59 [TestNG-test-testek-1] INFO  ActionDriver - Applied the border with color green to element Id with name: form_item_supplier
2026-01-14 22:57:59 [TestNG-test-testek-1] INFO  ActionDriver - Element is clicked: Id with name: form_item_supplier
2026-01-14 22:58:00 [TestNG-test-testek-1] INFO  ActionDriver - Applied the border with color green to element Text with name: KIM CHI vukimchi023@gmail.com Auto_Hai Ba Trung, H...
2026-01-14 22:58:00 [TestNG-test-testek-1] INFO  ActionDriver - Element is clicked: Text with name: KIM CHI vukimchi023@gmail.com Auto_Hai Ba Trung, H...
2026-01-14 22:58:01 [TestNG-test-testek-1] INFO  ActionDriver - Applied the border with color green to element Text with name: Thêm
2026-01-14 22:58:01 [TestNG-test-testek-1] INFO  ActionDriver - Element is clicked: Text with name: Thêm
2026-01-14 22:58:01 [TestNG-test-testek-1] INFO  ActionDriver - Texts are matching! actualText: "Vui lòng nhập giá"
2026-01-14 22:58:01 [TestNG-test-testek-1] INFO  ActionDriver - Applied the border with color green to element Text with name: Sản phẩm
2026-01-14 22:58:01 [TestNG-test-testek-1] INFO  ActionDriver - Element is clicked: Text with name: Sản phẩm
2026-01-14 22:58:02 [TestNG-test-testek-1] INFO  ActionDriver - Applied the border with color green to element Text with name: Thêm sản phẩm
2026-01-14 22:58:02 [TestNG-test-testek-1] INFO  ActionDriver - Element is clicked: Text with name: Thêm sản phẩm
2026-01-14 22:58:02 [TestNG-test-testek-1] INFO  ActionDriver - Text are matching
2026-01-14 22:58:03 [TestNG-test-testek-1] INFO  ActionDriver - Entered text: "TH00-1134645895" to element: Id with name: form_item_code
2026-01-14 22:58:03 [TestNG-test-testek-1] INFO  ActionDriver - Entered text: "Sản phẩm 2" to element: Id with name: form_item_name
2026-01-14 22:58:03 [TestNG-test-testek-1] INFO  ActionDriver - Entered text: "This is our best seller product" to element: Id with name: form_item_description
2026-01-14 22:58:03 [TestNG-test-testek-1] INFO  ActionDriver - Entered text: "30000" to element: Id with name: form_item_price
2026-01-14 22:58:03 [TestNG-test-testek-1] INFO  ActionDriver - Entered text: "13" to element: Id with name: form_item_unit
2026-01-14 22:58:04 [TestNG-test-testek-1] INFO  ActionDriver - Applied the border with color green to element Id with name: form_item_category
2026-01-14 22:58:04 [TestNG-test-testek-1] INFO  ActionDriver - Element is clicked: Id with name: form_item_category
2026-01-14 22:58:04 [TestNG-test-testek-1] INFO  ActionDriver - Applied the border with color green to element Text with name: Item 1 Test_edit
2026-01-14 22:58:04 [TestNG-test-testek-1] INFO  ActionDriver - Element is clicked: Text with name: Item 1 Test_edit
2026-01-14 22:58:05 [TestNG-test-testek-1] INFO  ActionDriver - Applied the border with color green to element Id with name: form_item_supplier
2026-01-14 22:58:05 [TestNG-test-testek-1] INFO  ActionDriver - Element is clicked: Id with name: form_item_supplier
2026-01-14 22:58:06 [TestNG-test-testek-1] INFO  ActionDriver - Applied the border with color green to element Text with name: KIM CHI vukimchi023@gmail.com Auto_Hai Ba Trung, H...
2026-01-14 22:58:06 [TestNG-test-testek-1] INFO  ActionDriver - Element is clicked: Text with name: KIM CHI vukimchi023@gmail.com Auto_Hai Ba Trung, H...
2026-01-14 22:58:06 [TestNG-test-testek-1] INFO  ActionDriver - Applied the border with color green to element Text with name: Thêm
2026-01-14 22:58:06 [TestNG-test-testek-1] INFO  ActionDriver - Element is clicked: Text with name: Thêm
2026-01-14 22:58:07 [TestNG-test-testek-1] INFO  ActionDriver - Texts are matching! actualText: "Vui lòng nhập số lượng"
2026-01-14 22:58:07 [TestNG-test-testek-1] INFO  ActionDriver - Applied the border with color green to element Text with name: Sản phẩm
2026-01-14 22:58:07 [TestNG-test-testek-1] INFO  ActionDriver - Element is clicked: Text with name: Sản phẩm
2026-01-14 22:58:08 [TestNG-test-testek-1] INFO  ActionDriver - Applied the border with color green to element Text with name: Thêm sản phẩm
2026-01-14 22:58:08 [TestNG-test-testek-1] INFO  ActionDriver - Element is clicked: Text with name: Thêm sản phẩm
2026-01-14 22:58:08 [TestNG-test-testek-1] INFO  ActionDriver - Text are matching
2026-01-14 22:58:09 [TestNG-test-testek-1] INFO  ActionDriver - Entered text: "TH00806122473" to element: Id with name: form_item_code
2026-01-14 22:58:09 [TestNG-test-testek-1] INFO  ActionDriver - Entered text: "Sản phẩm 2" to element: Id with name: form_item_name
2026-01-14 22:58:09 [TestNG-test-testek-1] INFO  ActionDriver - Entered text: "This is our best seller product" to element: Id with name: form_item_description
2026-01-14 22:58:09 [TestNG-test-testek-1] INFO  ActionDriver - Entered text: "30000" to element: Id with name: form_item_price
2026-01-14 22:58:09 [TestNG-test-testek-1] INFO  ActionDriver - Entered text: "14" to element: Id with name: form_item_quantity
2026-01-14 22:58:10 [TestNG-test-testek-1] INFO  ActionDriver - Entered text: "13" to element: Id with name: form_item_unit
2026-01-14 22:58:10 [TestNG-test-testek-1] INFO  ActionDriver - Applied the border with color green to element Id with name: form_item_supplier
2026-01-14 22:58:10 [TestNG-test-testek-1] INFO  ActionDriver - Element is clicked: Id with name: form_item_supplier
2026-01-14 22:58:10 [TestNG-test-testek-1] INFO  ActionDriver - Applied the border with color green to element Text with name: KIM CHI vukimchi023@gmail.com Auto_Hai Ba Trung, H...
2026-01-14 22:58:10 [TestNG-test-testek-1] INFO  ActionDriver - Element is clicked: Text with name: KIM CHI vukimchi023@gmail.com Auto_Hai Ba Trung, H...
2026-01-14 22:58:11 [TestNG-test-testek-1] INFO  ActionDriver - Applied the border with color green to element Text with name: Thêm
2026-01-14 22:58:11 [TestNG-test-testek-1] INFO  ActionDriver - Element is clicked: Text with name: Thêm
2026-01-14 22:58:12 [TestNG-test-testek-1] INFO  ActionDriver - Texts are matching! actualText: "Vui lòng chọn danh mục"
2026-01-14 22:58:12 [TestNG-test-testek-1] INFO  ActionDriver - Applied the border with color green to element Text with name: Sản phẩm
2026-01-14 22:58:12 [TestNG-test-testek-1] INFO  ActionDriver - Element is clicked: Text with name: Sản phẩm
2026-01-14 22:58:13 [TestNG-test-testek-1] INFO  ActionDriver - Applied the border with color green to element Text with name: Thêm sản phẩm
2026-01-14 22:58:13 [TestNG-test-testek-1] INFO  ActionDriver - Element is clicked: Text with name: Thêm sản phẩm
2026-01-14 22:58:13 [TestNG-test-testek-1] INFO  ActionDriver - Text are matching
2026-01-14 22:58:13 [TestNG-test-testek-1] INFO  ActionDriver - Entered text: "TH00395880926" to element: Id with name: form_item_code
2026-01-14 22:58:14 [TestNG-test-testek-1] INFO  ActionDriver - Entered text: "Sản phẩm 2" to element: Id with name: form_item_name
2026-01-14 22:58:14 [TestNG-test-testek-1] INFO  ActionDriver - Entered text: "This is our best seller product" to element: Id with name: form_item_description
2026-01-14 22:58:14 [TestNG-test-testek-1] INFO  ActionDriver - Entered text: "30000" to element: Id with name: form_item_price
2026-01-14 22:58:14 [TestNG-test-testek-1] INFO  ActionDriver - Entered text: "14" to element: Id with name: form_item_quantity
2026-01-14 22:58:14 [TestNG-test-testek-1] INFO  ActionDriver - Entered text: "13" to element: Id with name: form_item_unit
2026-01-14 22:58:15 [TestNG-test-testek-1] INFO  ActionDriver - Applied the border with color green to element Id with name: form_item_category
2026-01-14 22:58:15 [TestNG-test-testek-1] INFO  ActionDriver - Element is clicked: Id with name: form_item_category
2026-01-14 22:58:15 [TestNG-test-testek-1] INFO  ActionDriver - Applied the border with color green to element Text with name: Item 1 Test_edit
2026-01-14 22:58:15 [TestNG-test-testek-1] INFO  ActionDriver - Element is clicked: Text with name: Item 1 Test_edit
2026-01-14 22:58:16 [TestNG-test-testek-1] INFO  ActionDriver - Applied the border with color green to element Text with name: Thêm
2026-01-14 22:58:16 [TestNG-test-testek-1] INFO  ActionDriver - Element is clicked: Text with name: Thêm
2026-01-14 22:58:16 [TestNG-test-testek-1] INFO  ActionDriver - Texts are matching! actualText: "Vui lòng chọn nhà cung cấp"
2026-01-14 22:58:17 [TestNG-test-testek-1] INFO  ActionDriver - Applied the border with color green to element Text with name: Sản phẩm
2026-01-14 22:58:17 [TestNG-test-testek-1] INFO  ActionDriver - Element is clicked: Text with name: Sản phẩm
2026-01-14 22:58:17 [TestNG-test-testek-1] INFO  ActionDriver - Applied the border with color green to element Text with name: Thêm sản phẩm
2026-01-14 22:58:17 [TestNG-test-testek-1] INFO  ActionDriver - Element is clicked: Text with name: Thêm sản phẩm
2026-01-14 22:58:18 [TestNG-test-testek-1] INFO  ActionDriver - Text are matching
2026-01-14 22:58:18 [TestNG-test-testek-1] INFO  ActionDriver - Entered text: "TH001" to element: Id with name: form_item_code
2026-01-14 22:58:18 [TestNG-test-testek-1] INFO  ActionDriver - Entered text: "Sản phẩm 2" to element: Id with name: form_item_name
2026-01-14 22:58:19 [TestNG-test-testek-1] INFO  ActionDriver - Entered text: "This is our best seller product" to element: Id with name: form_item_description
2026-01-14 22:58:19 [TestNG-test-testek-1] INFO  ActionDriver - Entered text: "30000" to element: Id with name: form_item_price
2026-01-14 22:58:19 [TestNG-test-testek-1] INFO  ActionDriver - Entered text: "20" to element: Id with name: form_item_quantity
2026-01-14 22:58:19 [TestNG-test-testek-1] INFO  ActionDriver - Entered text: "Chiếc" to element: Id with name: form_item_unit
2026-01-14 22:58:19 [TestNG-test-testek-1] INFO  ActionDriver - Applied the border with color green to element Id with name: form_item_category
2026-01-14 22:58:19 [TestNG-test-testek-1] INFO  ActionDriver - Element is clicked: Id with name: form_item_category
2026-01-14 22:58:20 [TestNG-test-testek-1] INFO  ActionDriver - Applied the border with color green to element Text with name: Item 1 Test_edit
2026-01-14 22:58:20 [TestNG-test-testek-1] INFO  ActionDriver - Element is clicked: Text with name: Item 1 Test_edit
2026-01-14 22:58:21 [TestNG-test-testek-1] INFO  ActionDriver - Applied the border with color green to element Id with name: form_item_supplier
2026-01-14 22:58:21 [TestNG-test-testek-1] INFO  ActionDriver - Element is clicked: Id with name: form_item_supplier
2026-01-14 22:58:21 [TestNG-test-testek-1] INFO  ActionDriver - Applied the border with color green to element Text with name: KIM CHI vukimchi023@gmail.com Auto_Hai Ba Trung, H...
2026-01-14 22:58:21 [TestNG-test-testek-1] INFO  ActionDriver - Element is clicked: Text with name: KIM CHI vukimchi023@gmail.com Auto_Hai Ba Trung, H...
2026-01-14 22:58:22 [TestNG-test-testek-1] INFO  ActionDriver - Applied the border with color green to element Text with name: Thêm
2026-01-14 22:58:22 [TestNG-test-testek-1] INFO  ActionDriver - Element is clicked: Text with name: Thêm
2026-01-14 22:58:23 [TestNG-test-testek-1] INFO  ActionDriver - Texts are matching! actualText: "Product already exists {0}"
2026-01-14 22:58:23 [TestNG-test-testek-1] INFO  BaseClass - WebDriver instance is quited
