2025-10-26 20:15:11 [main] ERROR BaseClass - error message
2025-10-26 20:15:11 [main] FATAL BaseClass - fatal message
2025-10-26 20:15:42 [main] ERROR ActionDriver - Element is not visible: Expected condition failed: waiting for visibility of element located by By.xpath: //input[@name='username'] (tried for 30 second(s) with 500 milliseconds interval)
Build info: version: '4.37.0', revision: '3c1da1e342'
System info: os.name: 'Windows 11', os.arch: 'amd64', os.version: '10.0', java.version: '20'
Driver info: org.openqa.selenium.chrome.ChromeDriver
Capabilities {acceptInsecureCerts: false, browserName: chrome, browserVersion: 141.0.7390.123, chrome: {chromedriverVersion: 141.0.7390.122 (b477534e7e1..., userDataDir: C:\Users\DELL\AppData\Local...}, fedcm:accounts: true, goog:chromeOptions: {debuggerAddress: localhost:65270}, networkConnectionEnabled: false, pageLoadStrategy: normal, platformName: windows, proxy: Proxy(), se:cdp: ws://localhost:65270/devtoo..., se:cdpVersion: 141.0.7390.123, setWindowRect: true, strictFileInteractability: false, timeouts: {implicit: 0, pageLoad: 300000, script: 30000}, unhandledPromptBehavior: dismiss and notify, webauthn:extension:credBlob: true, webauthn:extension:largeBlob: true, webauthn:extension:minPinLength: true, webauthn:extension:prf: true, webauthn:virtualAuthenticators: true}
Session ID: cfb96ca9341dccba81a1796c0bd3ac6e
2025-10-26 20:15:52 [main] ERROR ActionDriver - Unable to enter the text in to this field: no such element: Unable to locate element: {"method":"xpath","selector":"//input[@name='username']"}
  (Session info: chrome=141.0.7390.123)
For documentation on this error, please visit: https://www.selenium.dev/documentation/webdriver/troubleshooting/errors#nosuchelementexception
Build info: version: '4.37.0', revision: '3c1da1e342'
System info: os.name: 'Windows 11', os.arch: 'amd64', os.version: '10.0', java.version: '20'
Driver info: org.openqa.selenium.chrome.ChromeDriver
Command: [cfb96ca9341dccba81a1796c0bd3ac6e, findElement {value=//input[@name='username'], using=xpath}]
Capabilities {acceptInsecureCerts: false, browserName: chrome, browserVersion: 141.0.7390.123, chrome: {chromedriverVersion: 141.0.7390.122 (b477534e7e1..., userDataDir: C:\Users\DELL\AppData\Local...}, fedcm:accounts: true, goog:chromeOptions: {debuggerAddress: localhost:65270}, networkConnectionEnabled: false, pageLoadStrategy: normal, platformName: windows, proxy: Proxy(), se:cdp: ws://localhost:65270/devtoo..., se:cdpVersion: 141.0.7390.123, setWindowRect: true, strictFileInteractability: false, timeouts: {implicit: 0, pageLoad: 300000, script: 30000}, unhandledPromptBehavior: dismiss and notify, webauthn:extension:credBlob: true, webauthn:extension:largeBlob: true, webauthn:extension:minPinLength: true, webauthn:extension:prf: true, webauthn:virtualAuthenticators: true}
Session ID: cfb96ca9341dccba81a1796c0bd3ac6e
2025-10-26 20:16:23 [main] ERROR ActionDriver - Element is not visible: Expected condition failed: waiting for visibility of element located by By.xpath: //input[@name='password'] (tried for 30 second(s) with 500 milliseconds interval)
Build info: version: '4.37.0', revision: '3c1da1e342'
System info: os.name: 'Windows 11', os.arch: 'amd64', os.version: '10.0', java.version: '20'
Driver info: org.openqa.selenium.chrome.ChromeDriver
Capabilities {acceptInsecureCerts: false, browserName: chrome, browserVersion: 141.0.7390.123, chrome: {chromedriverVersion: 141.0.7390.122 (b477534e7e1..., userDataDir: C:\Users\DELL\AppData\Local...}, fedcm:accounts: true, goog:chromeOptions: {debuggerAddress: localhost:65270}, networkConnectionEnabled: false, pageLoadStrategy: normal, platformName: windows, proxy: Proxy(), se:cdp: ws://localhost:65270/devtoo..., se:cdpVersion: 141.0.7390.123, setWindowRect: true, strictFileInteractability: false, timeouts: {implicit: 0, pageLoad: 300000, script: 30000}, unhandledPromptBehavior: dismiss and notify, webauthn:extension:credBlob: true, webauthn:extension:largeBlob: true, webauthn:extension:minPinLength: true, webauthn:extension:prf: true, webauthn:virtualAuthenticators: true}
Session ID: cfb96ca9341dccba81a1796c0bd3ac6e
2025-10-26 20:16:33 [main] ERROR ActionDriver - Unable to enter the text in to this field: no such element: Unable to locate element: {"method":"xpath","selector":"//input[@name='password']"}
  (Session info: chrome=141.0.7390.123)
For documentation on this error, please visit: https://www.selenium.dev/documentation/webdriver/troubleshooting/errors#nosuchelementexception
Build info: version: '4.37.0', revision: '3c1da1e342'
System info: os.name: 'Windows 11', os.arch: 'amd64', os.version: '10.0', java.version: '20'
Driver info: org.openqa.selenium.chrome.ChromeDriver
Command: [cfb96ca9341dccba81a1796c0bd3ac6e, findElement {value=//input[@name='password'], using=xpath}]
Capabilities {acceptInsecureCerts: false, browserName: chrome, browserVersion: 141.0.7390.123, chrome: {chromedriverVersion: 141.0.7390.122 (b477534e7e1..., userDataDir: C:\Users\DELL\AppData\Local...}, fedcm:accounts: true, goog:chromeOptions: {debuggerAddress: localhost:65270}, networkConnectionEnabled: false, pageLoadStrategy: normal, platformName: windows, proxy: Proxy(), se:cdp: ws://localhost:65270/devtoo..., se:cdpVersion: 141.0.7390.123, setWindowRect: true, strictFileInteractability: false, timeouts: {implicit: 0, pageLoad: 300000, script: 30000}, unhandledPromptBehavior: dismiss and notify, webauthn:extension:credBlob: true, webauthn:extension:largeBlob: true, webauthn:extension:minPinLength: true, webauthn:extension:prf: true, webauthn:virtualAuthenticators: true}
Session ID: cfb96ca9341dccba81a1796c0bd3ac6e
2025-10-26 20:17:04 [main] ERROR ActionDriver - Element is not clickable: Expected condition failed: waiting for element to be clickable: By.xpath: //button[@type='submit'] (tried for 30 second(s) with 500 milliseconds interval)
Build info: version: '4.37.0', revision: '3c1da1e342'
System info: os.name: 'Windows 11', os.arch: 'amd64', os.version: '10.0', java.version: '20'
Driver info: org.openqa.selenium.chrome.ChromeDriver
Capabilities {acceptInsecureCerts: false, browserName: chrome, browserVersion: 141.0.7390.123, chrome: {chromedriverVersion: 141.0.7390.122 (b477534e7e1..., userDataDir: C:\Users\DELL\AppData\Local...}, fedcm:accounts: true, goog:chromeOptions: {debuggerAddress: localhost:65270}, networkConnectionEnabled: false, pageLoadStrategy: normal, platformName: windows, proxy: Proxy(), se:cdp: ws://localhost:65270/devtoo..., se:cdpVersion: 141.0.7390.123, setWindowRect: true, strictFileInteractability: false, timeouts: {implicit: 0, pageLoad: 300000, script: 30000}, unhandledPromptBehavior: dismiss and notify, webauthn:extension:credBlob: true, webauthn:extension:largeBlob: true, webauthn:extension:minPinLength: true, webauthn:extension:prf: true, webauthn:virtualAuthenticators: true}
Session ID: cfb96ca9341dccba81a1796c0bd3ac6e
2025-10-26 20:17:14 [main] ERROR ActionDriver - Unable to click element: no such element: Unable to locate element: {"method":"xpath","selector":"//button[@type='submit']"}
  (Session info: chrome=141.0.7390.123)
For documentation on this error, please visit: https://www.selenium.dev/documentation/webdriver/troubleshooting/errors#nosuchelementexception
Build info: version: '4.37.0', revision: '3c1da1e342'
System info: os.name: 'Windows 11', os.arch: 'amd64', os.version: '10.0', java.version: '20'
Driver info: org.openqa.selenium.chrome.ChromeDriver
Command: [cfb96ca9341dccba81a1796c0bd3ac6e, findElement {value=//button[@type='submit'], using=xpath}]
Capabilities {acceptInsecureCerts: false, browserName: chrome, browserVersion: 141.0.7390.123, chrome: {chromedriverVersion: 141.0.7390.122 (b477534e7e1..., userDataDir: C:\Users\DELL\AppData\Local...}, fedcm:accounts: true, goog:chromeOptions: {debuggerAddress: localhost:65270}, networkConnectionEnabled: false, pageLoadStrategy: normal, platformName: windows, proxy: Proxy(), se:cdp: ws://localhost:65270/devtoo..., se:cdpVersion: 141.0.7390.123, setWindowRect: true, strictFileInteractability: false, timeouts: {implicit: 0, pageLoad: 300000, script: 30000}, unhandledPromptBehavior: dismiss and notify, webauthn:extension:credBlob: true, webauthn:extension:largeBlob: true, webauthn:extension:minPinLength: true, webauthn:extension:prf: true, webauthn:virtualAuthenticators: true}
Session ID: cfb96ca9341dccba81a1796c0bd3ac6e
2025-10-26 20:17:45 [main] ERROR ActionDriver - Element is not visible: Expected condition failed: waiting for visibility of element located by By.xpath: //span[text() = 'Admin'] (tried for 30 second(s) with 500 milliseconds interval)
Build info: version: '4.37.0', revision: '3c1da1e342'
System info: os.name: 'Windows 11', os.arch: 'amd64', os.version: '10.0', java.version: '20'
Driver info: org.openqa.selenium.chrome.ChromeDriver
Capabilities {acceptInsecureCerts: false, browserName: chrome, browserVersion: 141.0.7390.123, chrome: {chromedriverVersion: 141.0.7390.122 (b477534e7e1..., userDataDir: C:\Users\DELL\AppData\Local...}, fedcm:accounts: true, goog:chromeOptions: {debuggerAddress: localhost:65270}, networkConnectionEnabled: false, pageLoadStrategy: normal, platformName: windows, proxy: Proxy(), se:cdp: ws://localhost:65270/devtoo..., se:cdpVersion: 141.0.7390.123, setWindowRect: true, strictFileInteractability: false, timeouts: {implicit: 0, pageLoad: 300000, script: 30000}, unhandledPromptBehavior: dismiss and notify, webauthn:extension:credBlob: true, webauthn:extension:largeBlob: true, webauthn:extension:minPinLength: true, webauthn:extension:prf: true, webauthn:virtualAuthenticators: true}
Session ID: cfb96ca9341dccba81a1796c0bd3ac6e
2025-10-26 20:17:55 [main] ERROR ActionDriver - There an error: no such element: Unable to locate element: {"method":"xpath","selector":"//span[text() = 'Admin']"}
  (Session info: chrome=141.0.7390.123)
For documentation on this error, please visit: https://www.selenium.dev/documentation/webdriver/troubleshooting/errors#nosuchelementexception
Build info: version: '4.37.0', revision: '3c1da1e342'
System info: os.name: 'Windows 11', os.arch: 'amd64', os.version: '10.0', java.version: '20'
Driver info: org.openqa.selenium.chrome.ChromeDriver
Command: [cfb96ca9341dccba81a1796c0bd3ac6e, findElement {value=//span[text() = 'Admin'], using=xpath}]
Capabilities {acceptInsecureCerts: false, browserName: chrome, browserVersion: 141.0.7390.123, chrome: {chromedriverVersion: 141.0.7390.122 (b477534e7e1..., userDataDir: C:\Users\DELL\AppData\Local...}, fedcm:accounts: true, goog:chromeOptions: {debuggerAddress: localhost:65270}, networkConnectionEnabled: false, pageLoadStrategy: normal, platformName: windows, proxy: Proxy(), se:cdp: ws://localhost:65270/devtoo..., se:cdpVersion: 141.0.7390.123, setWindowRect: true, strictFileInteractability: false, timeouts: {implicit: 0, pageLoad: 300000, script: 30000}, unhandledPromptBehavior: dismiss and notify, webauthn:extension:credBlob: true, webauthn:extension:largeBlob: true, webauthn:extension:minPinLength: true, webauthn:extension:prf: true, webauthn:virtualAuthenticators: true}
Session ID: cfb96ca9341dccba81a1796c0bd3ac6e
2025-10-27 20:14:45 [main] ERROR BaseClass - error message
2025-10-27 20:14:45 [main] FATAL BaseClass - fatal message
2025-10-27 20:15:00 [main] ERROR ActionDriver - Unable to describe the element: no such element: Unable to locate element: {"method":"xpath","selector":"//button[@type='submit']"}
  (Session info: chrome=141.0.7390.123)
For documentation on this error, please visit: https://www.selenium.dev/documentation/webdriver/troubleshooting/errors#nosuchelementexception
Build info: version: '4.37.0', revision: '3c1da1e342'
System info: os.name: 'Windows 11', os.arch: 'amd64', os.version: '10.0', java.version: '20'
Driver info: org.openqa.selenium.chrome.ChromeDriver
Command: [aeb01e1bb75bd84e7bd413bb8eb70ab8, findElement {using=xpath, value=//button[@type='submit']}]
Capabilities {acceptInsecureCerts: false, browserName: chrome, browserVersion: 141.0.7390.123, chrome: {chromedriverVersion: 141.0.7390.122 (b477534e7e1..., userDataDir: C:\Users\DELL\AppData\Local...}, fedcm:accounts: true, goog:chromeOptions: {debuggerAddress: localhost:64774}, networkConnectionEnabled: false, pageLoadStrategy: normal, platformName: windows, proxy: Proxy(), se:cdp: ws://localhost:64774/devtoo..., se:cdpVersion: 141.0.7390.123, setWindowRect: true, strictFileInteractability: false, timeouts: {implicit: 0, pageLoad: 300000, script: 30000}, unhandledPromptBehavior: dismiss and notify, webauthn:extension:credBlob: true, webauthn:extension:largeBlob: true, webauthn:extension:minPinLength: true, webauthn:extension:prf: true, webauthn:virtualAuthenticators: true}
Session ID: aeb01e1bb75bd84e7bd413bb8eb70ab8
2025-10-27 20:15:31 [main] ERROR ActionDriver - Element is not clickable: Expected condition failed: waiting for element to be clickable: By.xpath: //a[text()='Logout'] (tried for 30 second(s) with 500 milliseconds interval)
Build info: version: '4.37.0', revision: '3c1da1e342'
System info: os.name: 'Windows 11', os.arch: 'amd64', os.version: '10.0', java.version: '20'
Driver info: org.openqa.selenium.chrome.ChromeDriver
Capabilities {acceptInsecureCerts: false, browserName: chrome, browserVersion: 141.0.7390.123, chrome: {chromedriverVersion: 141.0.7390.122 (b477534e7e1..., userDataDir: C:\Users\DELL\AppData\Local...}, fedcm:accounts: true, goog:chromeOptions: {debuggerAddress: localhost:64774}, networkConnectionEnabled: false, pageLoadStrategy: normal, platformName: windows, proxy: Proxy(), se:cdp: ws://localhost:64774/devtoo..., se:cdpVersion: 141.0.7390.123, setWindowRect: true, strictFileInteractability: false, timeouts: {implicit: 0, pageLoad: 300000, script: 30000}, unhandledPromptBehavior: dismiss and notify, webauthn:extension:credBlob: true, webauthn:extension:largeBlob: true, webauthn:extension:minPinLength: true, webauthn:extension:prf: true, webauthn:virtualAuthenticators: true}
Session ID: aeb01e1bb75bd84e7bd413bb8eb70ab8
2025-10-27 20:15:41 [main] ERROR ActionDriver - Unable to describe the element: no such element: Unable to locate element: {"method":"xpath","selector":"//a[text()='Logout']"}
  (Session info: chrome=141.0.7390.123)
For documentation on this error, please visit: https://www.selenium.dev/documentation/webdriver/troubleshooting/errors#nosuchelementexception
Build info: version: '4.37.0', revision: '3c1da1e342'
System info: os.name: 'Windows 11', os.arch: 'amd64', os.version: '10.0', java.version: '20'
Driver info: org.openqa.selenium.chrome.ChromeDriver
Command: [aeb01e1bb75bd84e7bd413bb8eb70ab8, findElement {using=xpath, value=//a[text()='Logout']}]
Capabilities {acceptInsecureCerts: false, browserName: chrome, browserVersion: 141.0.7390.123, chrome: {chromedriverVersion: 141.0.7390.122 (b477534e7e1..., userDataDir: C:\Users\DELL\AppData\Local...}, fedcm:accounts: true, goog:chromeOptions: {debuggerAddress: localhost:64774}, networkConnectionEnabled: false, pageLoadStrategy: normal, platformName: windows, proxy: Proxy(), se:cdp: ws://localhost:64774/devtoo..., se:cdpVersion: 141.0.7390.123, setWindowRect: true, strictFileInteractability: false, timeouts: {implicit: 0, pageLoad: 300000, script: 30000}, unhandledPromptBehavior: dismiss and notify, webauthn:extension:credBlob: true, webauthn:extension:largeBlob: true, webauthn:extension:minPinLength: true, webauthn:extension:prf: true, webauthn:virtualAuthenticators: true}
Session ID: aeb01e1bb75bd84e7bd413bb8eb70ab8
2025-10-27 20:36:30 [main] ERROR BaseClass - error message
2025-10-27 20:36:30 [main] FATAL BaseClass - fatal message
2025-10-27 20:36:48 [main] ERROR BaseClass - error message
2025-10-27 20:36:48 [main] FATAL BaseClass - fatal message
2025-10-27 20:37:20 [main] ERROR BaseClass - error message
2025-10-27 20:37:20 [main] FATAL BaseClass - fatal message
2025-10-27 20:38:40 [main] ERROR ActionDriver - Element is not visible: Expected condition failed: waiting for visibility of element located by By.xpath: //span[text() = 'Admin'] (tried for 30 second(s) with 500 milliseconds interval)
Build info: version: '4.37.0', revision: '3c1da1e342'
System info: os.name: 'Windows 11', os.arch: 'amd64', os.version: '10.0', java.version: '20'
Driver info: org.openqa.selenium.chrome.ChromeDriver
Capabilities {acceptInsecureCerts: false, browserName: chrome, browserVersion: 141.0.7390.123, chrome: {chromedriverVersion: 141.0.7390.122 (b477534e7e1..., userDataDir: C:\Users\DELL\AppData\Local...}, fedcm:accounts: true, goog:chromeOptions: {debuggerAddress: localhost:58886}, networkConnectionEnabled: false, pageLoadStrategy: normal, platformName: windows, proxy: Proxy(), se:cdp: ws://localhost:58886/devtoo..., se:cdpVersion: 141.0.7390.123, setWindowRect: true, strictFileInteractability: false, timeouts: {implicit: 0, pageLoad: 300000, script: 30000}, unhandledPromptBehavior: dismiss and notify, webauthn:extension:credBlob: true, webauthn:extension:largeBlob: true, webauthn:extension:minPinLength: true, webauthn:extension:prf: true, webauthn:virtualAuthenticators: true}
Session ID: 8156d4b801d25fe8c07cd4eefb2ba272
2025-10-27 20:39:13 [main] ERROR ActionDriver - Element is not clickable: Expected condition failed: waiting for element to be clickable: By.xpath: //a[text()='Logout'] (tried for 30 second(s) with 500 milliseconds interval)
Build info: version: '4.37.0', revision: '3c1da1e342'
System info: os.name: 'Windows 11', os.arch: 'amd64', os.version: '10.0', java.version: '20'
Driver info: org.openqa.selenium.chrome.ChromeDriver
Capabilities {acceptInsecureCerts: false, browserName: chrome, browserVersion: 141.0.7390.123, chrome: {chromedriverVersion: 141.0.7390.122 (b477534e7e1..., userDataDir: C:\Users\DELL\AppData\Local...}, fedcm:accounts: true, goog:chromeOptions: {debuggerAddress: localhost:58886}, networkConnectionEnabled: false, pageLoadStrategy: normal, platformName: windows, proxy: Proxy(), se:cdp: ws://localhost:58886/devtoo..., se:cdpVersion: 141.0.7390.123, setWindowRect: true, strictFileInteractability: false, timeouts: {implicit: 0, pageLoad: 300000, script: 30000}, unhandledPromptBehavior: dismiss and notify, webauthn:extension:credBlob: true, webauthn:extension:largeBlob: true, webauthn:extension:minPinLength: true, webauthn:extension:prf: true, webauthn:virtualAuthenticators: true}
Session ID: 8156d4b801d25fe8c07cd4eefb2ba272
2025-10-27 20:41:16 [main] ERROR ActionDriver - Unable to describe the element: no such element: Unable to locate element: {"method":"xpath","selector":"//a[text()='Logout']"}
  (Session info: chrome=141.0.7390.123)
For documentation on this error, please visit: https://www.selenium.dev/documentation/webdriver/troubleshooting/errors#nosuchelementexception
Build info: version: '4.37.0', revision: '3c1da1e342'
System info: os.name: 'Windows 11', os.arch: 'amd64', os.version: '10.0', java.version: '20'
Driver info: org.openqa.selenium.chrome.ChromeDriver
Command: [8156d4b801d25fe8c07cd4eefb2ba272, findElement {value=//a[text()='Logout'], using=xpath}]
Capabilities {acceptInsecureCerts: false, browserName: chrome, browserVersion: 141.0.7390.123, chrome: {chromedriverVersion: 141.0.7390.122 (b477534e7e1..., userDataDir: C:\Users\DELL\AppData\Local...}, fedcm:accounts: true, goog:chromeOptions: {debuggerAddress: localhost:58886}, networkConnectionEnabled: false, pageLoadStrategy: normal, platformName: windows, proxy: Proxy(), se:cdp: ws://localhost:58886/devtoo..., se:cdpVersion: 141.0.7390.123, setWindowRect: true, strictFileInteractability: false, timeouts: {implicit: 0, pageLoad: 300000, script: 30000}, unhandledPromptBehavior: dismiss and notify, webauthn:extension:credBlob: true, webauthn:extension:largeBlob: true, webauthn:extension:minPinLength: true, webauthn:extension:prf: true, webauthn:virtualAuthenticators: true}
Session ID: 8156d4b801d25fe8c07cd4eefb2ba272
2025-10-27 20:41:25 [main] ERROR BaseClass - error message
2025-10-27 20:41:25 [main] FATAL BaseClass - fatal message
2025-10-27 20:41:41 [main] ERROR ActionDriver - Unable to describe the element: no such element: Unable to locate element: {"method":"xpath","selector":"//button[@type='submit']"}
  (Session info: chrome=141.0.7390.123)
For documentation on this error, please visit: https://www.selenium.dev/documentation/webdriver/troubleshooting/errors#nosuchelementexception
Build info: version: '4.37.0', revision: '3c1da1e342'
System info: os.name: 'Windows 11', os.arch: 'amd64', os.version: '10.0', java.version: '20'
Driver info: org.openqa.selenium.chrome.ChromeDriver
Command: [b31e2102f7a052fa3c67db3490ffd218, findElement {value=//button[@type='submit'], using=xpath}]
Capabilities {acceptInsecureCerts: false, browserName: chrome, browserVersion: 141.0.7390.123, chrome: {chromedriverVersion: 141.0.7390.122 (b477534e7e1..., userDataDir: C:\Users\DELL\AppData\Local...}, fedcm:accounts: true, goog:chromeOptions: {debuggerAddress: localhost:51927}, networkConnectionEnabled: false, pageLoadStrategy: normal, platformName: windows, proxy: Proxy(), se:cdp: ws://localhost:51927/devtoo..., se:cdpVersion: 141.0.7390.123, setWindowRect: true, strictFileInteractability: false, timeouts: {implicit: 0, pageLoad: 300000, script: 30000}, unhandledPromptBehavior: dismiss and notify, webauthn:extension:credBlob: true, webauthn:extension:largeBlob: true, webauthn:extension:minPinLength: true, webauthn:extension:prf: true, webauthn:virtualAuthenticators: true}
Session ID: b31e2102f7a052fa3c67db3490ffd218
2025-10-27 20:42:23 [TestNG-test-OrangeHRMTest-3] ERROR BaseClass - error message
2025-10-27 20:42:23 [TestNG-test-OrangeHRMTest-3] FATAL BaseClass - fatal message
2025-10-27 20:42:24 [TestNG-test-OrangeHRMTest-2] ERROR BaseClass - error message
2025-10-27 20:42:24 [TestNG-test-OrangeHRMTest-2] FATAL BaseClass - fatal message
2025-10-27 20:42:24 [TestNG-test-OrangeHRMTest-1] ERROR BaseClass - error message
2025-10-27 20:42:24 [TestNG-test-OrangeHRMTest-1] FATAL BaseClass - fatal message
2025-10-27 20:42:24 [TestNG-test-OrangeHRMTest-3] ERROR ActionDriver - Element is not visible: Error communicating with the remote browser. It may have died.
Build info: version: '4.37.0', revision: '3c1da1e342'
System info: os.name: 'Windows 11', os.arch: 'amd64', os.version: '10.0', java.version: '20'
Driver info: org.openqa.selenium.chrome.ChromeDriver
Command: [6875e1df771aa423a1034d343a5ef877, isElementDisplayed [id]]
Capabilities {acceptInsecureCerts: false, browserName: chrome, browserVersion: 141.0.7390.123, chrome: {chromedriverVersion: 141.0.7390.122 (b477534e7e1..., userDataDir: C:\Users\DELL\AppData\Local...}, fedcm:accounts: true, goog:chromeOptions: {debuggerAddress: localhost:62909}, networkConnectionEnabled: false, pageLoadStrategy: normal, platformName: windows, proxy: Proxy(), se:cdp: ws://localhost:62909/devtoo..., se:cdpVersion: 141.0.7390.123, setWindowRect: true, strictFileInteractability: false, timeouts: {implicit: 0, pageLoad: 300000, script: 30000}, unhandledPromptBehavior: dismiss and notify, webauthn:extension:credBlob: true, webauthn:extension:largeBlob: true, webauthn:extension:minPinLength: true, webauthn:extension:prf: true, webauthn:virtualAuthenticators: true}
Element: [[ChromeDriver: chrome on windows (6875e1df771aa423a1034d343a5ef877)] -> xpath: //input[@name='username']]
Session ID: 6875e1df771aa423a1034d343a5ef877
2025-10-27 20:42:24 [TestNG-test-OrangeHRMTest-4] ERROR BaseClass - error message
2025-10-27 20:42:24 [TestNG-test-OrangeHRMTest-4] FATAL BaseClass - fatal message
2025-10-27 20:42:24 [TestNG-test-OrangeHRMTest-3] ERROR ActionDriver - Unable to enter the text in to this field: Error communicating with the remote browser. It may have died.
Build info: version: '4.37.0', revision: '3c1da1e342'
System info: os.name: 'Windows 11', os.arch: 'amd64', os.version: '10.0', java.version: '20'
Driver info: org.openqa.selenium.chrome.ChromeDriver
Command: [6875e1df771aa423a1034d343a5ef877, findElement [value, using]]
Capabilities {acceptInsecureCerts: false, browserName: chrome, browserVersion: 141.0.7390.123, chrome: {chromedriverVersion: 141.0.7390.122 (b477534e7e1..., userDataDir: C:\Users\DELL\AppData\Local...}, fedcm:accounts: true, goog:chromeOptions: {debuggerAddress: localhost:62909}, networkConnectionEnabled: false, pageLoadStrategy: normal, platformName: windows, proxy: Proxy(), se:cdp: ws://localhost:62909/devtoo..., se:cdpVersion: 141.0.7390.123, setWindowRect: true, strictFileInteractability: false, timeouts: {implicit: 0, pageLoad: 300000, script: 30000}, unhandledPromptBehavior: dismiss and notify, webauthn:extension:credBlob: true, webauthn:extension:largeBlob: true, webauthn:extension:minPinLength: true, webauthn:extension:prf: true, webauthn:virtualAuthenticators: true}
Session ID: 6875e1df771aa423a1034d343a5ef877
2025-10-27 20:42:24 [TestNG-test-OrangeHRMTest-3] ERROR ActionDriver - Element is not visible: Error communicating with the remote browser. It may have died.
Build info: version: '4.37.0', revision: '3c1da1e342'
System info: os.name: 'Windows 11', os.arch: 'amd64', os.version: '10.0', java.version: '20'
Driver info: org.openqa.selenium.chrome.ChromeDriver
Command: [6875e1df771aa423a1034d343a5ef877, findElement [value, using]]
Capabilities {acceptInsecureCerts: false, browserName: chrome, browserVersion: 141.0.7390.123, chrome: {chromedriverVersion: 141.0.7390.122 (b477534e7e1..., userDataDir: C:\Users\DELL\AppData\Local...}, fedcm:accounts: true, goog:chromeOptions: {debuggerAddress: localhost:62909}, networkConnectionEnabled: false, pageLoadStrategy: normal, platformName: windows, proxy: Proxy(), se:cdp: ws://localhost:62909/devtoo..., se:cdpVersion: 141.0.7390.123, setWindowRect: true, strictFileInteractability: false, timeouts: {implicit: 0, pageLoad: 300000, script: 30000}, unhandledPromptBehavior: dismiss and notify, webauthn:extension:credBlob: true, webauthn:extension:largeBlob: true, webauthn:extension:minPinLength: true, webauthn:extension:prf: true, webauthn:virtualAuthenticators: true}
Session ID: 6875e1df771aa423a1034d343a5ef877
2025-10-27 20:42:24 [TestNG-test-OrangeHRMTest-4] ERROR ActionDriver - Element is not visible: Error communicating with the remote browser. It may have died.
Build info: version: '4.37.0', revision: '3c1da1e342'
System info: os.name: 'Windows 11', os.arch: 'amd64', os.version: '10.0', java.version: '20'
Driver info: org.openqa.selenium.chrome.ChromeDriver
Command: [6875e1df771aa423a1034d343a5ef877, findElement [value, using]]
Capabilities {acceptInsecureCerts: false, browserName: chrome, browserVersion: 141.0.7390.123, chrome: {chromedriverVersion: 141.0.7390.122 (b477534e7e1..., userDataDir: C:\Users\DELL\AppData\Local...}, fedcm:accounts: true, goog:chromeOptions: {debuggerAddress: localhost:62909}, networkConnectionEnabled: false, pageLoadStrategy: normal, platformName: windows, proxy: Proxy(), se:cdp: ws://localhost:62909/devtoo..., se:cdpVersion: 141.0.7390.123, setWindowRect: true, strictFileInteractability: false, timeouts: {implicit: 0, pageLoad: 300000, script: 30000}, unhandledPromptBehavior: dismiss and notify, webauthn:extension:credBlob: true, webauthn:extension:largeBlob: true, webauthn:extension:minPinLength: true, webauthn:extension:prf: true, webauthn:virtualAuthenticators: true}
Session ID: 6875e1df771aa423a1034d343a5ef877
2025-10-27 20:42:24 [TestNG-test-OrangeHRMTest-3] ERROR ActionDriver - Unable to enter the text in to this field: Error communicating with the remote browser. It may have died.
Build info: version: '4.37.0', revision: '3c1da1e342'
System info: os.name: 'Windows 11', os.arch: 'amd64', os.version: '10.0', java.version: '20'
Driver info: org.openqa.selenium.chrome.ChromeDriver
Command: [6875e1df771aa423a1034d343a5ef877, findElement [value, using]]
Capabilities {acceptInsecureCerts: false, browserName: chrome, browserVersion: 141.0.7390.123, chrome: {chromedriverVersion: 141.0.7390.122 (b477534e7e1..., userDataDir: C:\Users\DELL\AppData\Local...}, fedcm:accounts: true, goog:chromeOptions: {debuggerAddress: localhost:62909}, networkConnectionEnabled: false, pageLoadStrategy: normal, platformName: windows, proxy: Proxy(), se:cdp: ws://localhost:62909/devtoo..., se:cdpVersion: 141.0.7390.123, setWindowRect: true, strictFileInteractability: false, timeouts: {implicit: 0, pageLoad: 300000, script: 30000}, unhandledPromptBehavior: dismiss and notify, webauthn:extension:credBlob: true, webauthn:extension:largeBlob: true, webauthn:extension:minPinLength: true, webauthn:extension:prf: true, webauthn:virtualAuthenticators: true}
Session ID: 6875e1df771aa423a1034d343a5ef877
2025-10-27 20:42:24 [TestNG-test-OrangeHRMTest-4] ERROR ActionDriver - Unable to enter the text in to this field: Error communicating with the remote browser. It may have died.
Build info: version: '4.37.0', revision: '3c1da1e342'
System info: os.name: 'Windows 11', os.arch: 'amd64', os.version: '10.0', java.version: '20'
Driver info: org.openqa.selenium.chrome.ChromeDriver
Command: [6875e1df771aa423a1034d343a5ef877, findElement [value, using]]
Capabilities {acceptInsecureCerts: false, browserName: chrome, browserVersion: 141.0.7390.123, chrome: {chromedriverVersion: 141.0.7390.122 (b477534e7e1..., userDataDir: C:\Users\DELL\AppData\Local...}, fedcm:accounts: true, goog:chromeOptions: {debuggerAddress: localhost:62909}, networkConnectionEnabled: false, pageLoadStrategy: normal, platformName: windows, proxy: Proxy(), se:cdp: ws://localhost:62909/devtoo..., se:cdpVersion: 141.0.7390.123, setWindowRect: true, strictFileInteractability: false, timeouts: {implicit: 0, pageLoad: 300000, script: 30000}, unhandledPromptBehavior: dismiss and notify, webauthn:extension:credBlob: true, webauthn:extension:largeBlob: true, webauthn:extension:minPinLength: true, webauthn:extension:prf: true, webauthn:virtualAuthenticators: true}
Session ID: 6875e1df771aa423a1034d343a5ef877
2025-10-27 20:42:24 [TestNG-test-OrangeHRMTest-4] ERROR ActionDriver - Element is not visible: Error communicating with the remote browser. It may have died.
Build info: version: '4.37.0', revision: '3c1da1e342'
System info: os.name: 'Windows 11', os.arch: 'amd64', os.version: '10.0', java.version: '20'
Driver info: org.openqa.selenium.chrome.ChromeDriver
Command: [6875e1df771aa423a1034d343a5ef877, findElement [value, using]]
Capabilities {acceptInsecureCerts: false, browserName: chrome, browserVersion: 141.0.7390.123, chrome: {chromedriverVersion: 141.0.7390.122 (b477534e7e1..., userDataDir: C:\Users\DELL\AppData\Local...}, fedcm:accounts: true, goog:chromeOptions: {debuggerAddress: localhost:62909}, networkConnectionEnabled: false, pageLoadStrategy: normal, platformName: windows, proxy: Proxy(), se:cdp: ws://localhost:62909/devtoo..., se:cdpVersion: 141.0.7390.123, setWindowRect: true, strictFileInteractability: false, timeouts: {implicit: 0, pageLoad: 300000, script: 30000}, unhandledPromptBehavior: dismiss and notify, webauthn:extension:credBlob: true, webauthn:extension:largeBlob: true, webauthn:extension:minPinLength: true, webauthn:extension:prf: true, webauthn:virtualAuthenticators: true}
Session ID: 6875e1df771aa423a1034d343a5ef877
2025-10-27 20:42:24 [TestNG-test-OrangeHRMTest-3] ERROR ActionDriver - Element is not clickable: Error communicating with the remote browser. It may have died.
Build info: version: '4.37.0', revision: '3c1da1e342'
System info: os.name: 'Windows 11', os.arch: 'amd64', os.version: '10.0', java.version: '20'
Driver info: org.openqa.selenium.chrome.ChromeDriver
Command: [6875e1df771aa423a1034d343a5ef877, findElement [value, using]]
Capabilities {acceptInsecureCerts: false, browserName: chrome, browserVersion: 141.0.7390.123, chrome: {chromedriverVersion: 141.0.7390.122 (b477534e7e1..., userDataDir: C:\Users\DELL\AppData\Local...}, fedcm:accounts: true, goog:chromeOptions: {debuggerAddress: localhost:62909}, networkConnectionEnabled: false, pageLoadStrategy: normal, platformName: windows, proxy: Proxy(), se:cdp: ws://localhost:62909/devtoo..., se:cdpVersion: 141.0.7390.123, setWindowRect: true, strictFileInteractability: false, timeouts: {implicit: 0, pageLoad: 300000, script: 30000}, unhandledPromptBehavior: dismiss and notify, webauthn:extension:credBlob: true, webauthn:extension:largeBlob: true, webauthn:extension:minPinLength: true, webauthn:extension:prf: true, webauthn:virtualAuthenticators: true}
Session ID: 6875e1df771aa423a1034d343a5ef877
2025-10-27 20:42:24 [TestNG-test-OrangeHRMTest-4] ERROR ActionDriver - Unable to enter the text in to this field: Error communicating with the remote browser. It may have died.
Build info: version: '4.37.0', revision: '3c1da1e342'
System info: os.name: 'Windows 11', os.arch: 'amd64', os.version: '10.0', java.version: '20'
Driver info: org.openqa.selenium.chrome.ChromeDriver
Command: [6875e1df771aa423a1034d343a5ef877, findElement [value, using]]
Capabilities {acceptInsecureCerts: false, browserName: chrome, browserVersion: 141.0.7390.123, chrome: {chromedriverVersion: 141.0.7390.122 (b477534e7e1..., userDataDir: C:\Users\DELL\AppData\Local...}, fedcm:accounts: true, goog:chromeOptions: {debuggerAddress: localhost:62909}, networkConnectionEnabled: false, pageLoadStrategy: normal, platformName: windows, proxy: Proxy(), se:cdp: ws://localhost:62909/devtoo..., se:cdpVersion: 141.0.7390.123, setWindowRect: true, strictFileInteractability: false, timeouts: {implicit: 0, pageLoad: 300000, script: 30000}, unhandledPromptBehavior: dismiss and notify, webauthn:extension:credBlob: true, webauthn:extension:largeBlob: true, webauthn:extension:minPinLength: true, webauthn:extension:prf: true, webauthn:virtualAuthenticators: true}
2025-10-27 20:42:24 [TestNG-test-OrangeHRMTest-3] ERROR ActionDriver - Unable to click element: Session ID is null. Using WebDriver after calling quit()?
Build info: version: '4.37.0', revision: '3c1da1e342'
System info: os.name: 'Windows 11', os.arch: 'amd64', os.version: '10.0', java.version: '20'
Driver info: org.openqa.selenium.chrome.ChromeDriver
Command: [null, findElement {value=//button[@type='submit'], using=xpath}]
Capabilities {acceptInsecureCerts: false, browserName: chrome, browserVersion: 141.0.7390.123, chrome: {chromedriverVersion: 141.0.7390.122 (b477534e7e1..., userDataDir: C:\Users\DELL\AppData\Local...}, fedcm:accounts: true, goog:chromeOptions: {debuggerAddress: localhost:62909}, networkConnectionEnabled: false, pageLoadStrategy: normal, platformName: windows, proxy: Proxy(), se:cdp: ws://localhost:62909/devtoo..., se:cdpVersion: 141.0.7390.123, setWindowRect: true, strictFileInteractability: false, timeouts: {implicit: 0, pageLoad: 300000, script: 30000}, unhandledPromptBehavior: dismiss and notify, webauthn:extension:credBlob: true, webauthn:extension:largeBlob: true, webauthn:extension:minPinLength: true, webauthn:extension:prf: true, webauthn:virtualAuthenticators: true}
2025-10-27 20:42:24 [TestNG-test-OrangeHRMTest-4] ERROR ActionDriver - Element is not clickable: Session ID is null. Using WebDriver after calling quit()?
Build info: version: '4.37.0', revision: '3c1da1e342'
System info: os.name: 'Windows 11', os.arch: 'amd64', os.version: '10.0', java.version: '20'
Driver info: org.openqa.selenium.chrome.ChromeDriver
Command: [null, findElement {value=//button[@type='submit'], using=xpath}]
Capabilities {acceptInsecureCerts: false, browserName: chrome, browserVersion: 141.0.7390.123, chrome: {chromedriverVersion: 141.0.7390.122 (b477534e7e1..., userDataDir: C:\Users\DELL\AppData\Local...}, fedcm:accounts: true, goog:chromeOptions: {debuggerAddress: localhost:62909}, networkConnectionEnabled: false, pageLoadStrategy: normal, platformName: windows, proxy: Proxy(), se:cdp: ws://localhost:62909/devtoo..., se:cdpVersion: 141.0.7390.123, setWindowRect: true, strictFileInteractability: false, timeouts: {implicit: 0, pageLoad: 300000, script: 30000}, unhandledPromptBehavior: dismiss and notify, webauthn:extension:credBlob: true, webauthn:extension:largeBlob: true, webauthn:extension:minPinLength: true, webauthn:extension:prf: true, webauthn:virtualAuthenticators: true}
2025-10-27 20:42:24 [TestNG-test-OrangeHRMTest-3] ERROR ActionDriver - Element is not visible: Session ID is null. Using WebDriver after calling quit()?
Build info: version: '4.37.0', revision: '3c1da1e342'
System info: os.name: 'Windows 11', os.arch: 'amd64', os.version: '10.0', java.version: '20'
Driver info: org.openqa.selenium.chrome.ChromeDriver
Command: [null, findElement {value=//span[text() = 'Admin'], using=xpath}]
Capabilities {acceptInsecureCerts: false, browserName: chrome, browserVersion: 141.0.7390.123, chrome: {chromedriverVersion: 141.0.7390.122 (b477534e7e1..., userDataDir: C:\Users\DELL\AppData\Local...}, fedcm:accounts: true, goog:chromeOptions: {debuggerAddress: localhost:62909}, networkConnectionEnabled: false, pageLoadStrategy: normal, platformName: windows, proxy: Proxy(), se:cdp: ws://localhost:62909/devtoo..., se:cdpVersion: 141.0.7390.123, setWindowRect: true, strictFileInteractability: false, timeouts: {implicit: 0, pageLoad: 300000, script: 30000}, unhandledPromptBehavior: dismiss and notify, webauthn:extension:credBlob: true, webauthn:extension:largeBlob: true, webauthn:extension:minPinLength: true, webauthn:extension:prf: true, webauthn:virtualAuthenticators: true}
2025-10-27 20:42:24 [TestNG-test-OrangeHRMTest-4] ERROR ActionDriver - Unable to click element: Session ID is null. Using WebDriver after calling quit()?
Build info: version: '4.37.0', revision: '3c1da1e342'
System info: os.name: 'Windows 11', os.arch: 'amd64', os.version: '10.0', java.version: '20'
Driver info: org.openqa.selenium.chrome.ChromeDriver
Command: [null, findElement {value=//button[@type='submit'], using=xpath}]
Capabilities {acceptInsecureCerts: false, browserName: chrome, browserVersion: 141.0.7390.123, chrome: {chromedriverVersion: 141.0.7390.122 (b477534e7e1..., userDataDir: C:\Users\DELL\AppData\Local...}, fedcm:accounts: true, goog:chromeOptions: {debuggerAddress: localhost:62909}, networkConnectionEnabled: false, pageLoadStrategy: normal, platformName: windows, proxy: Proxy(), se:cdp: ws://localhost:62909/devtoo..., se:cdpVersion: 141.0.7390.123, setWindowRect: true, strictFileInteractability: false, timeouts: {implicit: 0, pageLoad: 300000, script: 30000}, unhandledPromptBehavior: dismiss and notify, webauthn:extension:credBlob: true, webauthn:extension:largeBlob: true, webauthn:extension:minPinLength: true, webauthn:extension:prf: true, webauthn:virtualAuthenticators: true}
2025-10-27 20:42:24 [TestNG-test-OrangeHRMTest-3] ERROR ActionDriver - Unable to describe the element: Session ID is null. Using WebDriver after calling quit()?
Build info: version: '4.37.0', revision: '3c1da1e342'
System info: os.name: 'Windows 11', os.arch: 'amd64', os.version: '10.0', java.version: '20'
Driver info: org.openqa.selenium.chrome.ChromeDriver
Command: [null, findElement {value=//span[text() = 'Admin'], using=xpath}]
Capabilities {acceptInsecureCerts: false, browserName: chrome, browserVersion: 141.0.7390.123, chrome: {chromedriverVersion: 141.0.7390.122 (b477534e7e1..., userDataDir: C:\Users\DELL\AppData\Local...}, fedcm:accounts: true, goog:chromeOptions: {debuggerAddress: localhost:62909}, networkConnectionEnabled: false, pageLoadStrategy: normal, platformName: windows, proxy: Proxy(), se:cdp: ws://localhost:62909/devtoo..., se:cdpVersion: 141.0.7390.123, setWindowRect: true, strictFileInteractability: false, timeouts: {implicit: 0, pageLoad: 300000, script: 30000}, unhandledPromptBehavior: dismiss and notify, webauthn:extension:credBlob: true, webauthn:extension:largeBlob: true, webauthn:extension:minPinLength: true, webauthn:extension:prf: true, webauthn:virtualAuthenticators: true}
2025-10-27 20:42:24 [TestNG-test-OrangeHRMTest-4] ERROR ActionDriver - Element is not visible: Session ID is null. Using WebDriver after calling quit()?
Build info: version: '4.37.0', revision: '3c1da1e342'
System info: os.name: 'Windows 11', os.arch: 'amd64', os.version: '10.0', java.version: '20'
Driver info: org.openqa.selenium.chrome.ChromeDriver
Command: [null, findElement {value=//div[@class='oxd-brand-banner']/img, using=xpath}]
Capabilities {acceptInsecureCerts: false, browserName: chrome, browserVersion: 141.0.7390.123, chrome: {chromedriverVersion: 141.0.7390.122 (b477534e7e1..., userDataDir: C:\Users\DELL\AppData\Local...}, fedcm:accounts: true, goog:chromeOptions: {debuggerAddress: localhost:62909}, networkConnectionEnabled: false, pageLoadStrategy: normal, platformName: windows, proxy: Proxy(), se:cdp: ws://localhost:62909/devtoo..., se:cdpVersion: 141.0.7390.123, setWindowRect: true, strictFileInteractability: false, timeouts: {implicit: 0, pageLoad: 300000, script: 30000}, unhandledPromptBehavior: dismiss and notify, webauthn:extension:credBlob: true, webauthn:extension:largeBlob: true, webauthn:extension:minPinLength: true, webauthn:extension:prf: true, webauthn:virtualAuthenticators: true}
2025-10-27 20:42:24 [TestNG-test-OrangeHRMTest-4] ERROR ActionDriver - Unable to describe the element: Session ID is null. Using WebDriver after calling quit()?
Build info: version: '4.37.0', revision: '3c1da1e342'
System info: os.name: 'Windows 11', os.arch: 'amd64', os.version: '10.0', java.version: '20'
Driver info: org.openqa.selenium.chrome.ChromeDriver
Command: [null, findElement {value=//div[@class='oxd-brand-banner']/img, using=xpath}]
Capabilities {acceptInsecureCerts: false, browserName: chrome, browserVersion: 141.0.7390.123, chrome: {chromedriverVersion: 141.0.7390.122 (b477534e7e1..., userDataDir: C:\Users\DELL\AppData\Local...}, fedcm:accounts: true, goog:chromeOptions: {debuggerAddress: localhost:62909}, networkConnectionEnabled: false, pageLoadStrategy: normal, platformName: windows, proxy: Proxy(), se:cdp: ws://localhost:62909/devtoo..., se:cdpVersion: 141.0.7390.123, setWindowRect: true, strictFileInteractability: false, timeouts: {implicit: 0, pageLoad: 300000, script: 30000}, unhandledPromptBehavior: dismiss and notify, webauthn:extension:credBlob: true, webauthn:extension:largeBlob: true, webauthn:extension:minPinLength: true, webauthn:extension:prf: true, webauthn:virtualAuthenticators: true}
2025-10-27 20:42:24 [TestNG-test-OrangeHRMTest-3] ERROR ActionDriver - There an error: Session ID is null. Using WebDriver after calling quit()?
Build info: version: '4.37.0', revision: '3c1da1e342'
System info: os.name: 'Windows 11', os.arch: 'amd64', os.version: '10.0', java.version: '20'
Driver info: org.openqa.selenium.chrome.ChromeDriver
Command: [null, findElement {value=//span[text() = 'Admin'], using=xpath}]
Capabilities {acceptInsecureCerts: false, browserName: chrome, browserVersion: 141.0.7390.123, chrome: {chromedriverVersion: 141.0.7390.122 (b477534e7e1..., userDataDir: C:\Users\DELL\AppData\Local...}, fedcm:accounts: true, goog:chromeOptions: {debuggerAddress: localhost:62909}, networkConnectionEnabled: false, pageLoadStrategy: normal, platformName: windows, proxy: Proxy(), se:cdp: ws://localhost:62909/devtoo..., se:cdpVersion: 141.0.7390.123, setWindowRect: true, strictFileInteractability: false, timeouts: {implicit: 0, pageLoad: 300000, script: 30000}, unhandledPromptBehavior: dismiss and notify, webauthn:extension:credBlob: true, webauthn:extension:largeBlob: true, webauthn:extension:minPinLength: true, webauthn:extension:prf: true, webauthn:virtualAuthenticators: true}
2025-10-27 20:42:24 [TestNG-test-OrangeHRMTest-4] ERROR ActionDriver - There an error: Session ID is null. Using WebDriver after calling quit()?
Build info: version: '4.37.0', revision: '3c1da1e342'
System info: os.name: 'Windows 11', os.arch: 'amd64', os.version: '10.0', java.version: '20'
Driver info: org.openqa.selenium.chrome.ChromeDriver
Command: [null, findElement {value=//div[@class='oxd-brand-banner']/img, using=xpath}]
Capabilities {acceptInsecureCerts: false, browserName: chrome, browserVersion: 141.0.7390.123, chrome: {chromedriverVersion: 141.0.7390.122 (b477534e7e1..., userDataDir: C:\Users\DELL\AppData\Local...}, fedcm:accounts: true, goog:chromeOptions: {debuggerAddress: localhost:62909}, networkConnectionEnabled: false, pageLoadStrategy: normal, platformName: windows, proxy: Proxy(), se:cdp: ws://localhost:62909/devtoo..., se:cdpVersion: 141.0.7390.123, setWindowRect: true, strictFileInteractability: false, timeouts: {implicit: 0, pageLoad: 300000, script: 30000}, unhandledPromptBehavior: dismiss and notify, webauthn:extension:credBlob: true, webauthn:extension:largeBlob: true, webauthn:extension:minPinLength: true, webauthn:extension:prf: true, webauthn:virtualAuthenticators: true}
2025-10-27 20:56:08 [TestNG-test-OrangeHRMTest-2] ERROR BaseClass - error message
2025-10-27 20:56:08 [TestNG-test-OrangeHRMTest-2] FATAL BaseClass - fatal message
2025-10-27 20:56:11 [TestNG-test-OrangeHRMTest-3] ERROR BaseClass - error message
2025-10-27 20:56:11 [TestNG-test-OrangeHRMTest-3] FATAL BaseClass - fatal message
2025-10-27 20:56:12 [TestNG-test-OrangeHRMTest-4] ERROR BaseClass - error message
2025-10-27 20:56:12 [TestNG-test-OrangeHRMTest-4] FATAL BaseClass - fatal message
2025-10-27 20:56:12 [TestNG-test-OrangeHRMTest-1] ERROR BaseClass - error message
2025-10-27 20:56:12 [TestNG-test-OrangeHRMTest-1] FATAL BaseClass - fatal message
2025-10-27 20:56:26 [TestNG-test-OrangeHRMTest-4] ERROR ActionDriver - Unable to describe the element: no such element: Unable to locate element: {"method":"xpath","selector":"//button[@type='submit']"}
  (Session info: chrome=141.0.7390.123)
For documentation on this error, please visit: https://www.selenium.dev/documentation/webdriver/troubleshooting/errors#nosuchelementexception
Build info: version: '4.37.0', revision: '3c1da1e342'
System info: os.name: 'Windows 11', os.arch: 'amd64', os.version: '10.0', java.version: '20'
Driver info: org.openqa.selenium.chrome.ChromeDriver
Command: [042a62dcf395e41e8e6838dfd416590d, findElement {value=//button[@type='submit'], using=xpath}]
Capabilities {acceptInsecureCerts: false, browserName: chrome, browserVersion: 141.0.7390.123, chrome: {chromedriverVersion: 141.0.7390.122 (b477534e7e1..., userDataDir: C:\Users\DELL\AppData\Local...}, fedcm:accounts: true, goog:chromeOptions: {debuggerAddress: localhost:63203}, networkConnectionEnabled: false, pageLoadStrategy: normal, platformName: windows, proxy: Proxy(), se:cdp: ws://localhost:63203/devtoo..., se:cdpVersion: 141.0.7390.123, setWindowRect: true, strictFileInteractability: false, timeouts: {implicit: 0, pageLoad: 300000, script: 30000}, unhandledPromptBehavior: dismiss and notify, webauthn:extension:credBlob: true, webauthn:extension:largeBlob: true, webauthn:extension:minPinLength: true, webauthn:extension:prf: true, webauthn:virtualAuthenticators: true}
Session ID: 042a62dcf395e41e8e6838dfd416590d
2025-10-27 20:56:26 [TestNG-test-OrangeHRMTest-3] ERROR ActionDriver - Unable to describe the element: no such element: Unable to locate element: {"method":"xpath","selector":"//button[@type='submit']"}
  (Session info: chrome=141.0.7390.123)
For documentation on this error, please visit: https://www.selenium.dev/documentation/webdriver/troubleshooting/errors#nosuchelementexception
Build info: version: '4.37.0', revision: '3c1da1e342'
System info: os.name: 'Windows 11', os.arch: 'amd64', os.version: '10.0', java.version: '20'
Driver info: org.openqa.selenium.chrome.ChromeDriver
Command: [19bf930a89022511fff9c8b5b6ad0d81, findElement {value=//button[@type='submit'], using=xpath}]
Capabilities {acceptInsecureCerts: false, browserName: chrome, browserVersion: 141.0.7390.123, chrome: {chromedriverVersion: 141.0.7390.122 (b477534e7e1..., userDataDir: C:\Users\DELL\AppData\Local...}, fedcm:accounts: true, goog:chromeOptions: {debuggerAddress: localhost:63202}, networkConnectionEnabled: false, pageLoadStrategy: normal, platformName: windows, proxy: Proxy(), se:cdp: ws://localhost:63202/devtoo..., se:cdpVersion: 141.0.7390.123, setWindowRect: true, strictFileInteractability: false, timeouts: {implicit: 0, pageLoad: 300000, script: 30000}, unhandledPromptBehavior: dismiss and notify, webauthn:extension:credBlob: true, webauthn:extension:largeBlob: true, webauthn:extension:minPinLength: true, webauthn:extension:prf: true, webauthn:virtualAuthenticators: true}
Session ID: 19bf930a89022511fff9c8b5b6ad0d81
2025-10-27 20:56:37 [TestNG-test-OrangeHRMTest-3] ERROR ActionDriver - Unable to describe the element: no such element: Unable to locate element: {"method":"xpath","selector":"//a[text()='Logout']"}
  (Session info: chrome=141.0.7390.123)
For documentation on this error, please visit: https://www.selenium.dev/documentation/webdriver/troubleshooting/errors#nosuchelementexception
Build info: version: '4.37.0', revision: '3c1da1e342'
System info: os.name: 'Windows 11', os.arch: 'amd64', os.version: '10.0', java.version: '20'
Driver info: org.openqa.selenium.chrome.ChromeDriver
Command: [19bf930a89022511fff9c8b5b6ad0d81, findElement {value=//a[text()='Logout'], using=xpath}]
Capabilities {acceptInsecureCerts: false, browserName: chrome, browserVersion: 141.0.7390.123, chrome: {chromedriverVersion: 141.0.7390.122 (b477534e7e1..., userDataDir: C:\Users\DELL\AppData\Local...}, fedcm:accounts: true, goog:chromeOptions: {debuggerAddress: localhost:63202}, networkConnectionEnabled: false, pageLoadStrategy: normal, platformName: windows, proxy: Proxy(), se:cdp: ws://localhost:63202/devtoo..., se:cdpVersion: 141.0.7390.123, setWindowRect: true, strictFileInteractability: false, timeouts: {implicit: 0, pageLoad: 300000, script: 30000}, unhandledPromptBehavior: dismiss and notify, webauthn:extension:credBlob: true, webauthn:extension:largeBlob: true, webauthn:extension:minPinLength: true, webauthn:extension:prf: true, webauthn:virtualAuthenticators: true}
Session ID: 19bf930a89022511fff9c8b5b6ad0d81
2025-10-28 20:08:18 [TestNG-test-OrangeHRMTest-1] ERROR BaseClass - error message
2025-10-28 20:08:18 [TestNG-test-OrangeHRMTest-1] FATAL BaseClass - fatal message
2025-10-28 20:08:47 [TestNG-test-OrangeHRMTest-4] ERROR BaseClass - error message
2025-10-28 20:08:47 [TestNG-test-OrangeHRMTest-4] FATAL BaseClass - fatal message
2025-10-28 20:09:00 [TestNG-test-OrangeHRMTest-4] ERROR ActionDriver - Unable to describe the element: no such element: Unable to locate element: {"method":"xpath","selector":"//button[@type='submit']"}
  (Session info: chrome=141.0.7390.123)
For documentation on this error, please visit: https://www.selenium.dev/documentation/webdriver/troubleshooting/errors#nosuchelementexception
Build info: version: '4.37.0', revision: '3c1da1e342'
System info: os.name: 'Windows 11', os.arch: 'amd64', os.version: '10.0', java.version: '20'
Driver info: org.openqa.selenium.chrome.ChromeDriver
Command: [ba64428f453d5bb0a21de0b6188c0979, findElement {using=xpath, value=//button[@type='submit']}]
Capabilities {acceptInsecureCerts: false, browserName: chrome, browserVersion: 141.0.7390.123, chrome: {chromedriverVersion: 141.0.7390.122 (b477534e7e1..., userDataDir: C:\Users\DELL\AppData\Local...}, fedcm:accounts: true, goog:chromeOptions: {debuggerAddress: localhost:56244}, networkConnectionEnabled: false, pageLoadStrategy: normal, platformName: windows, proxy: Proxy(), se:cdp: ws://localhost:56244/devtoo..., se:cdpVersion: 141.0.7390.123, setWindowRect: true, strictFileInteractability: false, timeouts: {implicit: 0, pageLoad: 300000, script: 30000}, unhandledPromptBehavior: dismiss and notify, webauthn:extension:credBlob: true, webauthn:extension:largeBlob: true, webauthn:extension:minPinLength: true, webauthn:extension:prf: true, webauthn:virtualAuthenticators: true}
Session ID: ba64428f453d5bb0a21de0b6188c0979
2025-10-28 20:09:05 [TestNG-test-OrangeHRMTest-3] ERROR BaseClass - error message
2025-10-28 20:09:05 [TestNG-test-OrangeHRMTest-3] FATAL BaseClass - fatal message
2025-10-28 20:09:17 [TestNG-test-OrangeHRMTest-3] ERROR ActionDriver - Unable to describe the element: no such element: Unable to locate element: {"method":"xpath","selector":"//button[@type='submit']"}
  (Session info: chrome=141.0.7390.123)
For documentation on this error, please visit: https://www.selenium.dev/documentation/webdriver/troubleshooting/errors#nosuchelementexception
Build info: version: '4.37.0', revision: '3c1da1e342'
System info: os.name: 'Windows 11', os.arch: 'amd64', os.version: '10.0', java.version: '20'
Driver info: org.openqa.selenium.chrome.ChromeDriver
Command: [9eb65f2ff818bfcb09a39d548fc42cca, findElement {using=xpath, value=//button[@type='submit']}]
Capabilities {acceptInsecureCerts: false, browserName: chrome, browserVersion: 141.0.7390.123, chrome: {chromedriverVersion: 141.0.7390.122 (b477534e7e1..., userDataDir: C:\Users\DELL\AppData\Local...}, fedcm:accounts: true, goog:chromeOptions: {debuggerAddress: localhost:57097}, networkConnectionEnabled: false, pageLoadStrategy: normal, platformName: windows, proxy: Proxy(), se:cdp: ws://localhost:57097/devtoo..., se:cdpVersion: 141.0.7390.123, setWindowRect: true, strictFileInteractability: false, timeouts: {implicit: 0, pageLoad: 300000, script: 30000}, unhandledPromptBehavior: dismiss and notify, webauthn:extension:credBlob: true, webauthn:extension:largeBlob: true, webauthn:extension:minPinLength: true, webauthn:extension:prf: true, webauthn:virtualAuthenticators: true}
Session ID: 9eb65f2ff818bfcb09a39d548fc42cca
2025-10-28 20:09:28 [TestNG-test-OrangeHRMTest-2] ERROR BaseClass - error message
2025-10-28 20:09:28 [TestNG-test-OrangeHRMTest-2] FATAL BaseClass - fatal message
2025-10-28 20:09:28 [TestNG-test-OrangeHRMTest-3] ERROR ActionDriver - Unable to describe the element: no such element: Unable to locate element: {"method":"xpath","selector":"//a[text()='Logout']"}
  (Session info: chrome=141.0.7390.123)
For documentation on this error, please visit: https://www.selenium.dev/documentation/webdriver/troubleshooting/errors#nosuchelementexception
Build info: version: '4.37.0', revision: '3c1da1e342'
System info: os.name: 'Windows 11', os.arch: 'amd64', os.version: '10.0', java.version: '20'
Driver info: org.openqa.selenium.chrome.ChromeDriver
Command: [9eb65f2ff818bfcb09a39d548fc42cca, findElement {using=xpath, value=//a[text()='Logout']}]
Capabilities {acceptInsecureCerts: false, browserName: chrome, browserVersion: 141.0.7390.123, chrome: {chromedriverVersion: 141.0.7390.122 (b477534e7e1..., userDataDir: C:\Users\DELL\AppData\Local...}, fedcm:accounts: true, goog:chromeOptions: {debuggerAddress: localhost:57097}, networkConnectionEnabled: false, pageLoadStrategy: normal, platformName: windows, proxy: Proxy(), se:cdp: ws://localhost:57097/devtoo..., se:cdpVersion: 141.0.7390.123, setWindowRect: true, strictFileInteractability: false, timeouts: {implicit: 0, pageLoad: 300000, script: 30000}, unhandledPromptBehavior: dismiss and notify, webauthn:extension:credBlob: true, webauthn:extension:largeBlob: true, webauthn:extension:minPinLength: true, webauthn:extension:prf: true, webauthn:virtualAuthenticators: true}
Session ID: 9eb65f2ff818bfcb09a39d548fc42cca
2025-10-28 20:16:00 [main] ERROR BaseClass - error message
2025-10-28 20:16:00 [main] FATAL BaseClass - fatal message
2025-10-28 20:25:36 [TestNG-test-OrangeHRMTest-1] ERROR BaseClass - error message
2025-10-28 20:25:36 [TestNG-test-OrangeHRMTest-1] FATAL BaseClass - fatal message
2025-10-28 20:25:36 [TestNG-test-OrangeHRMTest-4] ERROR BaseClass - error message
2025-10-28 20:25:36 [TestNG-test-OrangeHRMTest-4] FATAL BaseClass - fatal message
2025-10-28 20:25:36 [TestNG-test-OrangeHRMTest-3] ERROR BaseClass - error message
2025-10-28 20:25:36 [TestNG-test-OrangeHRMTest-3] FATAL BaseClass - fatal message
2025-10-28 20:25:37 [TestNG-test-OrangeHRMTest-2] ERROR BaseClass - error message
2025-10-28 20:25:37 [TestNG-test-OrangeHRMTest-2] FATAL BaseClass - fatal message
2025-10-28 20:25:48 [TestNG-test-OrangeHRMTest-4] ERROR ActionDriver - Unable to describe the element: no such element: Unable to locate element: {"method":"xpath","selector":"//button[@type='submit']"}
  (Session info: chrome=141.0.7390.123)
For documentation on this error, please visit: https://www.selenium.dev/documentation/webdriver/troubleshooting/errors#nosuchelementexception
Build info: version: '4.37.0', revision: '3c1da1e342'
System info: os.name: 'Windows 11', os.arch: 'amd64', os.version: '10.0', java.version: '20'
Driver info: org.openqa.selenium.chrome.ChromeDriver
Command: [cec832d035ee7dbdb6eb7693ea51411c, findElement {value=//button[@type='submit'], using=xpath}]
Capabilities {acceptInsecureCerts: false, browserName: chrome, browserVersion: 141.0.7390.123, chrome: {chromedriverVersion: 141.0.7390.122 (b477534e7e1..., userDataDir: C:\Users\DELL\AppData\Local...}, fedcm:accounts: true, goog:chromeOptions: {debuggerAddress: localhost:51016}, networkConnectionEnabled: false, pageLoadStrategy: normal, platformName: windows, proxy: Proxy(), se:cdp: ws://localhost:51016/devtoo..., se:cdpVersion: 141.0.7390.123, setWindowRect: true, strictFileInteractability: false, timeouts: {implicit: 0, pageLoad: 300000, script: 30000}, unhandledPromptBehavior: dismiss and notify, webauthn:extension:credBlob: true, webauthn:extension:largeBlob: true, webauthn:extension:minPinLength: true, webauthn:extension:prf: true, webauthn:virtualAuthenticators: true}
Session ID: cec832d035ee7dbdb6eb7693ea51411c
2025-10-28 20:26:12 [TestNG-test-OrangeHRMTest-3] ERROR ActionDriver - Element is not visible: Expected condition failed: waiting for visibility of element located by By.xpath: //span[text() = 'Admin'] (tried for 30 second(s) with 500 milliseconds interval)
Build info: version: '4.37.0', revision: '3c1da1e342'
System info: os.name: 'Windows 11', os.arch: 'amd64', os.version: '10.0', java.version: '20'
Driver info: org.openqa.selenium.chrome.ChromeDriver
Capabilities {acceptInsecureCerts: false, browserName: chrome, browserVersion: 141.0.7390.123, chrome: {chromedriverVersion: 141.0.7390.122 (b477534e7e1..., userDataDir: C:\Users\DELL\AppData\Local...}, fedcm:accounts: true, goog:chromeOptions: {debuggerAddress: localhost:51018}, networkConnectionEnabled: false, pageLoadStrategy: normal, platformName: windows, proxy: Proxy(), se:cdp: ws://localhost:51018/devtoo..., se:cdpVersion: 141.0.7390.123, setWindowRect: true, strictFileInteractability: false, timeouts: {implicit: 0, pageLoad: 300000, script: 30000}, unhandledPromptBehavior: dismiss and notify, webauthn:extension:credBlob: true, webauthn:extension:largeBlob: true, webauthn:extension:minPinLength: true, webauthn:extension:prf: true, webauthn:virtualAuthenticators: true}
Session ID: 77f503f0d15e90001193ab16659e4adf
2025-10-28 20:26:22 [TestNG-test-OrangeHRMTest-3] ERROR ActionDriver - Unable to describe the element: no such element: Unable to locate element: {"method":"xpath","selector":"//span[text() = 'Admin']"}
  (Session info: chrome=141.0.7390.123)
For documentation on this error, please visit: https://www.selenium.dev/documentation/webdriver/troubleshooting/errors#nosuchelementexception
Build info: version: '4.37.0', revision: '3c1da1e342'
System info: os.name: 'Windows 11', os.arch: 'amd64', os.version: '10.0', java.version: '20'
Driver info: org.openqa.selenium.chrome.ChromeDriver
Command: [77f503f0d15e90001193ab16659e4adf, findElement {value=//span[text() = 'Admin'], using=xpath}]
Capabilities {acceptInsecureCerts: false, browserName: chrome, browserVersion: 141.0.7390.123, chrome: {chromedriverVersion: 141.0.7390.122 (b477534e7e1..., userDataDir: C:\Users\DELL\AppData\Local...}, fedcm:accounts: true, goog:chromeOptions: {debuggerAddress: localhost:51018}, networkConnectionEnabled: false, pageLoadStrategy: normal, platformName: windows, proxy: Proxy(), se:cdp: ws://localhost:51018/devtoo..., se:cdpVersion: 141.0.7390.123, setWindowRect: true, strictFileInteractability: false, timeouts: {implicit: 0, pageLoad: 300000, script: 30000}, unhandledPromptBehavior: dismiss and notify, webauthn:extension:credBlob: true, webauthn:extension:largeBlob: true, webauthn:extension:minPinLength: true, webauthn:extension:prf: true, webauthn:virtualAuthenticators: true}
Session ID: 77f503f0d15e90001193ab16659e4adf
2025-10-28 20:26:32 [TestNG-test-OrangeHRMTest-3] ERROR ActionDriver - There an error: no such element: Unable to locate element: {"method":"xpath","selector":"//span[text() = 'Admin']"}
  (Session info: chrome=141.0.7390.123)
For documentation on this error, please visit: https://www.selenium.dev/documentation/webdriver/troubleshooting/errors#nosuchelementexception
Build info: version: '4.37.0', revision: '3c1da1e342'
System info: os.name: 'Windows 11', os.arch: 'amd64', os.version: '10.0', java.version: '20'
Driver info: org.openqa.selenium.chrome.ChromeDriver
Command: [77f503f0d15e90001193ab16659e4adf, findElement {value=//span[text() = 'Admin'], using=xpath}]
Capabilities {acceptInsecureCerts: false, browserName: chrome, browserVersion: 141.0.7390.123, chrome: {chromedriverVersion: 141.0.7390.122 (b477534e7e1..., userDataDir: C:\Users\DELL\AppData\Local...}, fedcm:accounts: true, goog:chromeOptions: {debuggerAddress: localhost:51018}, networkConnectionEnabled: false, pageLoadStrategy: normal, platformName: windows, proxy: Proxy(), se:cdp: ws://localhost:51018/devtoo..., se:cdpVersion: 141.0.7390.123, setWindowRect: true, strictFileInteractability: false, timeouts: {implicit: 0, pageLoad: 300000, script: 30000}, unhandledPromptBehavior: dismiss and notify, webauthn:extension:credBlob: true, webauthn:extension:largeBlob: true, webauthn:extension:minPinLength: true, webauthn:extension:prf: true, webauthn:virtualAuthenticators: true}
Session ID: 77f503f0d15e90001193ab16659e4adf
2025-10-28 20:27:03 [TestNG-test-OrangeHRMTest-3] ERROR ActionDriver - Element is not clickable: Expected condition failed: waiting for element to be clickable: By.className: oxd-userdropdown-tab (tried for 30 second(s) with 500 milliseconds interval)
Build info: version: '4.37.0', revision: '3c1da1e342'
System info: os.name: 'Windows 11', os.arch: 'amd64', os.version: '10.0', java.version: '20'
Driver info: org.openqa.selenium.chrome.ChromeDriver
Capabilities {acceptInsecureCerts: false, browserName: chrome, browserVersion: 141.0.7390.123, chrome: {chromedriverVersion: 141.0.7390.122 (b477534e7e1..., userDataDir: C:\Users\DELL\AppData\Local...}, fedcm:accounts: true, goog:chromeOptions: {debuggerAddress: localhost:51018}, networkConnectionEnabled: false, pageLoadStrategy: normal, platformName: windows, proxy: Proxy(), se:cdp: ws://localhost:51018/devtoo..., se:cdpVersion: 141.0.7390.123, setWindowRect: true, strictFileInteractability: false, timeouts: {implicit: 0, pageLoad: 300000, script: 30000}, unhandledPromptBehavior: dismiss and notify, webauthn:extension:credBlob: true, webauthn:extension:largeBlob: true, webauthn:extension:minPinLength: true, webauthn:extension:prf: true, webauthn:virtualAuthenticators: true}
Session ID: 77f503f0d15e90001193ab16659e4adf
2025-10-28 20:27:13 [TestNG-test-OrangeHRMTest-3] ERROR ActionDriver - Unable to click element: no such element: Unable to locate element: {"method":"css selector","selector":".oxd\-userdropdown\-tab"}
  (Session info: chrome=141.0.7390.123)
For documentation on this error, please visit: https://www.selenium.dev/documentation/webdriver/troubleshooting/errors#nosuchelementexception
Build info: version: '4.37.0', revision: '3c1da1e342'
System info: os.name: 'Windows 11', os.arch: 'amd64', os.version: '10.0', java.version: '20'
Driver info: org.openqa.selenium.chrome.ChromeDriver
Command: [77f503f0d15e90001193ab16659e4adf, findElement {value=oxd-userdropdown-tab, using=class name}]
Capabilities {acceptInsecureCerts: false, browserName: chrome, browserVersion: 141.0.7390.123, chrome: {chromedriverVersion: 141.0.7390.122 (b477534e7e1..., userDataDir: C:\Users\DELL\AppData\Local...}, fedcm:accounts: true, goog:chromeOptions: {debuggerAddress: localhost:51018}, networkConnectionEnabled: false, pageLoadStrategy: normal, platformName: windows, proxy: Proxy(), se:cdp: ws://localhost:51018/devtoo..., se:cdpVersion: 141.0.7390.123, setWindowRect: true, strictFileInteractability: false, timeouts: {implicit: 0, pageLoad: 300000, script: 30000}, unhandledPromptBehavior: dismiss and notify, webauthn:extension:credBlob: true, webauthn:extension:largeBlob: true, webauthn:extension:minPinLength: true, webauthn:extension:prf: true, webauthn:virtualAuthenticators: true}
Session ID: 77f503f0d15e90001193ab16659e4adf
2025-10-28 20:27:44 [TestNG-test-OrangeHRMTest-3] ERROR ActionDriver - Element is not clickable: Expected condition failed: waiting for element to be clickable: By.xpath: //a[text()='Logout'] (tried for 30 second(s) with 500 milliseconds interval)
Build info: version: '4.37.0', revision: '3c1da1e342'
System info: os.name: 'Windows 11', os.arch: 'amd64', os.version: '10.0', java.version: '20'
Driver info: org.openqa.selenium.chrome.ChromeDriver
Capabilities {acceptInsecureCerts: false, browserName: chrome, browserVersion: 141.0.7390.123, chrome: {chromedriverVersion: 141.0.7390.122 (b477534e7e1..., userDataDir: C:\Users\DELL\AppData\Local...}, fedcm:accounts: true, goog:chromeOptions: {debuggerAddress: localhost:51018}, networkConnectionEnabled: false, pageLoadStrategy: normal, platformName: windows, proxy: Proxy(), se:cdp: ws://localhost:51018/devtoo..., se:cdpVersion: 141.0.7390.123, setWindowRect: true, strictFileInteractability: false, timeouts: {implicit: 0, pageLoad: 300000, script: 30000}, unhandledPromptBehavior: dismiss and notify, webauthn:extension:credBlob: true, webauthn:extension:largeBlob: true, webauthn:extension:minPinLength: true, webauthn:extension:prf: true, webauthn:virtualAuthenticators: true}
Session ID: 77f503f0d15e90001193ab16659e4adf
2025-10-28 20:27:54 [TestNG-test-OrangeHRMTest-3] ERROR ActionDriver - Unable to click element: no such element: Unable to locate element: {"method":"xpath","selector":"//a[text()='Logout']"}
  (Session info: chrome=141.0.7390.123)
For documentation on this error, please visit: https://www.selenium.dev/documentation/webdriver/troubleshooting/errors#nosuchelementexception
Build info: version: '4.37.0', revision: '3c1da1e342'
System info: os.name: 'Windows 11', os.arch: 'amd64', os.version: '10.0', java.version: '20'
Driver info: org.openqa.selenium.chrome.ChromeDriver
Command: [77f503f0d15e90001193ab16659e4adf, findElement {value=//a[text()='Logout'], using=xpath}]
Capabilities {acceptInsecureCerts: false, browserName: chrome, browserVersion: 141.0.7390.123, chrome: {chromedriverVersion: 141.0.7390.122 (b477534e7e1..., userDataDir: C:\Users\DELL\AppData\Local...}, fedcm:accounts: true, goog:chromeOptions: {debuggerAddress: localhost:51018}, networkConnectionEnabled: false, pageLoadStrategy: normal, platformName: windows, proxy: Proxy(), se:cdp: ws://localhost:51018/devtoo..., se:cdpVersion: 141.0.7390.123, setWindowRect: true, strictFileInteractability: false, timeouts: {implicit: 0, pageLoad: 300000, script: 30000}, unhandledPromptBehavior: dismiss and notify, webauthn:extension:credBlob: true, webauthn:extension:largeBlob: true, webauthn:extension:minPinLength: true, webauthn:extension:prf: true, webauthn:virtualAuthenticators: true}
Session ID: 77f503f0d15e90001193ab16659e4adf
2025-10-28 20:27:56 [TestNG-test-OrangeHRMTest-3] ERROR ActionDriver - Unable to describe the element: stale element reference: stale element not found
  (Session info: chrome=141.0.7390.123)
For documentation on this error, please visit: https://www.selenium.dev/documentation/webdriver/troubleshooting/errors#staleelementreferenceexception
Build info: version: '4.37.0', revision: '3c1da1e342'
System info: os.name: 'Windows 11', os.arch: 'amd64', os.version: '10.0', java.version: '20'
Driver info: org.openqa.selenium.chrome.ChromeDriver
Command: [77f503f0d15e90001193ab16659e4adf, getElementDomAttribute {id=f.962F16A6499963D3D2A5C71CA659E846.d.F9305B2E8F5AAB27928BEC333E1DE413.e.32, name=placeholder}]
Capabilities {acceptInsecureCerts: false, browserName: chrome, browserVersion: 141.0.7390.123, chrome: {chromedriverVersion: 141.0.7390.122 (b477534e7e1..., userDataDir: C:\Users\DELL\AppData\Local...}, fedcm:accounts: true, goog:chromeOptions: {debuggerAddress: localhost:51018}, networkConnectionEnabled: false, pageLoadStrategy: normal, platformName: windows, proxy: Proxy(), se:cdp: ws://localhost:51018/devtoo..., se:cdpVersion: 141.0.7390.123, setWindowRect: true, strictFileInteractability: false, timeouts: {implicit: 0, pageLoad: 300000, script: 30000}, unhandledPromptBehavior: dismiss and notify, webauthn:extension:credBlob: true, webauthn:extension:largeBlob: true, webauthn:extension:minPinLength: true, webauthn:extension:prf: true, webauthn:virtualAuthenticators: true}
Element: [[ChromeDriver: chrome on windows (77f503f0d15e90001193ab16659e4adf)] -> xpath: //button[@type='submit']]
Session ID: 77f503f0d15e90001193ab16659e4adf
2025-10-28 20:28:28 [TestNG-test-OrangeHRMTest-3] ERROR ActionDriver - Unable to describe the element: no such element: Unable to locate element: {"method":"xpath","selector":"//a[text()='Logout']"}
  (Session info: chrome=141.0.7390.123)
For documentation on this error, please visit: https://www.selenium.dev/documentation/webdriver/troubleshooting/errors#nosuchelementexception
Build info: version: '4.37.0', revision: '3c1da1e342'
System info: os.name: 'Windows 11', os.arch: 'amd64', os.version: '10.0', java.version: '20'
Driver info: org.openqa.selenium.chrome.ChromeDriver
Command: [77f503f0d15e90001193ab16659e4adf, findElement {value=//a[text()='Logout'], using=xpath}]
Capabilities {acceptInsecureCerts: false, browserName: chrome, browserVersion: 141.0.7390.123, chrome: {chromedriverVersion: 141.0.7390.122 (b477534e7e1..., userDataDir: C:\Users\DELL\AppData\Local...}, fedcm:accounts: true, goog:chromeOptions: {debuggerAddress: localhost:51018}, networkConnectionEnabled: false, pageLoadStrategy: normal, platformName: windows, proxy: Proxy(), se:cdp: ws://localhost:51018/devtoo..., se:cdpVersion: 141.0.7390.123, setWindowRect: true, strictFileInteractability: false, timeouts: {implicit: 0, pageLoad: 300000, script: 30000}, unhandledPromptBehavior: dismiss and notify, webauthn:extension:credBlob: true, webauthn:extension:largeBlob: true, webauthn:extension:minPinLength: true, webauthn:extension:prf: true, webauthn:virtualAuthenticators: true}
Session ID: 77f503f0d15e90001193ab16659e4adf
2025-10-28 20:39:48 [main] ERROR BaseClass - error message
2025-10-28 20:39:48 [main] FATAL BaseClass - fatal message
2025-10-28 20:40:32 [main] ERROR ActionDriver - Unable to describe the element: no such element: Unable to locate element: {"method":"xpath","selector":"//button[@type='submit']"}
  (Session info: chrome=141.0.7390.123)
For documentation on this error, please visit: https://www.selenium.dev/documentation/webdriver/troubleshooting/errors#nosuchelementexception
Build info: version: '4.37.0', revision: '3c1da1e342'
System info: os.name: 'Windows 11', os.arch: 'amd64', os.version: '10.0', java.version: '20'
Driver info: org.openqa.selenium.chrome.ChromeDriver
Command: [963830b613cbff140767301f3b4af224, findElement {value=//button[@type='submit'], using=xpath}]
Capabilities {acceptInsecureCerts: false, browserName: chrome, browserVersion: 141.0.7390.123, chrome: {chromedriverVersion: 141.0.7390.122 (b477534e7e1..., userDataDir: C:\Users\DELL\AppData\Local...}, fedcm:accounts: true, goog:chromeOptions: {debuggerAddress: localhost:52569}, networkConnectionEnabled: false, pageLoadStrategy: normal, platformName: windows, proxy: Proxy(), se:cdp: ws://localhost:52569/devtoo..., se:cdpVersion: 141.0.7390.123, setWindowRect: true, strictFileInteractability: false, timeouts: {implicit: 0, pageLoad: 300000, script: 30000}, unhandledPromptBehavior: dismiss and notify, webauthn:extension:credBlob: true, webauthn:extension:largeBlob: true, webauthn:extension:minPinLength: true, webauthn:extension:prf: true, webauthn:virtualAuthenticators: true}
Session ID: 963830b613cbff140767301f3b4af224
2025-10-28 20:41:32 [main] ERROR BaseClass - error message
2025-10-28 20:41:32 [main] FATAL BaseClass - fatal message
2025-10-28 20:41:50 [main] ERROR ActionDriver - Unable to describe the element: no such element: Unable to locate element: {"method":"xpath","selector":"//button[@type='submit']"}
  (Session info: chrome=141.0.7390.123)
For documentation on this error, please visit: https://www.selenium.dev/documentation/webdriver/troubleshooting/errors#nosuchelementexception
Build info: version: '4.37.0', revision: '3c1da1e342'
System info: os.name: 'Windows 11', os.arch: 'amd64', os.version: '10.0', java.version: '20'
Driver info: org.openqa.selenium.chrome.ChromeDriver
Command: [3b1e0b65f326c7d417149e95e5841d0a, findElement {value=//button[@type='submit'], using=xpath}]
Capabilities {acceptInsecureCerts: false, browserName: chrome, browserVersion: 141.0.7390.123, chrome: {chromedriverVersion: 141.0.7390.122 (b477534e7e1..., userDataDir: C:\Users\DELL\AppData\Local...}, fedcm:accounts: true, goog:chromeOptions: {debuggerAddress: localhost:65192}, networkConnectionEnabled: false, pageLoadStrategy: normal, platformName: windows, proxy: Proxy(), se:cdp: ws://localhost:65192/devtoo..., se:cdpVersion: 141.0.7390.123, setWindowRect: true, strictFileInteractability: false, timeouts: {implicit: 0, pageLoad: 300000, script: 30000}, unhandledPromptBehavior: dismiss and notify, webauthn:extension:credBlob: true, webauthn:extension:largeBlob: true, webauthn:extension:minPinLength: true, webauthn:extension:prf: true, webauthn:virtualAuthenticators: true}
Session ID: 3b1e0b65f326c7d417149e95e5841d0a
2025-10-28 20:47:32 [TestNG-test-OrangeHRMTest-2] ERROR BaseClass - error message
2025-10-28 20:47:32 [TestNG-test-OrangeHRMTest-2] FATAL BaseClass - fatal message
2025-10-28 20:47:33 [TestNG-test-OrangeHRMTest-3] ERROR BaseClass - error message
2025-10-28 20:47:33 [TestNG-test-OrangeHRMTest-3] FATAL BaseClass - fatal message
2025-10-28 20:47:34 [TestNG-test-OrangeHRMTest-1] ERROR BaseClass - error message
2025-10-28 20:47:34 [TestNG-test-OrangeHRMTest-1] FATAL BaseClass - fatal message
2025-10-28 20:47:34 [TestNG-test-OrangeHRMTest-4] ERROR BaseClass - error message
2025-10-28 20:47:34 [TestNG-test-OrangeHRMTest-4] FATAL BaseClass - fatal message
2025-10-28 20:47:46 [TestNG-test-OrangeHRMTest-4] ERROR ActionDriver - Unable to describe the element: no such element: Unable to locate element: {"method":"xpath","selector":"//button[@type='submit']"}
  (Session info: chrome=141.0.7390.123)
For documentation on this error, please visit: https://www.selenium.dev/documentation/webdriver/troubleshooting/errors#nosuchelementexception
Build info: version: '4.37.0', revision: '3c1da1e342'
System info: os.name: 'Windows 11', os.arch: 'amd64', os.version: '10.0', java.version: '20'
Driver info: org.openqa.selenium.chrome.ChromeDriver
Command: [9437de002e6b01ce02410ff22c91d45e, findElement {using=xpath, value=//button[@type='submit']}]
Capabilities {acceptInsecureCerts: false, browserName: chrome, browserVersion: 141.0.7390.123, chrome: {chromedriverVersion: 141.0.7390.122 (b477534e7e1..., userDataDir: C:\Users\DELL\AppData\Local...}, fedcm:accounts: true, goog:chromeOptions: {debuggerAddress: localhost:54423}, networkConnectionEnabled: false, pageLoadStrategy: normal, platformName: windows, proxy: Proxy(), se:cdp: ws://localhost:54423/devtoo..., se:cdpVersion: 141.0.7390.123, setWindowRect: true, strictFileInteractability: false, timeouts: {implicit: 0, pageLoad: 300000, script: 30000}, unhandledPromptBehavior: dismiss and notify, webauthn:extension:credBlob: true, webauthn:extension:largeBlob: true, webauthn:extension:minPinLength: true, webauthn:extension:prf: true, webauthn:virtualAuthenticators: true}
Session ID: 9437de002e6b01ce02410ff22c91d45e
2025-10-28 20:48:06 [TestNG-test-OrangeHRMTest-3] ERROR ActionDriver - Element is not visible: Expected condition failed: waiting for visibility of element located by By.xpath: //span[text() = 'Admin'] (tried for 30 second(s) with 500 milliseconds interval)
Build info: version: '4.37.0', revision: '3c1da1e342'
System info: os.name: 'Windows 11', os.arch: 'amd64', os.version: '10.0', java.version: '20'
Driver info: org.openqa.selenium.chrome.ChromeDriver
Capabilities {acceptInsecureCerts: false, browserName: chrome, browserVersion: 141.0.7390.123, chrome: {chromedriverVersion: 141.0.7390.122 (b477534e7e1..., userDataDir: C:\Users\DELL\AppData\Local...}, fedcm:accounts: true, goog:chromeOptions: {debuggerAddress: localhost:54422}, networkConnectionEnabled: false, pageLoadStrategy: normal, platformName: windows, proxy: Proxy(), se:cdp: ws://localhost:54422/devtoo..., se:cdpVersion: 141.0.7390.123, setWindowRect: true, strictFileInteractability: false, timeouts: {implicit: 0, pageLoad: 300000, script: 30000}, unhandledPromptBehavior: dismiss and notify, webauthn:extension:credBlob: true, webauthn:extension:largeBlob: true, webauthn:extension:minPinLength: true, webauthn:extension:prf: true, webauthn:virtualAuthenticators: true}
Session ID: d44d4ff0aa798fa3a859bac92f15ce1a
2025-10-28 20:48:06 [TestNG-test-OrangeHRMTest-3] ERROR ActionDriver - There an error: Expected condition failed: waiting for visibility of element located by By.xpath: //span[text() = 'Admin'] (tried for 30 second(s) with 500 milliseconds interval)
Build info: version: '4.37.0', revision: '3c1da1e342'
System info: os.name: 'Windows 11', os.arch: 'amd64', os.version: '10.0', java.version: '20'
Driver info: org.openqa.selenium.chrome.ChromeDriver
Capabilities {acceptInsecureCerts: false, browserName: chrome, browserVersion: 141.0.7390.123, chrome: {chromedriverVersion: 141.0.7390.122 (b477534e7e1..., userDataDir: C:\Users\DELL\AppData\Local...}, fedcm:accounts: true, goog:chromeOptions: {debuggerAddress: localhost:54422}, networkConnectionEnabled: false, pageLoadStrategy: normal, platformName: windows, proxy: Proxy(), se:cdp: ws://localhost:54422/devtoo..., se:cdpVersion: 141.0.7390.123, setWindowRect: true, strictFileInteractability: false, timeouts: {implicit: 0, pageLoad: 300000, script: 30000}, unhandledPromptBehavior: dismiss and notify, webauthn:extension:credBlob: true, webauthn:extension:largeBlob: true, webauthn:extension:minPinLength: true, webauthn:extension:prf: true, webauthn:virtualAuthenticators: true}
Session ID: d44d4ff0aa798fa3a859bac92f15ce1a
2025-10-28 20:48:38 [TestNG-test-OrangeHRMTest-3] ERROR ActionDriver - Element is not clickable: Expected condition failed: waiting for element to be clickable: By.className: oxd-userdropdown-tab (tried for 30 second(s) with 500 milliseconds interval)
Build info: version: '4.37.0', revision: '3c1da1e342'
System info: os.name: 'Windows 11', os.arch: 'amd64', os.version: '10.0', java.version: '20'
Driver info: org.openqa.selenium.chrome.ChromeDriver
Capabilities {acceptInsecureCerts: false, browserName: chrome, browserVersion: 141.0.7390.123, chrome: {chromedriverVersion: 141.0.7390.122 (b477534e7e1..., userDataDir: C:\Users\DELL\AppData\Local...}, fedcm:accounts: true, goog:chromeOptions: {debuggerAddress: localhost:54422}, networkConnectionEnabled: false, pageLoadStrategy: normal, platformName: windows, proxy: Proxy(), se:cdp: ws://localhost:54422/devtoo..., se:cdpVersion: 141.0.7390.123, setWindowRect: true, strictFileInteractability: false, timeouts: {implicit: 0, pageLoad: 300000, script: 30000}, unhandledPromptBehavior: dismiss and notify, webauthn:extension:credBlob: true, webauthn:extension:largeBlob: true, webauthn:extension:minPinLength: true, webauthn:extension:prf: true, webauthn:virtualAuthenticators: true}
Session ID: d44d4ff0aa798fa3a859bac92f15ce1a
2025-10-28 20:48:38 [TestNG-test-OrangeHRMTest-3] ERROR ActionDriver - Unable to click element: Expected condition failed: waiting for element to be clickable: By.className: oxd-userdropdown-tab (tried for 30 second(s) with 500 milliseconds interval)
Build info: version: '4.37.0', revision: '3c1da1e342'
System info: os.name: 'Windows 11', os.arch: 'amd64', os.version: '10.0', java.version: '20'
Driver info: org.openqa.selenium.chrome.ChromeDriver
Capabilities {acceptInsecureCerts: false, browserName: chrome, browserVersion: 141.0.7390.123, chrome: {chromedriverVersion: 141.0.7390.122 (b477534e7e1..., userDataDir: C:\Users\DELL\AppData\Local...}, fedcm:accounts: true, goog:chromeOptions: {debuggerAddress: localhost:54422}, networkConnectionEnabled: false, pageLoadStrategy: normal, platformName: windows, proxy: Proxy(), se:cdp: ws://localhost:54422/devtoo..., se:cdpVersion: 141.0.7390.123, setWindowRect: true, strictFileInteractability: false, timeouts: {implicit: 0, pageLoad: 300000, script: 30000}, unhandledPromptBehavior: dismiss and notify, webauthn:extension:credBlob: true, webauthn:extension:largeBlob: true, webauthn:extension:minPinLength: true, webauthn:extension:prf: true, webauthn:virtualAuthenticators: true}
Session ID: d44d4ff0aa798fa3a859bac92f15ce1a
2025-10-28 20:49:09 [TestNG-test-OrangeHRMTest-3] ERROR ActionDriver - Element is not clickable: Expected condition failed: waiting for element to be clickable: By.xpath: //a[text()='Logout'] (tried for 30 second(s) with 500 milliseconds interval)
Build info: version: '4.37.0', revision: '3c1da1e342'
System info: os.name: 'Windows 11', os.arch: 'amd64', os.version: '10.0', java.version: '20'
Driver info: org.openqa.selenium.chrome.ChromeDriver
Capabilities {acceptInsecureCerts: false, browserName: chrome, browserVersion: 141.0.7390.123, chrome: {chromedriverVersion: 141.0.7390.122 (b477534e7e1..., userDataDir: C:\Users\DELL\AppData\Local...}, fedcm:accounts: true, goog:chromeOptions: {debuggerAddress: localhost:54422}, networkConnectionEnabled: false, pageLoadStrategy: normal, platformName: windows, proxy: Proxy(), se:cdp: ws://localhost:54422/devtoo..., se:cdpVersion: 141.0.7390.123, setWindowRect: true, strictFileInteractability: false, timeouts: {implicit: 0, pageLoad: 300000, script: 30000}, unhandledPromptBehavior: dismiss and notify, webauthn:extension:credBlob: true, webauthn:extension:largeBlob: true, webauthn:extension:minPinLength: true, webauthn:extension:prf: true, webauthn:virtualAuthenticators: true}
Session ID: d44d4ff0aa798fa3a859bac92f15ce1a
2025-10-28 20:49:09 [TestNG-test-OrangeHRMTest-3] ERROR ActionDriver - Unable to click element: Expected condition failed: waiting for element to be clickable: By.xpath: //a[text()='Logout'] (tried for 30 second(s) with 500 milliseconds interval)
Build info: version: '4.37.0', revision: '3c1da1e342'
System info: os.name: 'Windows 11', os.arch: 'amd64', os.version: '10.0', java.version: '20'
Driver info: org.openqa.selenium.chrome.ChromeDriver
Capabilities {acceptInsecureCerts: false, browserName: chrome, browserVersion: 141.0.7390.123, chrome: {chromedriverVersion: 141.0.7390.122 (b477534e7e1..., userDataDir: C:\Users\DELL\AppData\Local...}, fedcm:accounts: true, goog:chromeOptions: {debuggerAddress: localhost:54422}, networkConnectionEnabled: false, pageLoadStrategy: normal, platformName: windows, proxy: Proxy(), se:cdp: ws://localhost:54422/devtoo..., se:cdpVersion: 141.0.7390.123, setWindowRect: true, strictFileInteractability: false, timeouts: {implicit: 0, pageLoad: 300000, script: 30000}, unhandledPromptBehavior: dismiss and notify, webauthn:extension:credBlob: true, webauthn:extension:largeBlob: true, webauthn:extension:minPinLength: true, webauthn:extension:prf: true, webauthn:virtualAuthenticators: true}
Session ID: d44d4ff0aa798fa3a859bac92f15ce1a
2025-10-28 20:49:21 [TestNG-test-OrangeHRMTest-3] ERROR ActionDriver - Unable to describe the element: no such element: Unable to locate element: {"method":"xpath","selector":"//button[@type='submit']"}
  (Session info: chrome=141.0.7390.123)
For documentation on this error, please visit: https://www.selenium.dev/documentation/webdriver/troubleshooting/errors#nosuchelementexception
Build info: version: '4.37.0', revision: '3c1da1e342'
System info: os.name: 'Windows 11', os.arch: 'amd64', os.version: '10.0', java.version: '20'
Driver info: org.openqa.selenium.chrome.ChromeDriver
Command: [d44d4ff0aa798fa3a859bac92f15ce1a, findElement {using=xpath, value=//button[@type='submit']}]
Capabilities {acceptInsecureCerts: false, browserName: chrome, browserVersion: 141.0.7390.123, chrome: {chromedriverVersion: 141.0.7390.122 (b477534e7e1..., userDataDir: C:\Users\DELL\AppData\Local...}, fedcm:accounts: true, goog:chromeOptions: {debuggerAddress: localhost:54422}, networkConnectionEnabled: false, pageLoadStrategy: normal, platformName: windows, proxy: Proxy(), se:cdp: ws://localhost:54422/devtoo..., se:cdpVersion: 141.0.7390.123, setWindowRect: true, strictFileInteractability: false, timeouts: {implicit: 0, pageLoad: 300000, script: 30000}, unhandledPromptBehavior: dismiss and notify, webauthn:extension:credBlob: true, webauthn:extension:largeBlob: true, webauthn:extension:minPinLength: true, webauthn:extension:prf: true, webauthn:virtualAuthenticators: true}
Session ID: d44d4ff0aa798fa3a859bac92f15ce1a
2025-10-28 20:49:32 [TestNG-test-OrangeHRMTest-3] ERROR ActionDriver - Unable to describe the element: no such element: Unable to locate element: {"method":"xpath","selector":"//a[text()='Logout']"}
  (Session info: chrome=141.0.7390.123)
For documentation on this error, please visit: https://www.selenium.dev/documentation/webdriver/troubleshooting/errors#nosuchelementexception
Build info: version: '4.37.0', revision: '3c1da1e342'
System info: os.name: 'Windows 11', os.arch: 'amd64', os.version: '10.0', java.version: '20'
Driver info: org.openqa.selenium.chrome.ChromeDriver
Command: [d44d4ff0aa798fa3a859bac92f15ce1a, findElement {using=xpath, value=//a[text()='Logout']}]
Capabilities {acceptInsecureCerts: false, browserName: chrome, browserVersion: 141.0.7390.123, chrome: {chromedriverVersion: 141.0.7390.122 (b477534e7e1..., userDataDir: C:\Users\DELL\AppData\Local...}, fedcm:accounts: true, goog:chromeOptions: {debuggerAddress: localhost:54422}, networkConnectionEnabled: false, pageLoadStrategy: normal, platformName: windows, proxy: Proxy(), se:cdp: ws://localhost:54422/devtoo..., se:cdpVersion: 141.0.7390.123, setWindowRect: true, strictFileInteractability: false, timeouts: {implicit: 0, pageLoad: 300000, script: 30000}, unhandledPromptBehavior: dismiss and notify, webauthn:extension:credBlob: true, webauthn:extension:largeBlob: true, webauthn:extension:minPinLength: true, webauthn:extension:prf: true, webauthn:virtualAuthenticators: true}
Session ID: d44d4ff0aa798fa3a859bac92f15ce1a
2025-10-28 21:07:48 [main] ERROR BaseClass - error message
2025-10-28 21:07:48 [main] FATAL BaseClass - fatal message
2025-10-28 21:08:08 [main] ERROR BaseClass - error message
2025-10-28 21:08:08 [main] FATAL BaseClass - fatal message
2025-11-01 20:11:12 [TestNG-test-OrangeHRMTest-3] ERROR BaseClass - error message
2025-11-01 20:11:12 [TestNG-test-OrangeHRMTest-3] FATAL BaseClass - fatal message
2025-11-01 20:11:13 [TestNG-test-OrangeHRMTest-3] ERROR ActionDriver - Element is not visible: invalid session id
Build info: version: '4.37.0', revision: '3c1da1e342'
System info: os.name: 'Windows 11', os.arch: 'amd64', os.version: '10.0', java.version: '20'
Driver info: org.openqa.selenium.chrome.ChromeDriver
Command: [3913d51fb7cbdf81172a4bf1fe804816, findElement {value=//input[@name='username'], using=xpath}]
Capabilities {acceptInsecureCerts: false, browserName: chrome, browserVersion: 141.0.7390.123, chrome: {chromedriverVersion: 141.0.7390.122 (b477534e7e1..., userDataDir: C:\Users\DELL\AppData\Local...}, fedcm:accounts: true, goog:chromeOptions: {debuggerAddress: localhost:64896}, networkConnectionEnabled: false, pageLoadStrategy: normal, platformName: windows, proxy: Proxy(), se:cdp: ws://localhost:64896/devtoo..., se:cdpVersion: 141.0.7390.123, setWindowRect: true, strictFileInteractability: false, timeouts: {implicit: 0, pageLoad: 300000, script: 30000}, unhandledPromptBehavior: dismiss and notify, webauthn:extension:credBlob: true, webauthn:extension:largeBlob: true, webauthn:extension:minPinLength: true, webauthn:extension:prf: true, webauthn:virtualAuthenticators: true}
Session ID: 3913d51fb7cbdf81172a4bf1fe804816
2025-11-01 20:11:13 [TestNG-test-OrangeHRMTest-3] ERROR ActionDriver - Unable to enter the text in to this field: invalid session id
Build info: version: '4.37.0', revision: '3c1da1e342'
System info: os.name: 'Windows 11', os.arch: 'amd64', os.version: '10.0', java.version: '20'
Driver info: org.openqa.selenium.chrome.ChromeDriver
Command: [3913d51fb7cbdf81172a4bf1fe804816, findElement {value=//input[@name='username'], using=xpath}]
Capabilities {acceptInsecureCerts: false, browserName: chrome, browserVersion: 141.0.7390.123, chrome: {chromedriverVersion: 141.0.7390.122 (b477534e7e1..., userDataDir: C:\Users\DELL\AppData\Local...}, fedcm:accounts: true, goog:chromeOptions: {debuggerAddress: localhost:64896}, networkConnectionEnabled: false, pageLoadStrategy: normal, platformName: windows, proxy: Proxy(), se:cdp: ws://localhost:64896/devtoo..., se:cdpVersion: 141.0.7390.123, setWindowRect: true, strictFileInteractability: false, timeouts: {implicit: 0, pageLoad: 300000, script: 30000}, unhandledPromptBehavior: dismiss and notify, webauthn:extension:credBlob: true, webauthn:extension:largeBlob: true, webauthn:extension:minPinLength: true, webauthn:extension:prf: true, webauthn:virtualAuthenticators: true}
Session ID: 3913d51fb7cbdf81172a4bf1fe804816
2025-11-01 20:11:13 [TestNG-test-OrangeHRMTest-3] ERROR ActionDriver - Element is not visible: invalid session id
Build info: version: '4.37.0', revision: '3c1da1e342'
System info: os.name: 'Windows 11', os.arch: 'amd64', os.version: '10.0', java.version: '20'
Driver info: org.openqa.selenium.chrome.ChromeDriver
Command: [3913d51fb7cbdf81172a4bf1fe804816, findElement {value=//input[@name='password'], using=xpath}]
Capabilities {acceptInsecureCerts: false, browserName: chrome, browserVersion: 141.0.7390.123, chrome: {chromedriverVersion: 141.0.7390.122 (b477534e7e1..., userDataDir: C:\Users\DELL\AppData\Local...}, fedcm:accounts: true, goog:chromeOptions: {debuggerAddress: localhost:64896}, networkConnectionEnabled: false, pageLoadStrategy: normal, platformName: windows, proxy: Proxy(), se:cdp: ws://localhost:64896/devtoo..., se:cdpVersion: 141.0.7390.123, setWindowRect: true, strictFileInteractability: false, timeouts: {implicit: 0, pageLoad: 300000, script: 30000}, unhandledPromptBehavior: dismiss and notify, webauthn:extension:credBlob: true, webauthn:extension:largeBlob: true, webauthn:extension:minPinLength: true, webauthn:extension:prf: true, webauthn:virtualAuthenticators: true}
Session ID: 3913d51fb7cbdf81172a4bf1fe804816
2025-11-01 20:11:13 [TestNG-test-OrangeHRMTest-3] ERROR ActionDriver - Unable to enter the text in to this field: invalid session id
Build info: version: '4.37.0', revision: '3c1da1e342'
System info: os.name: 'Windows 11', os.arch: 'amd64', os.version: '10.0', java.version: '20'
Driver info: org.openqa.selenium.chrome.ChromeDriver
Command: [3913d51fb7cbdf81172a4bf1fe804816, findElement {value=//input[@name='password'], using=xpath}]
Capabilities {acceptInsecureCerts: false, browserName: chrome, browserVersion: 141.0.7390.123, chrome: {chromedriverVersion: 141.0.7390.122 (b477534e7e1..., userDataDir: C:\Users\DELL\AppData\Local...}, fedcm:accounts: true, goog:chromeOptions: {debuggerAddress: localhost:64896}, networkConnectionEnabled: false, pageLoadStrategy: normal, platformName: windows, proxy: Proxy(), se:cdp: ws://localhost:64896/devtoo..., se:cdpVersion: 141.0.7390.123, setWindowRect: true, strictFileInteractability: false, timeouts: {implicit: 0, pageLoad: 300000, script: 30000}, unhandledPromptBehavior: dismiss and notify, webauthn:extension:credBlob: true, webauthn:extension:largeBlob: true, webauthn:extension:minPinLength: true, webauthn:extension:prf: true, webauthn:virtualAuthenticators: true}
Session ID: 3913d51fb7cbdf81172a4bf1fe804816
2025-11-01 20:11:13 [TestNG-test-OrangeHRMTest-3] ERROR ActionDriver - Element is not clickable: invalid session id
Build info: version: '4.37.0', revision: '3c1da1e342'
System info: os.name: 'Windows 11', os.arch: 'amd64', os.version: '10.0', java.version: '20'
Driver info: org.openqa.selenium.chrome.ChromeDriver
Command: [3913d51fb7cbdf81172a4bf1fe804816, findElement {value=//button[@type='submit'], using=xpath}]
Capabilities {acceptInsecureCerts: false, browserName: chrome, browserVersion: 141.0.7390.123, chrome: {chromedriverVersion: 141.0.7390.122 (b477534e7e1..., userDataDir: C:\Users\DELL\AppData\Local...}, fedcm:accounts: true, goog:chromeOptions: {debuggerAddress: localhost:64896}, networkConnectionEnabled: false, pageLoadStrategy: normal, platformName: windows, proxy: Proxy(), se:cdp: ws://localhost:64896/devtoo..., se:cdpVersion: 141.0.7390.123, setWindowRect: true, strictFileInteractability: false, timeouts: {implicit: 0, pageLoad: 300000, script: 30000}, unhandledPromptBehavior: dismiss and notify, webauthn:extension:credBlob: true, webauthn:extension:largeBlob: true, webauthn:extension:minPinLength: true, webauthn:extension:prf: true, webauthn:virtualAuthenticators: true}
Session ID: 3913d51fb7cbdf81172a4bf1fe804816
2025-11-01 20:11:13 [TestNG-test-OrangeHRMTest-3] ERROR ActionDriver - Unable to click element: invalid session id
Build info: version: '4.37.0', revision: '3c1da1e342'
System info: os.name: 'Windows 11', os.arch: 'amd64', os.version: '10.0', java.version: '20'
Driver info: org.openqa.selenium.chrome.ChromeDriver
Command: [3913d51fb7cbdf81172a4bf1fe804816, findElement {value=//button[@type='submit'], using=xpath}]
Capabilities {acceptInsecureCerts: false, browserName: chrome, browserVersion: 141.0.7390.123, chrome: {chromedriverVersion: 141.0.7390.122 (b477534e7e1..., userDataDir: C:\Users\DELL\AppData\Local...}, fedcm:accounts: true, goog:chromeOptions: {debuggerAddress: localhost:64896}, networkConnectionEnabled: false, pageLoadStrategy: normal, platformName: windows, proxy: Proxy(), se:cdp: ws://localhost:64896/devtoo..., se:cdpVersion: 141.0.7390.123, setWindowRect: true, strictFileInteractability: false, timeouts: {implicit: 0, pageLoad: 300000, script: 30000}, unhandledPromptBehavior: dismiss and notify, webauthn:extension:credBlob: true, webauthn:extension:largeBlob: true, webauthn:extension:minPinLength: true, webauthn:extension:prf: true, webauthn:virtualAuthenticators: true}
Session ID: 3913d51fb7cbdf81172a4bf1fe804816
2025-11-01 20:11:13 [TestNG-test-OrangeHRMTest-3] ERROR ActionDriver - Element is not visible: invalid session id
Build info: version: '4.37.0', revision: '3c1da1e342'
System info: os.name: 'Windows 11', os.arch: 'amd64', os.version: '10.0', java.version: '20'
Driver info: org.openqa.selenium.chrome.ChromeDriver
Command: [3913d51fb7cbdf81172a4bf1fe804816, findElement {value=//span[text() = 'Admin'], using=xpath}]
Capabilities {acceptInsecureCerts: false, browserName: chrome, browserVersion: 141.0.7390.123, chrome: {chromedriverVersion: 141.0.7390.122 (b477534e7e1..., userDataDir: C:\Users\DELL\AppData\Local...}, fedcm:accounts: true, goog:chromeOptions: {debuggerAddress: localhost:64896}, networkConnectionEnabled: false, pageLoadStrategy: normal, platformName: windows, proxy: Proxy(), se:cdp: ws://localhost:64896/devtoo..., se:cdpVersion: 141.0.7390.123, setWindowRect: true, strictFileInteractability: false, timeouts: {implicit: 0, pageLoad: 300000, script: 30000}, unhandledPromptBehavior: dismiss and notify, webauthn:extension:credBlob: true, webauthn:extension:largeBlob: true, webauthn:extension:minPinLength: true, webauthn:extension:prf: true, webauthn:virtualAuthenticators: true}
Session ID: 3913d51fb7cbdf81172a4bf1fe804816
2025-11-01 20:11:13 [TestNG-test-OrangeHRMTest-3] ERROR ActionDriver - There an error: invalid session id
Build info: version: '4.37.0', revision: '3c1da1e342'
System info: os.name: 'Windows 11', os.arch: 'amd64', os.version: '10.0', java.version: '20'
Driver info: org.openqa.selenium.chrome.ChromeDriver
Command: [3913d51fb7cbdf81172a4bf1fe804816, findElement {value=//span[text() = 'Admin'], using=xpath}]
Capabilities {acceptInsecureCerts: false, browserName: chrome, browserVersion: 141.0.7390.123, chrome: {chromedriverVersion: 141.0.7390.122 (b477534e7e1..., userDataDir: C:\Users\DELL\AppData\Local...}, fedcm:accounts: true, goog:chromeOptions: {debuggerAddress: localhost:64896}, networkConnectionEnabled: false, pageLoadStrategy: normal, platformName: windows, proxy: Proxy(), se:cdp: ws://localhost:64896/devtoo..., se:cdpVersion: 141.0.7390.123, setWindowRect: true, strictFileInteractability: false, timeouts: {implicit: 0, pageLoad: 300000, script: 30000}, unhandledPromptBehavior: dismiss and notify, webauthn:extension:credBlob: true, webauthn:extension:largeBlob: true, webauthn:extension:minPinLength: true, webauthn:extension:prf: true, webauthn:virtualAuthenticators: true}
Session ID: 3913d51fb7cbdf81172a4bf1fe804816
2025-11-01 20:11:13 [TestNG-test-OrangeHRMTest-3] ERROR ActionDriver - Element is not clickable: invalid session id
Build info: version: '4.37.0', revision: '3c1da1e342'
System info: os.name: 'Windows 11', os.arch: 'amd64', os.version: '10.0', java.version: '20'
Driver info: org.openqa.selenium.chrome.ChromeDriver
Command: [3913d51fb7cbdf81172a4bf1fe804816, findElement {value=oxd-userdropdown-tab, using=class name}]
Capabilities {acceptInsecureCerts: false, browserName: chrome, browserVersion: 141.0.7390.123, chrome: {chromedriverVersion: 141.0.7390.122 (b477534e7e1..., userDataDir: C:\Users\DELL\AppData\Local...}, fedcm:accounts: true, goog:chromeOptions: {debuggerAddress: localhost:64896}, networkConnectionEnabled: false, pageLoadStrategy: normal, platformName: windows, proxy: Proxy(), se:cdp: ws://localhost:64896/devtoo..., se:cdpVersion: 141.0.7390.123, setWindowRect: true, strictFileInteractability: false, timeouts: {implicit: 0, pageLoad: 300000, script: 30000}, unhandledPromptBehavior: dismiss and notify, webauthn:extension:credBlob: true, webauthn:extension:largeBlob: true, webauthn:extension:minPinLength: true, webauthn:extension:prf: true, webauthn:virtualAuthenticators: true}
Session ID: 3913d51fb7cbdf81172a4bf1fe804816
2025-11-01 20:11:13 [TestNG-test-OrangeHRMTest-3] ERROR ActionDriver - Unable to click element: invalid session id
Build info: version: '4.37.0', revision: '3c1da1e342'
System info: os.name: 'Windows 11', os.arch: 'amd64', os.version: '10.0', java.version: '20'
Driver info: org.openqa.selenium.chrome.ChromeDriver
Command: [3913d51fb7cbdf81172a4bf1fe804816, findElement {value=oxd-userdropdown-tab, using=class name}]
Capabilities {acceptInsecureCerts: false, browserName: chrome, browserVersion: 141.0.7390.123, chrome: {chromedriverVersion: 141.0.7390.122 (b477534e7e1..., userDataDir: C:\Users\DELL\AppData\Local...}, fedcm:accounts: true, goog:chromeOptions: {debuggerAddress: localhost:64896}, networkConnectionEnabled: false, pageLoadStrategy: normal, platformName: windows, proxy: Proxy(), se:cdp: ws://localhost:64896/devtoo..., se:cdpVersion: 141.0.7390.123, setWindowRect: true, strictFileInteractability: false, timeouts: {implicit: 0, pageLoad: 300000, script: 30000}, unhandledPromptBehavior: dismiss and notify, webauthn:extension:credBlob: true, webauthn:extension:largeBlob: true, webauthn:extension:minPinLength: true, webauthn:extension:prf: true, webauthn:virtualAuthenticators: true}
Session ID: 3913d51fb7cbdf81172a4bf1fe804816
2025-11-01 20:11:13 [TestNG-test-OrangeHRMTest-3] ERROR ActionDriver - Element is not clickable: invalid session id
Build info: version: '4.37.0', revision: '3c1da1e342'
System info: os.name: 'Windows 11', os.arch: 'amd64', os.version: '10.0', java.version: '20'
Driver info: org.openqa.selenium.chrome.ChromeDriver
Command: [3913d51fb7cbdf81172a4bf1fe804816, findElement {value=//a[text()='Logout'], using=xpath}]
Capabilities {acceptInsecureCerts: false, browserName: chrome, browserVersion: 141.0.7390.123, chrome: {chromedriverVersion: 141.0.7390.122 (b477534e7e1..., userDataDir: C:\Users\DELL\AppData\Local...}, fedcm:accounts: true, goog:chromeOptions: {debuggerAddress: localhost:64896}, networkConnectionEnabled: false, pageLoadStrategy: normal, platformName: windows, proxy: Proxy(), se:cdp: ws://localhost:64896/devtoo..., se:cdpVersion: 141.0.7390.123, setWindowRect: true, strictFileInteractability: false, timeouts: {implicit: 0, pageLoad: 300000, script: 30000}, unhandledPromptBehavior: dismiss and notify, webauthn:extension:credBlob: true, webauthn:extension:largeBlob: true, webauthn:extension:minPinLength: true, webauthn:extension:prf: true, webauthn:virtualAuthenticators: true}
Session ID: 3913d51fb7cbdf81172a4bf1fe804816
2025-11-01 20:11:13 [TestNG-test-OrangeHRMTest-3] ERROR ActionDriver - Unable to click element: invalid session id
Build info: version: '4.37.0', revision: '3c1da1e342'
System info: os.name: 'Windows 11', os.arch: 'amd64', os.version: '10.0', java.version: '20'
Driver info: org.openqa.selenium.chrome.ChromeDriver
Command: [3913d51fb7cbdf81172a4bf1fe804816, findElement {value=//a[text()='Logout'], using=xpath}]
Capabilities {acceptInsecureCerts: false, browserName: chrome, browserVersion: 141.0.7390.123, chrome: {chromedriverVersion: 141.0.7390.122 (b477534e7e1..., userDataDir: C:\Users\DELL\AppData\Local...}, fedcm:accounts: true, goog:chromeOptions: {debuggerAddress: localhost:64896}, networkConnectionEnabled: false, pageLoadStrategy: normal, platformName: windows, proxy: Proxy(), se:cdp: ws://localhost:64896/devtoo..., se:cdpVersion: 141.0.7390.123, setWindowRect: true, strictFileInteractability: false, timeouts: {implicit: 0, pageLoad: 300000, script: 30000}, unhandledPromptBehavior: dismiss and notify, webauthn:extension:credBlob: true, webauthn:extension:largeBlob: true, webauthn:extension:minPinLength: true, webauthn:extension:prf: true, webauthn:virtualAuthenticators: true}
Session ID: 3913d51fb7cbdf81172a4bf1fe804816
2025-11-01 20:11:13 [TestNG-test-OrangeHRMTest-4] ERROR BaseClass - error message
2025-11-01 20:11:13 [TestNG-test-OrangeHRMTest-4] FATAL BaseClass - fatal message
2025-11-01 20:11:13 [TestNG-test-OrangeHRMTest-3] ERROR ActionDriver - Element is not visible: invalid session id
Build info: version: '4.37.0', revision: '3c1da1e342'
System info: os.name: 'Windows 11', os.arch: 'amd64', os.version: '10.0', java.version: '20'
Driver info: org.openqa.selenium.chrome.ChromeDriver
Command: [3913d51fb7cbdf81172a4bf1fe804816, findElement {value=//input[@name='username'], using=xpath}]
Capabilities {acceptInsecureCerts: false, browserName: chrome, browserVersion: 141.0.7390.123, chrome: {chromedriverVersion: 141.0.7390.122 (b477534e7e1..., userDataDir: C:\Users\DELL\AppData\Local...}, fedcm:accounts: true, goog:chromeOptions: {debuggerAddress: localhost:64896}, networkConnectionEnabled: false, pageLoadStrategy: normal, platformName: windows, proxy: Proxy(), se:cdp: ws://localhost:64896/devtoo..., se:cdpVersion: 141.0.7390.123, setWindowRect: true, strictFileInteractability: false, timeouts: {implicit: 0, pageLoad: 300000, script: 30000}, unhandledPromptBehavior: dismiss and notify, webauthn:extension:credBlob: true, webauthn:extension:largeBlob: true, webauthn:extension:minPinLength: true, webauthn:extension:prf: true, webauthn:virtualAuthenticators: true}
Session ID: 3913d51fb7cbdf81172a4bf1fe804816
2025-11-01 20:11:13 [TestNG-test-OrangeHRMTest-3] ERROR ActionDriver - Unable to enter the text in to this field: invalid session id
Build info: version: '4.37.0', revision: '3c1da1e342'
System info: os.name: 'Windows 11', os.arch: 'amd64', os.version: '10.0', java.version: '20'
Driver info: org.openqa.selenium.chrome.ChromeDriver
Command: [3913d51fb7cbdf81172a4bf1fe804816, findElement {value=//input[@name='username'], using=xpath}]
Capabilities {acceptInsecureCerts: false, browserName: chrome, browserVersion: 141.0.7390.123, chrome: {chromedriverVersion: 141.0.7390.122 (b477534e7e1..., userDataDir: C:\Users\DELL\AppData\Local...}, fedcm:accounts: true, goog:chromeOptions: {debuggerAddress: localhost:64896}, networkConnectionEnabled: false, pageLoadStrategy: normal, platformName: windows, proxy: Proxy(), se:cdp: ws://localhost:64896/devtoo..., se:cdpVersion: 141.0.7390.123, setWindowRect: true, strictFileInteractability: false, timeouts: {implicit: 0, pageLoad: 300000, script: 30000}, unhandledPromptBehavior: dismiss and notify, webauthn:extension:credBlob: true, webauthn:extension:largeBlob: true, webauthn:extension:minPinLength: true, webauthn:extension:prf: true, webauthn:virtualAuthenticators: true}
Session ID: 3913d51fb7cbdf81172a4bf1fe804816
2025-11-01 20:11:13 [TestNG-test-OrangeHRMTest-3] ERROR ActionDriver - Element is not visible: invalid session id
Build info: version: '4.37.0', revision: '3c1da1e342'
System info: os.name: 'Windows 11', os.arch: 'amd64', os.version: '10.0', java.version: '20'
Driver info: org.openqa.selenium.chrome.ChromeDriver
Command: [3913d51fb7cbdf81172a4bf1fe804816, findElement {value=//input[@name='password'], using=xpath}]
Capabilities {acceptInsecureCerts: false, browserName: chrome, browserVersion: 141.0.7390.123, chrome: {chromedriverVersion: 141.0.7390.122 (b477534e7e1..., userDataDir: C:\Users\DELL\AppData\Local...}, fedcm:accounts: true, goog:chromeOptions: {debuggerAddress: localhost:64896}, networkConnectionEnabled: false, pageLoadStrategy: normal, platformName: windows, proxy: Proxy(), se:cdp: ws://localhost:64896/devtoo..., se:cdpVersion: 141.0.7390.123, setWindowRect: true, strictFileInteractability: false, timeouts: {implicit: 0, pageLoad: 300000, script: 30000}, unhandledPromptBehavior: dismiss and notify, webauthn:extension:credBlob: true, webauthn:extension:largeBlob: true, webauthn:extension:minPinLength: true, webauthn:extension:prf: true, webauthn:virtualAuthenticators: true}
Session ID: 3913d51fb7cbdf81172a4bf1fe804816
2025-11-01 20:11:13 [TestNG-test-OrangeHRMTest-3] ERROR ActionDriver - Unable to enter the text in to this field: invalid session id
Build info: version: '4.37.0', revision: '3c1da1e342'
System info: os.name: 'Windows 11', os.arch: 'amd64', os.version: '10.0', java.version: '20'
Driver info: org.openqa.selenium.chrome.ChromeDriver
Command: [3913d51fb7cbdf81172a4bf1fe804816, findElement {value=//input[@name='password'], using=xpath}]
Capabilities {acceptInsecureCerts: false, browserName: chrome, browserVersion: 141.0.7390.123, chrome: {chromedriverVersion: 141.0.7390.122 (b477534e7e1..., userDataDir: C:\Users\DELL\AppData\Local...}, fedcm:accounts: true, goog:chromeOptions: {debuggerAddress: localhost:64896}, networkConnectionEnabled: false, pageLoadStrategy: normal, platformName: windows, proxy: Proxy(), se:cdp: ws://localhost:64896/devtoo..., se:cdpVersion: 141.0.7390.123, setWindowRect: true, strictFileInteractability: false, timeouts: {implicit: 0, pageLoad: 300000, script: 30000}, unhandledPromptBehavior: dismiss and notify, webauthn:extension:credBlob: true, webauthn:extension:largeBlob: true, webauthn:extension:minPinLength: true, webauthn:extension:prf: true, webauthn:virtualAuthenticators: true}
Session ID: 3913d51fb7cbdf81172a4bf1fe804816
2025-11-01 20:11:13 [TestNG-test-OrangeHRMTest-3] ERROR ActionDriver - Element is not clickable: invalid session id
Build info: version: '4.37.0', revision: '3c1da1e342'
System info: os.name: 'Windows 11', os.arch: 'amd64', os.version: '10.0', java.version: '20'
Driver info: org.openqa.selenium.chrome.ChromeDriver
Command: [3913d51fb7cbdf81172a4bf1fe804816, findElement {value=//button[@type='submit'], using=xpath}]
Capabilities {acceptInsecureCerts: false, browserName: chrome, browserVersion: 141.0.7390.123, chrome: {chromedriverVersion: 141.0.7390.122 (b477534e7e1..., userDataDir: C:\Users\DELL\AppData\Local...}, fedcm:accounts: true, goog:chromeOptions: {debuggerAddress: localhost:64896}, networkConnectionEnabled: false, pageLoadStrategy: normal, platformName: windows, proxy: Proxy(), se:cdp: ws://localhost:64896/devtoo..., se:cdpVersion: 141.0.7390.123, setWindowRect: true, strictFileInteractability: false, timeouts: {implicit: 0, pageLoad: 300000, script: 30000}, unhandledPromptBehavior: dismiss and notify, webauthn:extension:credBlob: true, webauthn:extension:largeBlob: true, webauthn:extension:minPinLength: true, webauthn:extension:prf: true, webauthn:virtualAuthenticators: true}
Session ID: 3913d51fb7cbdf81172a4bf1fe804816
2025-11-01 20:11:13 [TestNG-test-OrangeHRMTest-3] ERROR ActionDriver - Unable to click element: invalid session id
Build info: version: '4.37.0', revision: '3c1da1e342'
System info: os.name: 'Windows 11', os.arch: 'amd64', os.version: '10.0', java.version: '20'
Driver info: org.openqa.selenium.chrome.ChromeDriver
Command: [3913d51fb7cbdf81172a4bf1fe804816, findElement {value=//button[@type='submit'], using=xpath}]
Capabilities {acceptInsecureCerts: false, browserName: chrome, browserVersion: 141.0.7390.123, chrome: {chromedriverVersion: 141.0.7390.122 (b477534e7e1..., userDataDir: C:\Users\DELL\AppData\Local...}, fedcm:accounts: true, goog:chromeOptions: {debuggerAddress: localhost:64896}, networkConnectionEnabled: false, pageLoadStrategy: normal, platformName: windows, proxy: Proxy(), se:cdp: ws://localhost:64896/devtoo..., se:cdpVersion: 141.0.7390.123, setWindowRect: true, strictFileInteractability: false, timeouts: {implicit: 0, pageLoad: 300000, script: 30000}, unhandledPromptBehavior: dismiss and notify, webauthn:extension:credBlob: true, webauthn:extension:largeBlob: true, webauthn:extension:minPinLength: true, webauthn:extension:prf: true, webauthn:virtualAuthenticators: true}
Session ID: 3913d51fb7cbdf81172a4bf1fe804816
2025-11-01 20:11:13 [TestNG-test-OrangeHRMTest-3] ERROR ActionDriver - Element is not visible: invalid session id
Build info: version: '4.37.0', revision: '3c1da1e342'
System info: os.name: 'Windows 11', os.arch: 'amd64', os.version: '10.0', java.version: '20'
Driver info: org.openqa.selenium.chrome.ChromeDriver
Command: [3913d51fb7cbdf81172a4bf1fe804816, findElement {value=//span[text() = 'Admin'], using=xpath}]
Capabilities {acceptInsecureCerts: false, browserName: chrome, browserVersion: 141.0.7390.123, chrome: {chromedriverVersion: 141.0.7390.122 (b477534e7e1..., userDataDir: C:\Users\DELL\AppData\Local...}, fedcm:accounts: true, goog:chromeOptions: {debuggerAddress: localhost:64896}, networkConnectionEnabled: false, pageLoadStrategy: normal, platformName: windows, proxy: Proxy(), se:cdp: ws://localhost:64896/devtoo..., se:cdpVersion: 141.0.7390.123, setWindowRect: true, strictFileInteractability: false, timeouts: {implicit: 0, pageLoad: 300000, script: 30000}, unhandledPromptBehavior: dismiss and notify, webauthn:extension:credBlob: true, webauthn:extension:largeBlob: true, webauthn:extension:minPinLength: true, webauthn:extension:prf: true, webauthn:virtualAuthenticators: true}
Session ID: 3913d51fb7cbdf81172a4bf1fe804816
2025-11-01 20:11:13 [TestNG-test-OrangeHRMTest-3] ERROR ActionDriver - There an error: invalid session id
Build info: version: '4.37.0', revision: '3c1da1e342'
System info: os.name: 'Windows 11', os.arch: 'amd64', os.version: '10.0', java.version: '20'
Driver info: org.openqa.selenium.chrome.ChromeDriver
Command: [3913d51fb7cbdf81172a4bf1fe804816, findElement {value=//span[text() = 'Admin'], using=xpath}]
Capabilities {acceptInsecureCerts: false, browserName: chrome, browserVersion: 141.0.7390.123, chrome: {chromedriverVersion: 141.0.7390.122 (b477534e7e1..., userDataDir: C:\Users\DELL\AppData\Local...}, fedcm:accounts: true, goog:chromeOptions: {debuggerAddress: localhost:64896}, networkConnectionEnabled: false, pageLoadStrategy: normal, platformName: windows, proxy: Proxy(), se:cdp: ws://localhost:64896/devtoo..., se:cdpVersion: 141.0.7390.123, setWindowRect: true, strictFileInteractability: false, timeouts: {implicit: 0, pageLoad: 300000, script: 30000}, unhandledPromptBehavior: dismiss and notify, webauthn:extension:credBlob: true, webauthn:extension:largeBlob: true, webauthn:extension:minPinLength: true, webauthn:extension:prf: true, webauthn:virtualAuthenticators: true}
Session ID: 3913d51fb7cbdf81172a4bf1fe804816
2025-11-01 20:11:13 [TestNG-test-OrangeHRMTest-4] ERROR ActionDriver - Element is not visible: invalid session id: session deleted as the browser has closed the connection
from disconnected: not connected to DevTools
  (Session info: chrome=141.0.7390.123)
Build info: version: '4.37.0', revision: '3c1da1e342'
System info: os.name: 'Windows 11', os.arch: 'amd64', os.version: '10.0', java.version: '20'
Driver info: org.openqa.selenium.chrome.ChromeDriver
Command: [966b6d6ef32e19d2846251f7cf651431, findElement {value=//input[@name='username'], using=xpath}]
Capabilities {acceptInsecureCerts: false, browserName: chrome, browserVersion: 141.0.7390.123, chrome: {chromedriverVersion: 141.0.7390.122 (b477534e7e1..., userDataDir: C:\Users\DELL\AppData\Local...}, fedcm:accounts: true, goog:chromeOptions: {debuggerAddress: localhost:64895}, networkConnectionEnabled: false, pageLoadStrategy: normal, platformName: windows, proxy: Proxy(), se:cdp: ws://localhost:64895/devtoo..., se:cdpVersion: 141.0.7390.123, setWindowRect: true, strictFileInteractability: false, timeouts: {implicit: 0, pageLoad: 300000, script: 30000}, unhandledPromptBehavior: dismiss and notify, webauthn:extension:credBlob: true, webauthn:extension:largeBlob: true, webauthn:extension:minPinLength: true, webauthn:extension:prf: true, webauthn:virtualAuthenticators: true}
Session ID: 966b6d6ef32e19d2846251f7cf651431
2025-11-01 20:11:13 [TestNG-test-OrangeHRMTest-4] ERROR ActionDriver - Unable to enter the text in to this field: invalid session id: session deleted as the browser has closed the connection
from disconnected: not connected to DevTools
  (Session info: chrome=141.0.7390.123)
Build info: version: '4.37.0', revision: '3c1da1e342'
System info: os.name: 'Windows 11', os.arch: 'amd64', os.version: '10.0', java.version: '20'
Driver info: org.openqa.selenium.chrome.ChromeDriver
Command: [966b6d6ef32e19d2846251f7cf651431, findElement {value=//input[@name='username'], using=xpath}]
Capabilities {acceptInsecureCerts: false, browserName: chrome, browserVersion: 141.0.7390.123, chrome: {chromedriverVersion: 141.0.7390.122 (b477534e7e1..., userDataDir: C:\Users\DELL\AppData\Local...}, fedcm:accounts: true, goog:chromeOptions: {debuggerAddress: localhost:64895}, networkConnectionEnabled: false, pageLoadStrategy: normal, platformName: windows, proxy: Proxy(), se:cdp: ws://localhost:64895/devtoo..., se:cdpVersion: 141.0.7390.123, setWindowRect: true, strictFileInteractability: false, timeouts: {implicit: 0, pageLoad: 300000, script: 30000}, unhandledPromptBehavior: dismiss and notify, webauthn:extension:credBlob: true, webauthn:extension:largeBlob: true, webauthn:extension:minPinLength: true, webauthn:extension:prf: true, webauthn:virtualAuthenticators: true}
Session ID: 966b6d6ef32e19d2846251f7cf651431
2025-11-01 20:11:13 [TestNG-test-OrangeHRMTest-4] ERROR ActionDriver - Element is not visible: invalid session id
Build info: version: '4.37.0', revision: '3c1da1e342'
System info: os.name: 'Windows 11', os.arch: 'amd64', os.version: '10.0', java.version: '20'
Driver info: org.openqa.selenium.chrome.ChromeDriver
Command: [966b6d6ef32e19d2846251f7cf651431, findElement {value=//input[@name='password'], using=xpath}]
Capabilities {acceptInsecureCerts: false, browserName: chrome, browserVersion: 141.0.7390.123, chrome: {chromedriverVersion: 141.0.7390.122 (b477534e7e1..., userDataDir: C:\Users\DELL\AppData\Local...}, fedcm:accounts: true, goog:chromeOptions: {debuggerAddress: localhost:64895}, networkConnectionEnabled: false, pageLoadStrategy: normal, platformName: windows, proxy: Proxy(), se:cdp: ws://localhost:64895/devtoo..., se:cdpVersion: 141.0.7390.123, setWindowRect: true, strictFileInteractability: false, timeouts: {implicit: 0, pageLoad: 300000, script: 30000}, unhandledPromptBehavior: dismiss and notify, webauthn:extension:credBlob: true, webauthn:extension:largeBlob: true, webauthn:extension:minPinLength: true, webauthn:extension:prf: true, webauthn:virtualAuthenticators: true}
Session ID: 966b6d6ef32e19d2846251f7cf651431
2025-11-01 20:11:13 [TestNG-test-OrangeHRMTest-4] ERROR ActionDriver - Unable to enter the text in to this field: invalid session id
Build info: version: '4.37.0', revision: '3c1da1e342'
System info: os.name: 'Windows 11', os.arch: 'amd64', os.version: '10.0', java.version: '20'
Driver info: org.openqa.selenium.chrome.ChromeDriver
Command: [966b6d6ef32e19d2846251f7cf651431, findElement {value=//input[@name='password'], using=xpath}]
Capabilities {acceptInsecureCerts: false, browserName: chrome, browserVersion: 141.0.7390.123, chrome: {chromedriverVersion: 141.0.7390.122 (b477534e7e1..., userDataDir: C:\Users\DELL\AppData\Local...}, fedcm:accounts: true, goog:chromeOptions: {debuggerAddress: localhost:64895}, networkConnectionEnabled: false, pageLoadStrategy: normal, platformName: windows, proxy: Proxy(), se:cdp: ws://localhost:64895/devtoo..., se:cdpVersion: 141.0.7390.123, setWindowRect: true, strictFileInteractability: false, timeouts: {implicit: 0, pageLoad: 300000, script: 30000}, unhandledPromptBehavior: dismiss and notify, webauthn:extension:credBlob: true, webauthn:extension:largeBlob: true, webauthn:extension:minPinLength: true, webauthn:extension:prf: true, webauthn:virtualAuthenticators: true}
Session ID: 966b6d6ef32e19d2846251f7cf651431
2025-11-01 20:11:13 [TestNG-test-OrangeHRMTest-4] ERROR ActionDriver - Element is not clickable: invalid session id
Build info: version: '4.37.0', revision: '3c1da1e342'
System info: os.name: 'Windows 11', os.arch: 'amd64', os.version: '10.0', java.version: '20'
Driver info: org.openqa.selenium.chrome.ChromeDriver
Command: [966b6d6ef32e19d2846251f7cf651431, findElement {value=//button[@type='submit'], using=xpath}]
Capabilities {acceptInsecureCerts: false, browserName: chrome, browserVersion: 141.0.7390.123, chrome: {chromedriverVersion: 141.0.7390.122 (b477534e7e1..., userDataDir: C:\Users\DELL\AppData\Local...}, fedcm:accounts: true, goog:chromeOptions: {debuggerAddress: localhost:64895}, networkConnectionEnabled: false, pageLoadStrategy: normal, platformName: windows, proxy: Proxy(), se:cdp: ws://localhost:64895/devtoo..., se:cdpVersion: 141.0.7390.123, setWindowRect: true, strictFileInteractability: false, timeouts: {implicit: 0, pageLoad: 300000, script: 30000}, unhandledPromptBehavior: dismiss and notify, webauthn:extension:credBlob: true, webauthn:extension:largeBlob: true, webauthn:extension:minPinLength: true, webauthn:extension:prf: true, webauthn:virtualAuthenticators: true}
Session ID: 966b6d6ef32e19d2846251f7cf651431
2025-11-01 20:11:13 [TestNG-test-OrangeHRMTest-4] ERROR ActionDriver - Unable to click element: invalid session id
Build info: version: '4.37.0', revision: '3c1da1e342'
System info: os.name: 'Windows 11', os.arch: 'amd64', os.version: '10.0', java.version: '20'
Driver info: org.openqa.selenium.chrome.ChromeDriver
Command: [966b6d6ef32e19d2846251f7cf651431, findElement {value=//button[@type='submit'], using=xpath}]
Capabilities {acceptInsecureCerts: false, browserName: chrome, browserVersion: 141.0.7390.123, chrome: {chromedriverVersion: 141.0.7390.122 (b477534e7e1..., userDataDir: C:\Users\DELL\AppData\Local...}, fedcm:accounts: true, goog:chromeOptions: {debuggerAddress: localhost:64895}, networkConnectionEnabled: false, pageLoadStrategy: normal, platformName: windows, proxy: Proxy(), se:cdp: ws://localhost:64895/devtoo..., se:cdpVersion: 141.0.7390.123, setWindowRect: true, strictFileInteractability: false, timeouts: {implicit: 0, pageLoad: 300000, script: 30000}, unhandledPromptBehavior: dismiss and notify, webauthn:extension:credBlob: true, webauthn:extension:largeBlob: true, webauthn:extension:minPinLength: true, webauthn:extension:prf: true, webauthn:virtualAuthenticators: true}
Session ID: 966b6d6ef32e19d2846251f7cf651431
2025-11-01 20:11:13 [TestNG-test-OrangeHRMTest-4] ERROR ActionDriver - Element is not visible: invalid session id
Build info: version: '4.37.0', revision: '3c1da1e342'
System info: os.name: 'Windows 11', os.arch: 'amd64', os.version: '10.0', java.version: '20'
Driver info: org.openqa.selenium.chrome.ChromeDriver
Command: [966b6d6ef32e19d2846251f7cf651431, findElement {value=//div[@class='oxd-brand-banner']/img, using=xpath}]
Capabilities {acceptInsecureCerts: false, browserName: chrome, browserVersion: 141.0.7390.123, chrome: {chromedriverVersion: 141.0.7390.122 (b477534e7e1..., userDataDir: C:\Users\DELL\AppData\Local...}, fedcm:accounts: true, goog:chromeOptions: {debuggerAddress: localhost:64895}, networkConnectionEnabled: false, pageLoadStrategy: normal, platformName: windows, proxy: Proxy(), se:cdp: ws://localhost:64895/devtoo..., se:cdpVersion: 141.0.7390.123, setWindowRect: true, strictFileInteractability: false, timeouts: {implicit: 0, pageLoad: 300000, script: 30000}, unhandledPromptBehavior: dismiss and notify, webauthn:extension:credBlob: true, webauthn:extension:largeBlob: true, webauthn:extension:minPinLength: true, webauthn:extension:prf: true, webauthn:virtualAuthenticators: true}
Session ID: 966b6d6ef32e19d2846251f7cf651431
2025-11-01 20:11:13 [TestNG-test-OrangeHRMTest-4] ERROR ActionDriver - There an error: invalid session id
Build info: version: '4.37.0', revision: '3c1da1e342'
System info: os.name: 'Windows 11', os.arch: 'amd64', os.version: '10.0', java.version: '20'
Driver info: org.openqa.selenium.chrome.ChromeDriver
Command: [966b6d6ef32e19d2846251f7cf651431, findElement {value=//div[@class='oxd-brand-banner']/img, using=xpath}]
Capabilities {acceptInsecureCerts: false, browserName: chrome, browserVersion: 141.0.7390.123, chrome: {chromedriverVersion: 141.0.7390.122 (b477534e7e1..., userDataDir: C:\Users\DELL\AppData\Local...}, fedcm:accounts: true, goog:chromeOptions: {debuggerAddress: localhost:64895}, networkConnectionEnabled: false, pageLoadStrategy: normal, platformName: windows, proxy: Proxy(), se:cdp: ws://localhost:64895/devtoo..., se:cdpVersion: 141.0.7390.123, setWindowRect: true, strictFileInteractability: false, timeouts: {implicit: 0, pageLoad: 300000, script: 30000}, unhandledPromptBehavior: dismiss and notify, webauthn:extension:credBlob: true, webauthn:extension:largeBlob: true, webauthn:extension:minPinLength: true, webauthn:extension:prf: true, webauthn:virtualAuthenticators: true}
Session ID: 966b6d6ef32e19d2846251f7cf651431
2025-11-01 20:11:14 [TestNG-test-OrangeHRMTest-1] ERROR BaseClass - error message
2025-11-01 20:11:14 [TestNG-test-OrangeHRMTest-1] FATAL BaseClass - fatal message
2025-11-01 21:40:15 [TestNG-test-OrangeHRMTest-2] ERROR BaseClass - error message
2025-11-01 21:40:15 [TestNG-test-OrangeHRMTest-2] FATAL BaseClass - fatal message
2025-11-01 21:40:15 [TestNG-test-OrangeHRMTest-4] ERROR BaseClass - error message
2025-11-01 21:40:15 [TestNG-test-OrangeHRMTest-4] FATAL BaseClass - fatal message
2025-11-01 21:40:18 [TestNG-test-OrangeHRMTest-3] ERROR BaseClass - error message
2025-11-01 21:40:18 [TestNG-test-OrangeHRMTest-3] FATAL BaseClass - fatal message
2025-11-01 21:40:20 [TestNG-test-OrangeHRMTest-1] ERROR BaseClass - error message
2025-11-01 21:40:20 [TestNG-test-OrangeHRMTest-1] FATAL BaseClass - fatal message
2025-11-01 21:40:31 [TestNG-test-OrangeHRMTest-4] ERROR ActionDriver - Unable to describe the element: no such element: Unable to locate element: {"method":"xpath","selector":"//button[@type='submit']"}
  (Session info: chrome=141.0.7390.123)
For documentation on this error, please visit: https://www.selenium.dev/documentation/webdriver/troubleshooting/errors#nosuchelementexception
Build info: version: '4.37.0', revision: '3c1da1e342'
System info: os.name: 'Windows 11', os.arch: 'amd64', os.version: '10.0', java.version: '20'
Driver info: org.openqa.selenium.chrome.ChromeDriver
Command: [3753aa6f34e7e13b3f65904ec3e263f8, findElement {using=xpath, value=//button[@type='submit']}]
Capabilities {acceptInsecureCerts: false, browserName: chrome, browserVersion: 141.0.7390.123, chrome: {chromedriverVersion: 141.0.7390.122 (b477534e7e1..., userDataDir: C:\Users\DELL\AppData\Local...}, fedcm:accounts: true, goog:chromeOptions: {debuggerAddress: localhost:58339}, networkConnectionEnabled: false, pageLoadStrategy: normal, platformName: windows, proxy: Proxy(), se:cdp: ws://localhost:58339/devtoo..., se:cdpVersion: 141.0.7390.123, setWindowRect: true, strictFileInteractability: false, timeouts: {implicit: 0, pageLoad: 300000, script: 30000}, unhandledPromptBehavior: dismiss and notify, webauthn:extension:credBlob: true, webauthn:extension:largeBlob: true, webauthn:extension:minPinLength: true, webauthn:extension:prf: true, webauthn:virtualAuthenticators: true}
Session ID: 3753aa6f34e7e13b3f65904ec3e263f8
2025-11-01 21:40:41 [TestNG-test-OrangeHRMTest-4] ERROR ActionDriver - Unable to describe the element: no such element: Unable to locate element: {"method":"xpath","selector":"//button[@type='submit']"}
  (Session info: chrome=141.0.7390.123)
For documentation on this error, please visit: https://www.selenium.dev/documentation/webdriver/troubleshooting/errors#nosuchelementexception
Build info: version: '4.37.0', revision: '3c1da1e342'
System info: os.name: 'Windows 11', os.arch: 'amd64', os.version: '10.0', java.version: '20'
Driver info: org.openqa.selenium.chrome.ChromeDriver
Command: [3753aa6f34e7e13b3f65904ec3e263f8, findElement {using=xpath, value=//button[@type='submit']}]
Capabilities {acceptInsecureCerts: false, browserName: chrome, browserVersion: 141.0.7390.123, chrome: {chromedriverVersion: 141.0.7390.122 (b477534e7e1..., userDataDir: C:\Users\DELL\AppData\Local...}, fedcm:accounts: true, goog:chromeOptions: {debuggerAddress: localhost:58339}, networkConnectionEnabled: false, pageLoadStrategy: normal, platformName: windows, proxy: Proxy(), se:cdp: ws://localhost:58339/devtoo..., se:cdpVersion: 141.0.7390.123, setWindowRect: true, strictFileInteractability: false, timeouts: {implicit: 0, pageLoad: 300000, script: 30000}, unhandledPromptBehavior: dismiss and notify, webauthn:extension:credBlob: true, webauthn:extension:largeBlob: true, webauthn:extension:minPinLength: true, webauthn:extension:prf: true, webauthn:virtualAuthenticators: true}
Session ID: 3753aa6f34e7e13b3f65904ec3e263f8
2025-11-01 21:40:52 [TestNG-test-OrangeHRMTest-3] ERROR ActionDriver - Element is not visible: Expected condition failed: waiting for visibility of element located by By.xpath: //span[text() = 'Admin'] (tried for 30 second(s) with 500 milliseconds interval)
Build info: version: '4.37.0', revision: '3c1da1e342'
System info: os.name: 'Windows 11', os.arch: 'amd64', os.version: '10.0', java.version: '20'
Driver info: org.openqa.selenium.chrome.ChromeDriver
Capabilities {acceptInsecureCerts: false, browserName: chrome, browserVersion: 141.0.7390.123, chrome: {chromedriverVersion: 141.0.7390.122 (b477534e7e1..., userDataDir: C:\Users\DELL\AppData\Local...}, fedcm:accounts: true, goog:chromeOptions: {debuggerAddress: localhost:58341}, networkConnectionEnabled: false, pageLoadStrategy: normal, platformName: windows, proxy: Proxy(), se:cdp: ws://localhost:58341/devtoo..., se:cdpVersion: 141.0.7390.123, setWindowRect: true, strictFileInteractability: false, timeouts: {implicit: 0, pageLoad: 300000, script: 30000}, unhandledPromptBehavior: dismiss and notify, webauthn:extension:credBlob: true, webauthn:extension:largeBlob: true, webauthn:extension:minPinLength: true, webauthn:extension:prf: true, webauthn:virtualAuthenticators: true}
Session ID: 3897629bf68502ec118bee2233d28841
2025-11-01 21:40:52 [TestNG-test-OrangeHRMTest-3] ERROR ActionDriver - There an error: Expected condition failed: waiting for visibility of element located by By.xpath: //span[text() = 'Admin'] (tried for 30 second(s) with 500 milliseconds interval)
Build info: version: '4.37.0', revision: '3c1da1e342'
System info: os.name: 'Windows 11', os.arch: 'amd64', os.version: '10.0', java.version: '20'
Driver info: org.openqa.selenium.chrome.ChromeDriver
Capabilities {acceptInsecureCerts: false, browserName: chrome, browserVersion: 141.0.7390.123, chrome: {chromedriverVersion: 141.0.7390.122 (b477534e7e1..., userDataDir: C:\Users\DELL\AppData\Local...}, fedcm:accounts: true, goog:chromeOptions: {debuggerAddress: localhost:58341}, networkConnectionEnabled: false, pageLoadStrategy: normal, platformName: windows, proxy: Proxy(), se:cdp: ws://localhost:58341/devtoo..., se:cdpVersion: 141.0.7390.123, setWindowRect: true, strictFileInteractability: false, timeouts: {implicit: 0, pageLoad: 300000, script: 30000}, unhandledPromptBehavior: dismiss and notify, webauthn:extension:credBlob: true, webauthn:extension:largeBlob: true, webauthn:extension:minPinLength: true, webauthn:extension:prf: true, webauthn:virtualAuthenticators: true}
Session ID: 3897629bf68502ec118bee2233d28841
2025-11-01 21:41:02 [TestNG-test-OrangeHRMTest-3] ERROR ActionDriver - Unable to describe the element: no such element: Unable to locate element: {"method":"xpath","selector":"//span[text() = 'Admin']"}
  (Session info: chrome=141.0.7390.123)
For documentation on this error, please visit: https://www.selenium.dev/documentation/webdriver/troubleshooting/errors#nosuchelementexception
Build info: version: '4.37.0', revision: '3c1da1e342'
System info: os.name: 'Windows 11', os.arch: 'amd64', os.version: '10.0', java.version: '20'
Driver info: org.openqa.selenium.chrome.ChromeDriver
Command: [3897629bf68502ec118bee2233d28841, findElement {using=xpath, value=//span[text() = 'Admin']}]
Capabilities {acceptInsecureCerts: false, browserName: chrome, browserVersion: 141.0.7390.123, chrome: {chromedriverVersion: 141.0.7390.122 (b477534e7e1..., userDataDir: C:\Users\DELL\AppData\Local...}, fedcm:accounts: true, goog:chromeOptions: {debuggerAddress: localhost:58341}, networkConnectionEnabled: false, pageLoadStrategy: normal, platformName: windows, proxy: Proxy(), se:cdp: ws://localhost:58341/devtoo..., se:cdpVersion: 141.0.7390.123, setWindowRect: true, strictFileInteractability: false, timeouts: {implicit: 0, pageLoad: 300000, script: 30000}, unhandledPromptBehavior: dismiss and notify, webauthn:extension:credBlob: true, webauthn:extension:largeBlob: true, webauthn:extension:minPinLength: true, webauthn:extension:prf: true, webauthn:virtualAuthenticators: true}
Session ID: 3897629bf68502ec118bee2233d28841
2025-11-01 21:41:35 [TestNG-test-OrangeHRMTest-3] ERROR ActionDriver - Element is not clickable: Expected condition failed: waiting for element to be clickable: By.xpath: //a[text()='Logout'] (tried for 30 second(s) with 500 milliseconds interval)
Build info: version: '4.37.0', revision: '3c1da1e342'
System info: os.name: 'Windows 11', os.arch: 'amd64', os.version: '10.0', java.version: '20'
Driver info: org.openqa.selenium.chrome.ChromeDriver
Capabilities {acceptInsecureCerts: false, browserName: chrome, browserVersion: 141.0.7390.123, chrome: {chromedriverVersion: 141.0.7390.122 (b477534e7e1..., userDataDir: C:\Users\DELL\AppData\Local...}, fedcm:accounts: true, goog:chromeOptions: {debuggerAddress: localhost:58341}, networkConnectionEnabled: false, pageLoadStrategy: normal, platformName: windows, proxy: Proxy(), se:cdp: ws://localhost:58341/devtoo..., se:cdpVersion: 141.0.7390.123, setWindowRect: true, strictFileInteractability: false, timeouts: {implicit: 0, pageLoad: 300000, script: 30000}, unhandledPromptBehavior: dismiss and notify, webauthn:extension:credBlob: true, webauthn:extension:largeBlob: true, webauthn:extension:minPinLength: true, webauthn:extension:prf: true, webauthn:virtualAuthenticators: true}
Session ID: 3897629bf68502ec118bee2233d28841
2025-11-01 21:41:36 [TestNG-test-OrangeHRMTest-3] ERROR ActionDriver - Unable to click element: Expected condition failed: waiting for element to be clickable: By.xpath: //a[text()='Logout'] (tried for 30 second(s) with 500 milliseconds interval)
Build info: version: '4.37.0', revision: '3c1da1e342'
System info: os.name: 'Windows 11', os.arch: 'amd64', os.version: '10.0', java.version: '20'
Driver info: org.openqa.selenium.chrome.ChromeDriver
Capabilities {acceptInsecureCerts: false, browserName: chrome, browserVersion: 141.0.7390.123, chrome: {chromedriverVersion: 141.0.7390.122 (b477534e7e1..., userDataDir: C:\Users\DELL\AppData\Local...}, fedcm:accounts: true, goog:chromeOptions: {debuggerAddress: localhost:58341}, networkConnectionEnabled: false, pageLoadStrategy: normal, platformName: windows, proxy: Proxy(), se:cdp: ws://localhost:58341/devtoo..., se:cdpVersion: 141.0.7390.123, setWindowRect: true, strictFileInteractability: false, timeouts: {implicit: 0, pageLoad: 300000, script: 30000}, unhandledPromptBehavior: dismiss and notify, webauthn:extension:credBlob: true, webauthn:extension:largeBlob: true, webauthn:extension:minPinLength: true, webauthn:extension:prf: true, webauthn:virtualAuthenticators: true}
Session ID: 3897629bf68502ec118bee2233d28841
2025-11-01 21:53:26 [TestNG-test-OrangeHRMTest-4] ERROR BaseClass - error message
2025-11-01 21:53:26 [TestNG-test-OrangeHRMTest-4] FATAL BaseClass - fatal message
2025-11-01 21:53:28 [TestNG-test-OrangeHRMTest-2] ERROR BaseClass - error message
2025-11-01 21:53:28 [TestNG-test-OrangeHRMTest-2] FATAL BaseClass - fatal message
2025-11-01 21:53:28 [TestNG-test-OrangeHRMTest-3] ERROR BaseClass - error message
2025-11-01 21:53:28 [TestNG-test-OrangeHRMTest-3] FATAL BaseClass - fatal message
2025-11-01 21:53:34 [TestNG-test-OrangeHRMTest-1] ERROR BaseClass - error message
2025-11-01 21:53:34 [TestNG-test-OrangeHRMTest-1] FATAL BaseClass - fatal message
2025-11-01 21:53:43 [TestNG-test-OrangeHRMTest-4] ERROR ActionDriver - Unable to describe the element: no such element: Unable to locate element: {"method":"xpath","selector":"//button[@type='submit']"}
  (Session info: chrome=141.0.7390.123)
For documentation on this error, please visit: https://www.selenium.dev/documentation/webdriver/troubleshooting/errors#nosuchelementexception
Build info: version: '4.37.0', revision: '3c1da1e342'
System info: os.name: 'Windows 11', os.arch: 'amd64', os.version: '10.0', java.version: '20'
Driver info: org.openqa.selenium.chrome.ChromeDriver
Command: [080301d47e237790b36cbbd930479aa3, findElement {value=//button[@type='submit'], using=xpath}]
Capabilities {acceptInsecureCerts: false, browserName: chrome, browserVersion: 141.0.7390.123, chrome: {chromedriverVersion: 141.0.7390.122 (b477534e7e1..., userDataDir: C:\Users\DELL\AppData\Local...}, fedcm:accounts: true, goog:chromeOptions: {debuggerAddress: localhost:50517}, networkConnectionEnabled: false, pageLoadStrategy: normal, platformName: windows, proxy: Proxy(), se:cdp: ws://localhost:50517/devtoo..., se:cdpVersion: 141.0.7390.123, setWindowRect: true, strictFileInteractability: false, timeouts: {implicit: 0, pageLoad: 300000, script: 30000}, unhandledPromptBehavior: dismiss and notify, webauthn:extension:credBlob: true, webauthn:extension:largeBlob: true, webauthn:extension:minPinLength: true, webauthn:extension:prf: true, webauthn:virtualAuthenticators: true}
Session ID: 080301d47e237790b36cbbd930479aa3
2025-11-01 21:53:53 [TestNG-test-OrangeHRMTest-4] ERROR ActionDriver - Unable to describe the element: no such element: Unable to locate element: {"method":"xpath","selector":"//button[@type='submit']"}
  (Session info: chrome=141.0.7390.123)
For documentation on this error, please visit: https://www.selenium.dev/documentation/webdriver/troubleshooting/errors#nosuchelementexception
Build info: version: '4.37.0', revision: '3c1da1e342'
System info: os.name: 'Windows 11', os.arch: 'amd64', os.version: '10.0', java.version: '20'
Driver info: org.openqa.selenium.chrome.ChromeDriver
Command: [080301d47e237790b36cbbd930479aa3, findElement {value=//button[@type='submit'], using=xpath}]
Capabilities {acceptInsecureCerts: false, browserName: chrome, browserVersion: 141.0.7390.123, chrome: {chromedriverVersion: 141.0.7390.122 (b477534e7e1..., userDataDir: C:\Users\DELL\AppData\Local...}, fedcm:accounts: true, goog:chromeOptions: {debuggerAddress: localhost:50517}, networkConnectionEnabled: false, pageLoadStrategy: normal, platformName: windows, proxy: Proxy(), se:cdp: ws://localhost:50517/devtoo..., se:cdpVersion: 141.0.7390.123, setWindowRect: true, strictFileInteractability: false, timeouts: {implicit: 0, pageLoad: 300000, script: 30000}, unhandledPromptBehavior: dismiss and notify, webauthn:extension:credBlob: true, webauthn:extension:largeBlob: true, webauthn:extension:minPinLength: true, webauthn:extension:prf: true, webauthn:virtualAuthenticators: true}
Session ID: 080301d47e237790b36cbbd930479aa3
2025-11-01 21:54:04 [TestNG-test-OrangeHRMTest-3] ERROR ActionDriver - Element is not visible: Expected condition failed: waiting for visibility of element located by By.xpath: //span[text() = 'Admin'] (tried for 30 second(s) with 500 milliseconds interval)
Build info: version: '4.37.0', revision: '3c1da1e342'
System info: os.name: 'Windows 11', os.arch: 'amd64', os.version: '10.0', java.version: '20'
Driver info: org.openqa.selenium.chrome.ChromeDriver
Capabilities {acceptInsecureCerts: false, browserName: chrome, browserVersion: 141.0.7390.123, chrome: {chromedriverVersion: 141.0.7390.122 (b477534e7e1..., userDataDir: C:\Users\DELL\AppData\Local...}, fedcm:accounts: true, goog:chromeOptions: {debuggerAddress: localhost:50520}, networkConnectionEnabled: false, pageLoadStrategy: normal, platformName: windows, proxy: Proxy(), se:cdp: ws://localhost:50520/devtoo..., se:cdpVersion: 141.0.7390.123, setWindowRect: true, strictFileInteractability: false, timeouts: {implicit: 0, pageLoad: 300000, script: 30000}, unhandledPromptBehavior: dismiss and notify, webauthn:extension:credBlob: true, webauthn:extension:largeBlob: true, webauthn:extension:minPinLength: true, webauthn:extension:prf: true, webauthn:virtualAuthenticators: true}
Session ID: 2fdad081054656b5f2c522a45807fb69
2025-11-01 21:54:04 [TestNG-test-OrangeHRMTest-3] ERROR ActionDriver - There an error: Expected condition failed: waiting for visibility of element located by By.xpath: //span[text() = 'Admin'] (tried for 30 second(s) with 500 milliseconds interval)
Build info: version: '4.37.0', revision: '3c1da1e342'
System info: os.name: 'Windows 11', os.arch: 'amd64', os.version: '10.0', java.version: '20'
Driver info: org.openqa.selenium.chrome.ChromeDriver
Capabilities {acceptInsecureCerts: false, browserName: chrome, browserVersion: 141.0.7390.123, chrome: {chromedriverVersion: 141.0.7390.122 (b477534e7e1..., userDataDir: C:\Users\DELL\AppData\Local...}, fedcm:accounts: true, goog:chromeOptions: {debuggerAddress: localhost:50520}, networkConnectionEnabled: false, pageLoadStrategy: normal, platformName: windows, proxy: Proxy(), se:cdp: ws://localhost:50520/devtoo..., se:cdpVersion: 141.0.7390.123, setWindowRect: true, strictFileInteractability: false, timeouts: {implicit: 0, pageLoad: 300000, script: 30000}, unhandledPromptBehavior: dismiss and notify, webauthn:extension:credBlob: true, webauthn:extension:largeBlob: true, webauthn:extension:minPinLength: true, webauthn:extension:prf: true, webauthn:virtualAuthenticators: true}
Session ID: 2fdad081054656b5f2c522a45807fb69
2025-11-01 21:54:14 [TestNG-test-OrangeHRMTest-3] ERROR ActionDriver - Unable to describe the element: no such element: Unable to locate element: {"method":"xpath","selector":"//span[text() = 'Admin']"}
  (Session info: chrome=141.0.7390.123)
For documentation on this error, please visit: https://www.selenium.dev/documentation/webdriver/troubleshooting/errors#nosuchelementexception
Build info: version: '4.37.0', revision: '3c1da1e342'
System info: os.name: 'Windows 11', os.arch: 'amd64', os.version: '10.0', java.version: '20'
Driver info: org.openqa.selenium.chrome.ChromeDriver
Command: [2fdad081054656b5f2c522a45807fb69, findElement {value=//span[text() = 'Admin'], using=xpath}]
Capabilities {acceptInsecureCerts: false, browserName: chrome, browserVersion: 141.0.7390.123, chrome: {chromedriverVersion: 141.0.7390.122 (b477534e7e1..., userDataDir: C:\Users\DELL\AppData\Local...}, fedcm:accounts: true, goog:chromeOptions: {debuggerAddress: localhost:50520}, networkConnectionEnabled: false, pageLoadStrategy: normal, platformName: windows, proxy: Proxy(), se:cdp: ws://localhost:50520/devtoo..., se:cdpVersion: 141.0.7390.123, setWindowRect: true, strictFileInteractability: false, timeouts: {implicit: 0, pageLoad: 300000, script: 30000}, unhandledPromptBehavior: dismiss and notify, webauthn:extension:credBlob: true, webauthn:extension:largeBlob: true, webauthn:extension:minPinLength: true, webauthn:extension:prf: true, webauthn:virtualAuthenticators: true}
Session ID: 2fdad081054656b5f2c522a45807fb69
2025-11-01 21:54:25 [TestNG-test-OrangeHRMTest-3] ERROR ActionDriver - Unable to describe the element: no such element: Unable to locate element: {"method":"xpath","selector":"//button[@type='submit']"}
  (Session info: chrome=141.0.7390.123)
For documentation on this error, please visit: https://www.selenium.dev/documentation/webdriver/troubleshooting/errors#nosuchelementexception
Build info: version: '4.37.0', revision: '3c1da1e342'
System info: os.name: 'Windows 11', os.arch: 'amd64', os.version: '10.0', java.version: '20'
Driver info: org.openqa.selenium.chrome.ChromeDriver
Command: [2fdad081054656b5f2c522a45807fb69, findElement {value=//button[@type='submit'], using=xpath}]
Capabilities {acceptInsecureCerts: false, browserName: chrome, browserVersion: 141.0.7390.123, chrome: {chromedriverVersion: 141.0.7390.122 (b477534e7e1..., userDataDir: C:\Users\DELL\AppData\Local...}, fedcm:accounts: true, goog:chromeOptions: {debuggerAddress: localhost:50520}, networkConnectionEnabled: false, pageLoadStrategy: normal, platformName: windows, proxy: Proxy(), se:cdp: ws://localhost:50520/devtoo..., se:cdpVersion: 141.0.7390.123, setWindowRect: true, strictFileInteractability: false, timeouts: {implicit: 0, pageLoad: 300000, script: 30000}, unhandledPromptBehavior: dismiss and notify, webauthn:extension:credBlob: true, webauthn:extension:largeBlob: true, webauthn:extension:minPinLength: true, webauthn:extension:prf: true, webauthn:virtualAuthenticators: true}
Session ID: 2fdad081054656b5f2c522a45807fb69
2025-11-01 21:54:35 [TestNG-test-OrangeHRMTest-3] ERROR ActionDriver - Unable to describe the element: no such element: Unable to locate element: {"method":"xpath","selector":"//button[@type='submit']"}
  (Session info: chrome=141.0.7390.123)
For documentation on this error, please visit: https://www.selenium.dev/documentation/webdriver/troubleshooting/errors#nosuchelementexception
Build info: version: '4.37.0', revision: '3c1da1e342'
System info: os.name: 'Windows 11', os.arch: 'amd64', os.version: '10.0', java.version: '20'
Driver info: org.openqa.selenium.chrome.ChromeDriver
Command: [2fdad081054656b5f2c522a45807fb69, findElement {value=//button[@type='submit'], using=xpath}]
Capabilities {acceptInsecureCerts: false, browserName: chrome, browserVersion: 141.0.7390.123, chrome: {chromedriverVersion: 141.0.7390.122 (b477534e7e1..., userDataDir: C:\Users\DELL\AppData\Local...}, fedcm:accounts: true, goog:chromeOptions: {debuggerAddress: localhost:50520}, networkConnectionEnabled: false, pageLoadStrategy: normal, platformName: windows, proxy: Proxy(), se:cdp: ws://localhost:50520/devtoo..., se:cdpVersion: 141.0.7390.123, setWindowRect: true, strictFileInteractability: false, timeouts: {implicit: 0, pageLoad: 300000, script: 30000}, unhandledPromptBehavior: dismiss and notify, webauthn:extension:credBlob: true, webauthn:extension:largeBlob: true, webauthn:extension:minPinLength: true, webauthn:extension:prf: true, webauthn:virtualAuthenticators: true}
Session ID: 2fdad081054656b5f2c522a45807fb69
2025-11-02 08:43:30 [TestNG-test-OrangeHRMTest-4] ERROR BaseClass - error message
2025-11-02 08:43:30 [TestNG-test-OrangeHRMTest-4] FATAL BaseClass - fatal message
2025-11-02 08:43:31 [TestNG-test-OrangeHRMTest-2] ERROR BaseClass - error message
2025-11-02 08:43:31 [TestNG-test-OrangeHRMTest-2] FATAL BaseClass - fatal message
2025-11-02 08:43:32 [TestNG-test-OrangeHRMTest-1] ERROR BaseClass - error message
2025-11-02 08:43:32 [TestNG-test-OrangeHRMTest-1] FATAL BaseClass - fatal message
2025-11-02 08:43:32 [TestNG-test-OrangeHRMTest-3] ERROR BaseClass - error message
2025-11-02 08:43:32 [TestNG-test-OrangeHRMTest-3] FATAL BaseClass - fatal message
2025-11-02 08:43:43 [TestNG-test-OrangeHRMTest-4] ERROR ActionDriver - Unable to describe the element: no such element: Unable to locate element: {"method":"xpath","selector":"//button[@type='submit']"}
  (Session info: chrome=141.0.7390.123)
For documentation on this error, please visit: https://www.selenium.dev/documentation/webdriver/troubleshooting/errors#nosuchelementexception
Build info: version: '4.37.0', revision: '3c1da1e342'
System info: os.name: 'Windows 11', os.arch: 'amd64', os.version: '10.0', java.version: '20'
Driver info: org.openqa.selenium.chrome.ChromeDriver
Command: [f1aec7527146d21d712fc1735c8fff1a, findElement {value=//button[@type='submit'], using=xpath}]
Capabilities {acceptInsecureCerts: false, browserName: chrome, browserVersion: 141.0.7390.123, chrome: {chromedriverVersion: 141.0.7390.122 (b477534e7e1..., userDataDir: C:\Users\DELL\AppData\Local...}, fedcm:accounts: true, goog:chromeOptions: {debuggerAddress: localhost:54247}, networkConnectionEnabled: false, pageLoadStrategy: normal, platformName: windows, proxy: Proxy(), se:cdp: ws://localhost:54247/devtoo..., se:cdpVersion: 141.0.7390.123, setWindowRect: true, strictFileInteractability: false, timeouts: {implicit: 0, pageLoad: 300000, script: 30000}, unhandledPromptBehavior: dismiss and notify, webauthn:extension:credBlob: true, webauthn:extension:largeBlob: true, webauthn:extension:minPinLength: true, webauthn:extension:prf: true, webauthn:virtualAuthenticators: true}
Session ID: f1aec7527146d21d712fc1735c8fff1a
2025-11-02 08:43:53 [TestNG-test-OrangeHRMTest-4] ERROR ActionDriver - Unable to describe the element: no such element: Unable to locate element: {"method":"xpath","selector":"//button[@type='submit']"}
  (Session info: chrome=141.0.7390.123)
For documentation on this error, please visit: https://www.selenium.dev/documentation/webdriver/troubleshooting/errors#nosuchelementexception
Build info: version: '4.37.0', revision: '3c1da1e342'
System info: os.name: 'Windows 11', os.arch: 'amd64', os.version: '10.0', java.version: '20'
Driver info: org.openqa.selenium.chrome.ChromeDriver
Command: [f1aec7527146d21d712fc1735c8fff1a, findElement {value=//button[@type='submit'], using=xpath}]
Capabilities {acceptInsecureCerts: false, browserName: chrome, browserVersion: 141.0.7390.123, chrome: {chromedriverVersion: 141.0.7390.122 (b477534e7e1..., userDataDir: C:\Users\DELL\AppData\Local...}, fedcm:accounts: true, goog:chromeOptions: {debuggerAddress: localhost:54247}, networkConnectionEnabled: false, pageLoadStrategy: normal, platformName: windows, proxy: Proxy(), se:cdp: ws://localhost:54247/devtoo..., se:cdpVersion: 141.0.7390.123, setWindowRect: true, strictFileInteractability: false, timeouts: {implicit: 0, pageLoad: 300000, script: 30000}, unhandledPromptBehavior: dismiss and notify, webauthn:extension:credBlob: true, webauthn:extension:largeBlob: true, webauthn:extension:minPinLength: true, webauthn:extension:prf: true, webauthn:virtualAuthenticators: true}
Session ID: f1aec7527146d21d712fc1735c8fff1a
2025-11-02 08:44:06 [TestNG-test-OrangeHRMTest-3] ERROR ActionDriver - Element is not visible: Expected condition failed: waiting for visibility of element located by By.xpath: //span[text() = 'Admin'] (tried for 30 second(s) with 500 milliseconds interval)
Build info: version: '4.37.0', revision: '3c1da1e342'
System info: os.name: 'Windows 11', os.arch: 'amd64', os.version: '10.0', java.version: '20'
Driver info: org.openqa.selenium.chrome.ChromeDriver
Capabilities {acceptInsecureCerts: false, browserName: chrome, browserVersion: 141.0.7390.123, chrome: {chromedriverVersion: 141.0.7390.122 (b477534e7e1..., userDataDir: C:\Users\DELL\AppData\Local...}, fedcm:accounts: true, goog:chromeOptions: {debuggerAddress: localhost:54246}, networkConnectionEnabled: false, pageLoadStrategy: normal, platformName: windows, proxy: Proxy(), se:cdp: ws://localhost:54246/devtoo..., se:cdpVersion: 141.0.7390.123, setWindowRect: true, strictFileInteractability: false, timeouts: {implicit: 0, pageLoad: 300000, script: 30000}, unhandledPromptBehavior: dismiss and notify, webauthn:extension:credBlob: true, webauthn:extension:largeBlob: true, webauthn:extension:minPinLength: true, webauthn:extension:prf: true, webauthn:virtualAuthenticators: true}
Session ID: 2123b2faae29d8a2dff5847a58f9fdd7
2025-11-02 08:44:06 [TestNG-test-OrangeHRMTest-3] ERROR ActionDriver - There an error: Expected condition failed: waiting for visibility of element located by By.xpath: //span[text() = 'Admin'] (tried for 30 second(s) with 500 milliseconds interval)
Build info: version: '4.37.0', revision: '3c1da1e342'
System info: os.name: 'Windows 11', os.arch: 'amd64', os.version: '10.0', java.version: '20'
Driver info: org.openqa.selenium.chrome.ChromeDriver
Capabilities {acceptInsecureCerts: false, browserName: chrome, browserVersion: 141.0.7390.123, chrome: {chromedriverVersion: 141.0.7390.122 (b477534e7e1..., userDataDir: C:\Users\DELL\AppData\Local...}, fedcm:accounts: true, goog:chromeOptions: {debuggerAddress: localhost:54246}, networkConnectionEnabled: false, pageLoadStrategy: normal, platformName: windows, proxy: Proxy(), se:cdp: ws://localhost:54246/devtoo..., se:cdpVersion: 141.0.7390.123, setWindowRect: true, strictFileInteractability: false, timeouts: {implicit: 0, pageLoad: 300000, script: 30000}, unhandledPromptBehavior: dismiss and notify, webauthn:extension:credBlob: true, webauthn:extension:largeBlob: true, webauthn:extension:minPinLength: true, webauthn:extension:prf: true, webauthn:virtualAuthenticators: true}
Session ID: 2123b2faae29d8a2dff5847a58f9fdd7
2025-11-02 08:44:16 [TestNG-test-OrangeHRMTest-3] ERROR ActionDriver - Unable to describe the element: no such element: Unable to locate element: {"method":"xpath","selector":"//span[text() = 'Admin']"}
  (Session info: chrome=141.0.7390.123)
For documentation on this error, please visit: https://www.selenium.dev/documentation/webdriver/troubleshooting/errors#nosuchelementexception
Build info: version: '4.37.0', revision: '3c1da1e342'
System info: os.name: 'Windows 11', os.arch: 'amd64', os.version: '10.0', java.version: '20'
Driver info: org.openqa.selenium.chrome.ChromeDriver
Command: [2123b2faae29d8a2dff5847a58f9fdd7, findElement {value=//span[text() = 'Admin'], using=xpath}]
Capabilities {acceptInsecureCerts: false, browserName: chrome, browserVersion: 141.0.7390.123, chrome: {chromedriverVersion: 141.0.7390.122 (b477534e7e1..., userDataDir: C:\Users\DELL\AppData\Local...}, fedcm:accounts: true, goog:chromeOptions: {debuggerAddress: localhost:54246}, networkConnectionEnabled: false, pageLoadStrategy: normal, platformName: windows, proxy: Proxy(), se:cdp: ws://localhost:54246/devtoo..., se:cdpVersion: 141.0.7390.123, setWindowRect: true, strictFileInteractability: false, timeouts: {implicit: 0, pageLoad: 300000, script: 30000}, unhandledPromptBehavior: dismiss and notify, webauthn:extension:credBlob: true, webauthn:extension:largeBlob: true, webauthn:extension:minPinLength: true, webauthn:extension:prf: true, webauthn:virtualAuthenticators: true}
Session ID: 2123b2faae29d8a2dff5847a58f9fdd7
2025-11-02 08:44:28 [TestNG-test-OrangeHRMTest-3] ERROR ActionDriver - Unable to describe the element: no such element: Unable to locate element: {"method":"xpath","selector":"//button[@type='submit']"}
  (Session info: chrome=141.0.7390.123)
For documentation on this error, please visit: https://www.selenium.dev/documentation/webdriver/troubleshooting/errors#nosuchelementexception
Build info: version: '4.37.0', revision: '3c1da1e342'
System info: os.name: 'Windows 11', os.arch: 'amd64', os.version: '10.0', java.version: '20'
Driver info: org.openqa.selenium.chrome.ChromeDriver
Command: [2123b2faae29d8a2dff5847a58f9fdd7, findElement {value=//button[@type='submit'], using=xpath}]
Capabilities {acceptInsecureCerts: false, browserName: chrome, browserVersion: 141.0.7390.123, chrome: {chromedriverVersion: 141.0.7390.122 (b477534e7e1..., userDataDir: C:\Users\DELL\AppData\Local...}, fedcm:accounts: true, goog:chromeOptions: {debuggerAddress: localhost:54246}, networkConnectionEnabled: false, pageLoadStrategy: normal, platformName: windows, proxy: Proxy(), se:cdp: ws://localhost:54246/devtoo..., se:cdpVersion: 141.0.7390.123, setWindowRect: true, strictFileInteractability: false, timeouts: {implicit: 0, pageLoad: 300000, script: 30000}, unhandledPromptBehavior: dismiss and notify, webauthn:extension:credBlob: true, webauthn:extension:largeBlob: true, webauthn:extension:minPinLength: true, webauthn:extension:prf: true, webauthn:virtualAuthenticators: true}
Session ID: 2123b2faae29d8a2dff5847a58f9fdd7
2025-11-02 08:44:38 [TestNG-test-OrangeHRMTest-3] ERROR ActionDriver - Unable to describe the element: no such element: Unable to locate element: {"method":"xpath","selector":"//button[@type='submit']"}
  (Session info: chrome=141.0.7390.123)
For documentation on this error, please visit: https://www.selenium.dev/documentation/webdriver/troubleshooting/errors#nosuchelementexception
Build info: version: '4.37.0', revision: '3c1da1e342'
System info: os.name: 'Windows 11', os.arch: 'amd64', os.version: '10.0', java.version: '20'
Driver info: org.openqa.selenium.chrome.ChromeDriver
Command: [2123b2faae29d8a2dff5847a58f9fdd7, findElement {value=//button[@type='submit'], using=xpath}]
Capabilities {acceptInsecureCerts: false, browserName: chrome, browserVersion: 141.0.7390.123, chrome: {chromedriverVersion: 141.0.7390.122 (b477534e7e1..., userDataDir: C:\Users\DELL\AppData\Local...}, fedcm:accounts: true, goog:chromeOptions: {debuggerAddress: localhost:54246}, networkConnectionEnabled: false, pageLoadStrategy: normal, platformName: windows, proxy: Proxy(), se:cdp: ws://localhost:54246/devtoo..., se:cdpVersion: 141.0.7390.123, setWindowRect: true, strictFileInteractability: false, timeouts: {implicit: 0, pageLoad: 300000, script: 30000}, unhandledPromptBehavior: dismiss and notify, webauthn:extension:credBlob: true, webauthn:extension:largeBlob: true, webauthn:extension:minPinLength: true, webauthn:extension:prf: true, webauthn:virtualAuthenticators: true}
Session ID: 2123b2faae29d8a2dff5847a58f9fdd7
2025-11-02 09:14:35 [TestNG-test-OrangeHRMTest-3] ERROR BaseClass - error message
2025-11-02 09:14:35 [TestNG-test-OrangeHRMTest-3] FATAL BaseClass - fatal message
2025-11-02 09:14:36 [TestNG-test-OrangeHRMTest-2] ERROR BaseClass - error message
2025-11-02 09:14:36 [TestNG-test-OrangeHRMTest-2] FATAL BaseClass - fatal message
2025-11-02 09:14:36 [TestNG-test-OrangeHRMTest-1] ERROR BaseClass - error message
2025-11-02 09:14:36 [TestNG-test-OrangeHRMTest-1] FATAL BaseClass - fatal message
2025-11-02 09:14:37 [TestNG-test-OrangeHRMTest-4] ERROR BaseClass - error message
2025-11-02 09:14:37 [TestNG-test-OrangeHRMTest-4] FATAL BaseClass - fatal message
2025-11-02 09:14:52 [TestNG-test-OrangeHRMTest-4] ERROR ActionDriver - Unable to describe the element: no such element: Unable to locate element: {"method":"xpath","selector":"//button[@type='submit']"}
  (Session info: chrome=141.0.7390.123)
For documentation on this error, please visit: https://www.selenium.dev/documentation/webdriver/troubleshooting/errors#nosuchelementexception
Build info: version: '4.37.0', revision: '3c1da1e342'
System info: os.name: 'Windows 11', os.arch: 'amd64', os.version: '10.0', java.version: '20'
Driver info: org.openqa.selenium.chrome.ChromeDriver
Command: [5c32bbe1b635ec52aa51c905caa28f35, findElement {value=//button[@type='submit'], using=xpath}]
Capabilities {acceptInsecureCerts: false, browserName: chrome, browserVersion: 141.0.7390.123, chrome: {chromedriverVersion: 141.0.7390.122 (b477534e7e1..., userDataDir: C:\Users\DELL\AppData\Local...}, fedcm:accounts: true, goog:chromeOptions: {debuggerAddress: localhost:58268}, networkConnectionEnabled: false, pageLoadStrategy: normal, platformName: windows, proxy: Proxy(), se:cdp: ws://localhost:58268/devtoo..., se:cdpVersion: 141.0.7390.123, setWindowRect: true, strictFileInteractability: false, timeouts: {implicit: 0, pageLoad: 300000, script: 30000}, unhandledPromptBehavior: dismiss and notify, webauthn:extension:credBlob: true, webauthn:extension:largeBlob: true, webauthn:extension:minPinLength: true, webauthn:extension:prf: true, webauthn:virtualAuthenticators: true}
Session ID: 5c32bbe1b635ec52aa51c905caa28f35
2025-11-02 09:14:52 [TestNG-test-OrangeHRMTest-4] ERROR ActionDriver - Unable to click element: no such element: Unable to locate element: {"method":"xpath","selector":"//button[@type='submit']"}
  (Session info: chrome=141.0.7390.123)
For documentation on this error, please visit: https://www.selenium.dev/documentation/webdriver/troubleshooting/errors#nosuchelementexception
Build info: version: '4.37.0', revision: '3c1da1e342'
System info: os.name: 'Windows 11', os.arch: 'amd64', os.version: '10.0', java.version: '20'
Driver info: org.openqa.selenium.chrome.ChromeDriver
Command: [5c32bbe1b635ec52aa51c905caa28f35, findElement {value=//button[@type='submit'], using=xpath}]
Capabilities {acceptInsecureCerts: false, browserName: chrome, browserVersion: 141.0.7390.123, chrome: {chromedriverVersion: 141.0.7390.122 (b477534e7e1..., userDataDir: C:\Users\DELL\AppData\Local...}, fedcm:accounts: true, goog:chromeOptions: {debuggerAddress: localhost:58268}, networkConnectionEnabled: false, pageLoadStrategy: normal, platformName: windows, proxy: Proxy(), se:cdp: ws://localhost:58268/devtoo..., se:cdpVersion: 141.0.7390.123, setWindowRect: true, strictFileInteractability: false, timeouts: {implicit: 0, pageLoad: 300000, script: 30000}, unhandledPromptBehavior: dismiss and notify, webauthn:extension:credBlob: true, webauthn:extension:largeBlob: true, webauthn:extension:minPinLength: true, webauthn:extension:prf: true, webauthn:virtualAuthenticators: true}
Session ID: 5c32bbe1b635ec52aa51c905caa28f35
2025-11-02 09:15:13 [TestNG-test-OrangeHRMTest-3] ERROR ActionDriver - Element is not visible: Expected condition failed: waiting for visibility of element located by By.xpath: //span[text() = 'Admin'] (tried for 30 second(s) with 500 milliseconds interval)
Build info: version: '4.37.0', revision: '3c1da1e342'
System info: os.name: 'Windows 11', os.arch: 'amd64', os.version: '10.0', java.version: '20'
Driver info: org.openqa.selenium.chrome.ChromeDriver
Capabilities {acceptInsecureCerts: false, browserName: chrome, browserVersion: 141.0.7390.123, chrome: {chromedriverVersion: 141.0.7390.122 (b477534e7e1..., userDataDir: C:\Users\DELL\AppData\Local...}, fedcm:accounts: true, goog:chromeOptions: {debuggerAddress: localhost:57068}, networkConnectionEnabled: false, pageLoadStrategy: normal, platformName: windows, proxy: Proxy(), se:cdp: ws://localhost:57068/devtoo..., se:cdpVersion: 141.0.7390.123, setWindowRect: true, strictFileInteractability: false, timeouts: {implicit: 0, pageLoad: 300000, script: 30000}, unhandledPromptBehavior: dismiss and notify, webauthn:extension:credBlob: true, webauthn:extension:largeBlob: true, webauthn:extension:minPinLength: true, webauthn:extension:prf: true, webauthn:virtualAuthenticators: true}
Session ID: 20b27bd08deb0f7687d110d332b587da
2025-11-02 09:15:13 [TestNG-test-OrangeHRMTest-3] ERROR ActionDriver - There an error: Expected condition failed: waiting for visibility of element located by By.xpath: //span[text() = 'Admin'] (tried for 30 second(s) with 500 milliseconds interval)
Build info: version: '4.37.0', revision: '3c1da1e342'
System info: os.name: 'Windows 11', os.arch: 'amd64', os.version: '10.0', java.version: '20'
Driver info: org.openqa.selenium.chrome.ChromeDriver
Capabilities {acceptInsecureCerts: false, browserName: chrome, browserVersion: 141.0.7390.123, chrome: {chromedriverVersion: 141.0.7390.122 (b477534e7e1..., userDataDir: C:\Users\DELL\AppData\Local...}, fedcm:accounts: true, goog:chromeOptions: {debuggerAddress: localhost:57068}, networkConnectionEnabled: false, pageLoadStrategy: normal, platformName: windows, proxy: Proxy(), se:cdp: ws://localhost:57068/devtoo..., se:cdpVersion: 141.0.7390.123, setWindowRect: true, strictFileInteractability: false, timeouts: {implicit: 0, pageLoad: 300000, script: 30000}, unhandledPromptBehavior: dismiss and notify, webauthn:extension:credBlob: true, webauthn:extension:largeBlob: true, webauthn:extension:minPinLength: true, webauthn:extension:prf: true, webauthn:virtualAuthenticators: true}
Session ID: 20b27bd08deb0f7687d110d332b587da
2025-11-02 09:15:23 [TestNG-test-OrangeHRMTest-3] ERROR ActionDriver - Unable to describe the element: no such element: Unable to locate element: {"method":"xpath","selector":"//span[text() = 'Admin']"}
  (Session info: chrome=141.0.7390.123)
For documentation on this error, please visit: https://www.selenium.dev/documentation/webdriver/troubleshooting/errors#nosuchelementexception
Build info: version: '4.37.0', revision: '3c1da1e342'
System info: os.name: 'Windows 11', os.arch: 'amd64', os.version: '10.0', java.version: '20'
Driver info: org.openqa.selenium.chrome.ChromeDriver
Command: [20b27bd08deb0f7687d110d332b587da, findElement {value=//span[text() = 'Admin'], using=xpath}]
Capabilities {acceptInsecureCerts: false, browserName: chrome, browserVersion: 141.0.7390.123, chrome: {chromedriverVersion: 141.0.7390.122 (b477534e7e1..., userDataDir: C:\Users\DELL\AppData\Local...}, fedcm:accounts: true, goog:chromeOptions: {debuggerAddress: localhost:57068}, networkConnectionEnabled: false, pageLoadStrategy: normal, platformName: windows, proxy: Proxy(), se:cdp: ws://localhost:57068/devtoo..., se:cdpVersion: 141.0.7390.123, setWindowRect: true, strictFileInteractability: false, timeouts: {implicit: 0, pageLoad: 300000, script: 30000}, unhandledPromptBehavior: dismiss and notify, webauthn:extension:credBlob: true, webauthn:extension:largeBlob: true, webauthn:extension:minPinLength: true, webauthn:extension:prf: true, webauthn:virtualAuthenticators: true}
Session ID: 20b27bd08deb0f7687d110d332b587da
2025-11-02 09:15:35 [TestNG-test-OrangeHRMTest-3] ERROR ActionDriver - Unable to describe the element: no such element: Unable to locate element: {"method":"xpath","selector":"//button[@type='submit']"}
  (Session info: chrome=141.0.7390.123)
For documentation on this error, please visit: https://www.selenium.dev/documentation/webdriver/troubleshooting/errors#nosuchelementexception
Build info: version: '4.37.0', revision: '3c1da1e342'
System info: os.name: 'Windows 11', os.arch: 'amd64', os.version: '10.0', java.version: '20'
Driver info: org.openqa.selenium.chrome.ChromeDriver
Command: [20b27bd08deb0f7687d110d332b587da, findElement {value=//button[@type='submit'], using=xpath}]
Capabilities {acceptInsecureCerts: false, browserName: chrome, browserVersion: 141.0.7390.123, chrome: {chromedriverVersion: 141.0.7390.122 (b477534e7e1..., userDataDir: C:\Users\DELL\AppData\Local...}, fedcm:accounts: true, goog:chromeOptions: {debuggerAddress: localhost:57068}, networkConnectionEnabled: false, pageLoadStrategy: normal, platformName: windows, proxy: Proxy(), se:cdp: ws://localhost:57068/devtoo..., se:cdpVersion: 141.0.7390.123, setWindowRect: true, strictFileInteractability: false, timeouts: {implicit: 0, pageLoad: 300000, script: 30000}, unhandledPromptBehavior: dismiss and notify, webauthn:extension:credBlob: true, webauthn:extension:largeBlob: true, webauthn:extension:minPinLength: true, webauthn:extension:prf: true, webauthn:virtualAuthenticators: true}
Session ID: 20b27bd08deb0f7687d110d332b587da
2025-11-02 09:15:35 [TestNG-test-OrangeHRMTest-3] ERROR ActionDriver - Unable to click element: no such element: Unable to locate element: {"method":"xpath","selector":"//button[@type='submit']"}
  (Session info: chrome=141.0.7390.123)
For documentation on this error, please visit: https://www.selenium.dev/documentation/webdriver/troubleshooting/errors#nosuchelementexception
Build info: version: '4.37.0', revision: '3c1da1e342'
System info: os.name: 'Windows 11', os.arch: 'amd64', os.version: '10.0', java.version: '20'
Driver info: org.openqa.selenium.chrome.ChromeDriver
Command: [20b27bd08deb0f7687d110d332b587da, findElement {value=//button[@type='submit'], using=xpath}]
Capabilities {acceptInsecureCerts: false, browserName: chrome, browserVersion: 141.0.7390.123, chrome: {chromedriverVersion: 141.0.7390.122 (b477534e7e1..., userDataDir: C:\Users\DELL\AppData\Local...}, fedcm:accounts: true, goog:chromeOptions: {debuggerAddress: localhost:57068}, networkConnectionEnabled: false, pageLoadStrategy: normal, platformName: windows, proxy: Proxy(), se:cdp: ws://localhost:57068/devtoo..., se:cdpVersion: 141.0.7390.123, setWindowRect: true, strictFileInteractability: false, timeouts: {implicit: 0, pageLoad: 300000, script: 30000}, unhandledPromptBehavior: dismiss and notify, webauthn:extension:credBlob: true, webauthn:extension:largeBlob: true, webauthn:extension:minPinLength: true, webauthn:extension:prf: true, webauthn:virtualAuthenticators: true}
Session ID: 20b27bd08deb0f7687d110d332b587da
2025-11-02 09:15:47 [TestNG-test-OrangeHRMTest-3] ERROR ActionDriver - Unable to describe the element: no such element: Unable to locate element: {"method":"xpath","selector":"//a[text()='Logout']"}
  (Session info: chrome=141.0.7390.123)
For documentation on this error, please visit: https://www.selenium.dev/documentation/webdriver/troubleshooting/errors#nosuchelementexception
Build info: version: '4.37.0', revision: '3c1da1e342'
System info: os.name: 'Windows 11', os.arch: 'amd64', os.version: '10.0', java.version: '20'
Driver info: org.openqa.selenium.chrome.ChromeDriver
Command: [20b27bd08deb0f7687d110d332b587da, findElement {value=//a[text()='Logout'], using=xpath}]
Capabilities {acceptInsecureCerts: false, browserName: chrome, browserVersion: 141.0.7390.123, chrome: {chromedriverVersion: 141.0.7390.122 (b477534e7e1..., userDataDir: C:\Users\DELL\AppData\Local...}, fedcm:accounts: true, goog:chromeOptions: {debuggerAddress: localhost:57068}, networkConnectionEnabled: false, pageLoadStrategy: normal, platformName: windows, proxy: Proxy(), se:cdp: ws://localhost:57068/devtoo..., se:cdpVersion: 141.0.7390.123, setWindowRect: true, strictFileInteractability: false, timeouts: {implicit: 0, pageLoad: 300000, script: 30000}, unhandledPromptBehavior: dismiss and notify, webauthn:extension:credBlob: true, webauthn:extension:largeBlob: true, webauthn:extension:minPinLength: true, webauthn:extension:prf: true, webauthn:virtualAuthenticators: true}
Session ID: 20b27bd08deb0f7687d110d332b587da
2025-11-02 09:15:47 [TestNG-test-OrangeHRMTest-3] ERROR ActionDriver - Unable to click element: no such element: Unable to locate element: {"method":"xpath","selector":"//a[text()='Logout']"}
  (Session info: chrome=141.0.7390.123)
For documentation on this error, please visit: https://www.selenium.dev/documentation/webdriver/troubleshooting/errors#nosuchelementexception
Build info: version: '4.37.0', revision: '3c1da1e342'
System info: os.name: 'Windows 11', os.arch: 'amd64', os.version: '10.0', java.version: '20'
Driver info: org.openqa.selenium.chrome.ChromeDriver
Command: [20b27bd08deb0f7687d110d332b587da, findElement {value=//a[text()='Logout'], using=xpath}]
Capabilities {acceptInsecureCerts: false, browserName: chrome, browserVersion: 141.0.7390.123, chrome: {chromedriverVersion: 141.0.7390.122 (b477534e7e1..., userDataDir: C:\Users\DELL\AppData\Local...}, fedcm:accounts: true, goog:chromeOptions: {debuggerAddress: localhost:57068}, networkConnectionEnabled: false, pageLoadStrategy: normal, platformName: windows, proxy: Proxy(), se:cdp: ws://localhost:57068/devtoo..., se:cdpVersion: 141.0.7390.123, setWindowRect: true, strictFileInteractability: false, timeouts: {implicit: 0, pageLoad: 300000, script: 30000}, unhandledPromptBehavior: dismiss and notify, webauthn:extension:credBlob: true, webauthn:extension:largeBlob: true, webauthn:extension:minPinLength: true, webauthn:extension:prf: true, webauthn:virtualAuthenticators: true}
Session ID: 20b27bd08deb0f7687d110d332b587da
2025-11-02 09:23:51 [main] ERROR BaseClass - error message
2025-11-02 09:23:51 [main] FATAL BaseClass - fatal message
2025-11-02 09:24:49 [main] ERROR ActionDriver - Unable to describe the element: no such element: Unable to locate element: {"method":"xpath","selector":"//button[@type='submit']"}
  (Session info: chrome=141.0.7390.123)
For documentation on this error, please visit: https://www.selenium.dev/documentation/webdriver/troubleshooting/errors#nosuchelementexception
Build info: version: '4.37.0', revision: '3c1da1e342'
System info: os.name: 'Windows 11', os.arch: 'amd64', os.version: '10.0', java.version: '20'
Driver info: org.openqa.selenium.chrome.ChromeDriver
Command: [be4ffa5489cd77e804e6a6caab38f78c, findElement {value=//button[@type='submit'], using=xpath}]
Capabilities {acceptInsecureCerts: false, browserName: chrome, browserVersion: 141.0.7390.123, chrome: {chromedriverVersion: 141.0.7390.122 (b477534e7e1..., userDataDir: C:\Users\DELL\AppData\Local...}, fedcm:accounts: true, goog:chromeOptions: {debuggerAddress: localhost:61926}, networkConnectionEnabled: false, pageLoadStrategy: normal, platformName: windows, proxy: Proxy(), se:cdp: ws://localhost:61926/devtoo..., se:cdpVersion: 141.0.7390.123, setWindowRect: true, strictFileInteractability: false, timeouts: {implicit: 0, pageLoad: 300000, script: 30000}, unhandledPromptBehavior: dismiss and notify, webauthn:extension:credBlob: true, webauthn:extension:largeBlob: true, webauthn:extension:minPinLength: true, webauthn:extension:prf: true, webauthn:virtualAuthenticators: true}
Session ID: be4ffa5489cd77e804e6a6caab38f78c
2025-11-02 09:32:58 [TestNG-test-OrangeHRMTest-3] ERROR BaseClass - error message
2025-11-02 09:32:58 [TestNG-test-OrangeHRMTest-3] FATAL BaseClass - fatal message
2025-11-02 09:33:00 [TestNG-test-OrangeHRMTest-1] ERROR BaseClass - error message
2025-11-02 09:33:00 [TestNG-test-OrangeHRMTest-1] FATAL BaseClass - fatal message
2025-11-02 09:33:00 [TestNG-test-OrangeHRMTest-2] ERROR BaseClass - error message
2025-11-02 09:33:00 [TestNG-test-OrangeHRMTest-2] FATAL BaseClass - fatal message
2025-11-02 09:33:00 [TestNG-test-OrangeHRMTest-4] ERROR BaseClass - error message
2025-11-02 09:33:00 [TestNG-test-OrangeHRMTest-4] FATAL BaseClass - fatal message
2025-11-02 09:33:36 [TestNG-test-OrangeHRMTest-3] ERROR ActionDriver - Element is not visible: Expected condition failed: waiting for visibility of element located by By.xpath: //span[text() = 'Admin'] (tried for 30 second(s) with 500 milliseconds interval)
Build info: version: '4.37.0', revision: '3c1da1e342'
System info: os.name: 'Windows 11', os.arch: 'amd64', os.version: '10.0', java.version: '20'
Driver info: org.openqa.selenium.chrome.ChromeDriver
Capabilities {acceptInsecureCerts: false, browserName: chrome, browserVersion: 141.0.7390.123, chrome: {chromedriverVersion: 141.0.7390.122 (b477534e7e1..., userDataDir: C:\Users\DELL\AppData\Local...}, fedcm:accounts: true, goog:chromeOptions: {debuggerAddress: localhost:52309}, networkConnectionEnabled: false, pageLoadStrategy: normal, platformName: windows, proxy: Proxy(), se:cdp: ws://localhost:52309/devtoo..., se:cdpVersion: 141.0.7390.123, setWindowRect: true, strictFileInteractability: false, timeouts: {implicit: 0, pageLoad: 300000, script: 30000}, unhandledPromptBehavior: dismiss and notify, webauthn:extension:credBlob: true, webauthn:extension:largeBlob: true, webauthn:extension:minPinLength: true, webauthn:extension:prf: true, webauthn:virtualAuthenticators: true}
Session ID: c5dd51710b1ae83e43dc4ac0498b17ec
2025-11-02 09:33:36 [TestNG-test-OrangeHRMTest-3] ERROR ActionDriver - There an error: Expected condition failed: waiting for visibility of element located by By.xpath: //span[text() = 'Admin'] (tried for 30 second(s) with 500 milliseconds interval)
Build info: version: '4.37.0', revision: '3c1da1e342'
System info: os.name: 'Windows 11', os.arch: 'amd64', os.version: '10.0', java.version: '20'
Driver info: org.openqa.selenium.chrome.ChromeDriver
Capabilities {acceptInsecureCerts: false, browserName: chrome, browserVersion: 141.0.7390.123, chrome: {chromedriverVersion: 141.0.7390.122 (b477534e7e1..., userDataDir: C:\Users\DELL\AppData\Local...}, fedcm:accounts: true, goog:chromeOptions: {debuggerAddress: localhost:52309}, networkConnectionEnabled: false, pageLoadStrategy: normal, platformName: windows, proxy: Proxy(), se:cdp: ws://localhost:52309/devtoo..., se:cdpVersion: 141.0.7390.123, setWindowRect: true, strictFileInteractability: false, timeouts: {implicit: 0, pageLoad: 300000, script: 30000}, unhandledPromptBehavior: dismiss and notify, webauthn:extension:credBlob: true, webauthn:extension:largeBlob: true, webauthn:extension:minPinLength: true, webauthn:extension:prf: true, webauthn:virtualAuthenticators: true}
Session ID: c5dd51710b1ae83e43dc4ac0498b17ec
2025-11-02 09:33:46 [TestNG-test-OrangeHRMTest-3] ERROR ActionDriver - Unable to describe the element: no such element: Unable to locate element: {"method":"xpath","selector":"//span[text() = 'Admin']"}
  (Session info: chrome=141.0.7390.123)
For documentation on this error, please visit: https://www.selenium.dev/documentation/webdriver/troubleshooting/errors#nosuchelementexception
Build info: version: '4.37.0', revision: '3c1da1e342'
System info: os.name: 'Windows 11', os.arch: 'amd64', os.version: '10.0', java.version: '20'
Driver info: org.openqa.selenium.chrome.ChromeDriver
Command: [c5dd51710b1ae83e43dc4ac0498b17ec, findElement {value=//span[text() = 'Admin'], using=xpath}]
Capabilities {acceptInsecureCerts: false, browserName: chrome, browserVersion: 141.0.7390.123, chrome: {chromedriverVersion: 141.0.7390.122 (b477534e7e1..., userDataDir: C:\Users\DELL\AppData\Local...}, fedcm:accounts: true, goog:chromeOptions: {debuggerAddress: localhost:52309}, networkConnectionEnabled: false, pageLoadStrategy: normal, platformName: windows, proxy: Proxy(), se:cdp: ws://localhost:52309/devtoo..., se:cdpVersion: 141.0.7390.123, setWindowRect: true, strictFileInteractability: false, timeouts: {implicit: 0, pageLoad: 300000, script: 30000}, unhandledPromptBehavior: dismiss and notify, webauthn:extension:credBlob: true, webauthn:extension:largeBlob: true, webauthn:extension:minPinLength: true, webauthn:extension:prf: true, webauthn:virtualAuthenticators: true}
Session ID: c5dd51710b1ae83e43dc4ac0498b17ec
2025-11-02 09:48:19 [TestNG-test-OrangeHRMTest-4] ERROR BaseClass - error message
2025-11-02 09:48:19 [TestNG-test-OrangeHRMTest-4] FATAL BaseClass - fatal message
2025-11-02 09:48:20 [TestNG-test-OrangeHRMTest-3] ERROR BaseClass - error message
2025-11-02 09:48:20 [TestNG-test-OrangeHRMTest-3] FATAL BaseClass - fatal message
2025-11-02 09:48:21 [TestNG-test-OrangeHRMTest-1] ERROR BaseClass - error message
2025-11-02 09:48:21 [TestNG-test-OrangeHRMTest-1] FATAL BaseClass - fatal message
2025-11-02 09:48:22 [TestNG-test-OrangeHRMTest-2] ERROR BaseClass - error message
2025-11-02 09:48:22 [TestNG-test-OrangeHRMTest-2] FATAL BaseClass - fatal message
2025-11-02 10:52:20 [TestNG-test-OrangeHRMTest-2] ERROR BaseClass - error message
2025-11-02 10:52:20 [TestNG-test-OrangeHRMTest-4] ERROR BaseClass - error message
2025-11-02 10:52:20 [TestNG-test-OrangeHRMTest-4] FATAL BaseClass - fatal message
2025-11-02 10:52:20 [TestNG-test-OrangeHRMTest-2] FATAL BaseClass - fatal message
2025-11-02 10:52:23 [TestNG-test-OrangeHRMTest-3] ERROR BaseClass - error message
2025-11-02 10:52:23 [TestNG-test-OrangeHRMTest-3] FATAL BaseClass - fatal message
2025-11-02 10:52:23 [TestNG-test-OrangeHRMTest-1] ERROR BaseClass - error message
2025-11-02 10:52:23 [TestNG-test-OrangeHRMTest-1] FATAL BaseClass - fatal message
2025-11-02 10:52:54 [TestNG-test-OrangeHRMTest-1] ERROR ActionDriver - Element is not visible: Expected condition failed: waiting for visibility of element located by By.xpath: //p[contains(., "Invalid credentials")] (tried for 30 second(s) with 500 milliseconds interval)
Build info: version: '4.37.0', revision: '3c1da1e342'
System info: os.name: 'Windows 11', os.arch: 'amd64', os.version: '10.0', java.version: '20'
Driver info: org.openqa.selenium.chrome.ChromeDriver
Capabilities {acceptInsecureCerts: false, browserName: chrome, browserVersion: 141.0.7390.123, chrome: {chromedriverVersion: 141.0.7390.122 (b477534e7e1..., userDataDir: C:\Users\DELL\AppData\Local...}, fedcm:accounts: true, goog:chromeOptions: {debuggerAddress: localhost:65253}, networkConnectionEnabled: false, pageLoadStrategy: normal, platformName: windows, proxy: Proxy(), se:cdp: ws://localhost:65253/devtoo..., se:cdpVersion: 141.0.7390.123, setWindowRect: true, strictFileInteractability: false, timeouts: {implicit: 0, pageLoad: 300000, script: 30000}, unhandledPromptBehavior: dismiss and notify, webauthn:extension:credBlob: true, webauthn:extension:largeBlob: true, webauthn:extension:minPinLength: true, webauthn:extension:prf: true, webauthn:virtualAuthenticators: true}
Session ID: 51446a3577283a3225425d4f2fe977d6
2025-11-02 10:52:54 [TestNG-test-OrangeHRMTest-1] ERROR ActionDriver - Unable to compare: Expected condition failed: waiting for visibility of element located by By.xpath: //p[contains(., "Invalid credentials")] (tried for 30 second(s) with 500 milliseconds interval)
Build info: version: '4.37.0', revision: '3c1da1e342'
System info: os.name: 'Windows 11', os.arch: 'amd64', os.version: '10.0', java.version: '20'
Driver info: org.openqa.selenium.chrome.ChromeDriver
Capabilities {acceptInsecureCerts: false, browserName: chrome, browserVersion: 141.0.7390.123, chrome: {chromedriverVersion: 141.0.7390.122 (b477534e7e1..., userDataDir: C:\Users\DELL\AppData\Local...}, fedcm:accounts: true, goog:chromeOptions: {debuggerAddress: localhost:65253}, networkConnectionEnabled: false, pageLoadStrategy: normal, platformName: windows, proxy: Proxy(), se:cdp: ws://localhost:65253/devtoo..., se:cdpVersion: 141.0.7390.123, setWindowRect: true, strictFileInteractability: false, timeouts: {implicit: 0, pageLoad: 300000, script: 30000}, unhandledPromptBehavior: dismiss and notify, webauthn:extension:credBlob: true, webauthn:extension:largeBlob: true, webauthn:extension:minPinLength: true, webauthn:extension:prf: true, webauthn:virtualAuthenticators: true}
Session ID: 51446a3577283a3225425d4f2fe977d6
2025-11-02 14:54:14 [TestNG-test-OrangeHRMTest-3] ERROR BaseClass - error message
2025-11-02 14:54:14 [TestNG-test-OrangeHRMTest-3] FATAL BaseClass - fatal message
2025-11-02 14:54:14 [TestNG-test-OrangeHRMTest-4] ERROR BaseClass - error message
2025-11-02 14:54:14 [TestNG-test-OrangeHRMTest-4] FATAL BaseClass - fatal message
2025-11-02 14:54:17 [TestNG-test-OrangeHRMTest-1] ERROR BaseClass - error message
2025-11-02 14:54:17 [TestNG-test-OrangeHRMTest-1] FATAL BaseClass - fatal message
2025-11-02 14:54:17 [TestNG-test-OrangeHRMTest-2] ERROR BaseClass - error message
2025-11-02 14:54:17 [TestNG-test-OrangeHRMTest-2] FATAL BaseClass - fatal message
2025-11-02 14:54:48 [TestNG-test-OrangeHRMTest-1] ERROR ActionDriver - Element is not visible: Expected condition failed: waiting for visibility of element located by By.xpath: //p[contains(., "Invalid credentials")] (tried for 30 second(s) with 500 milliseconds interval)
Build info: version: '4.37.0', revision: '3c1da1e342'
System info: os.name: 'Windows 11', os.arch: 'amd64', os.version: '10.0', java.version: '20'
Driver info: org.openqa.selenium.chrome.ChromeDriver
Capabilities {acceptInsecureCerts: false, browserName: chrome, browserVersion: 141.0.7390.123, chrome: {chromedriverVersion: 141.0.7390.122 (b477534e7e1..., userDataDir: C:\Users\DELL\AppData\Local...}, fedcm:accounts: true, goog:chromeOptions: {debuggerAddress: localhost:59414}, networkConnectionEnabled: false, pageLoadStrategy: normal, platformName: windows, proxy: Proxy(), se:cdp: ws://localhost:59414/devtoo..., se:cdpVersion: 141.0.7390.123, setWindowRect: true, strictFileInteractability: false, timeouts: {implicit: 0, pageLoad: 300000, script: 30000}, unhandledPromptBehavior: dismiss and notify, webauthn:extension:credBlob: true, webauthn:extension:largeBlob: true, webauthn:extension:minPinLength: true, webauthn:extension:prf: true, webauthn:virtualAuthenticators: true}
Session ID: e04cb490bd6a945be38a1b53c9eafe5c
2025-11-02 14:54:48 [TestNG-test-OrangeHRMTest-1] ERROR ActionDriver - Unable to compare: Expected condition failed: waiting for visibility of element located by By.xpath: //p[contains(., "Invalid credentials")] (tried for 30 second(s) with 500 milliseconds interval)
Build info: version: '4.37.0', revision: '3c1da1e342'
System info: os.name: 'Windows 11', os.arch: 'amd64', os.version: '10.0', java.version: '20'
Driver info: org.openqa.selenium.chrome.ChromeDriver
Capabilities {acceptInsecureCerts: false, browserName: chrome, browserVersion: 141.0.7390.123, chrome: {chromedriverVersion: 141.0.7390.122 (b477534e7e1..., userDataDir: C:\Users\DELL\AppData\Local...}, fedcm:accounts: true, goog:chromeOptions: {debuggerAddress: localhost:59414}, networkConnectionEnabled: false, pageLoadStrategy: normal, platformName: windows, proxy: Proxy(), se:cdp: ws://localhost:59414/devtoo..., se:cdpVersion: 141.0.7390.123, setWindowRect: true, strictFileInteractability: false, timeouts: {implicit: 0, pageLoad: 300000, script: 30000}, unhandledPromptBehavior: dismiss and notify, webauthn:extension:credBlob: true, webauthn:extension:largeBlob: true, webauthn:extension:minPinLength: true, webauthn:extension:prf: true, webauthn:virtualAuthenticators: true}
Session ID: e04cb490bd6a945be38a1b53c9eafe5c
2025-11-02 15:02:20 [TestNG-test-OrangeHRMTest-3] ERROR BaseClass - error message
2025-11-02 15:02:20 [TestNG-test-OrangeHRMTest-3] FATAL BaseClass - fatal message
2025-11-02 15:02:20 [TestNG-test-OrangeHRMTest-4] ERROR BaseClass - error message
2025-11-02 15:02:20 [TestNG-test-OrangeHRMTest-4] FATAL BaseClass - fatal message
2025-11-02 15:02:20 [TestNG-test-OrangeHRMTest-1] ERROR BaseClass - error message
2025-11-02 15:02:20 [TestNG-test-OrangeHRMTest-1] FATAL BaseClass - fatal message
2025-11-02 15:02:21 [TestNG-test-OrangeHRMTest-2] ERROR BaseClass - error message
2025-11-02 15:02:21 [TestNG-test-OrangeHRMTest-2] FATAL BaseClass - fatal message
2025-11-02 15:02:52 [TestNG-test-OrangeHRMTest-1] ERROR ActionDriver - Element is not visible: Expected condition failed: waiting for visibility of element located by By.xpath: //p[contains(., "Invalid credentials")] (tried for 30 second(s) with 500 milliseconds interval)
Build info: version: '4.37.0', revision: '3c1da1e342'
System info: os.name: 'Windows 11', os.arch: 'amd64', os.version: '10.0', java.version: '20'
Driver info: org.openqa.selenium.chrome.ChromeDriver
Capabilities {acceptInsecureCerts: false, browserName: chrome, browserVersion: 141.0.7390.123, chrome: {chromedriverVersion: 141.0.7390.122 (b477534e7e1..., userDataDir: C:\Users\DELL\AppData\Local...}, fedcm:accounts: true, goog:chromeOptions: {debuggerAddress: localhost:57376}, networkConnectionEnabled: false, pageLoadStrategy: normal, platformName: windows, proxy: Proxy(), se:cdp: ws://localhost:57376/devtoo..., se:cdpVersion: 141.0.7390.123, setWindowRect: true, strictFileInteractability: false, timeouts: {implicit: 0, pageLoad: 300000, script: 30000}, unhandledPromptBehavior: dismiss and notify, webauthn:extension:credBlob: true, webauthn:extension:largeBlob: true, webauthn:extension:minPinLength: true, webauthn:extension:prf: true, webauthn:virtualAuthenticators: true}
Session ID: 85f99db130ec8cf631e010fda77c30e9
2025-11-02 15:02:52 [TestNG-test-OrangeHRMTest-1] ERROR ActionDriver - Unable to compare: Expected condition failed: waiting for visibility of element located by By.xpath: //p[contains(., "Invalid credentials")] (tried for 30 second(s) with 500 milliseconds interval)
Build info: version: '4.37.0', revision: '3c1da1e342'
System info: os.name: 'Windows 11', os.arch: 'amd64', os.version: '10.0', java.version: '20'
Driver info: org.openqa.selenium.chrome.ChromeDriver
Capabilities {acceptInsecureCerts: false, browserName: chrome, browserVersion: 141.0.7390.123, chrome: {chromedriverVersion: 141.0.7390.122 (b477534e7e1..., userDataDir: C:\Users\DELL\AppData\Local...}, fedcm:accounts: true, goog:chromeOptions: {debuggerAddress: localhost:57376}, networkConnectionEnabled: false, pageLoadStrategy: normal, platformName: windows, proxy: Proxy(), se:cdp: ws://localhost:57376/devtoo..., se:cdpVersion: 141.0.7390.123, setWindowRect: true, strictFileInteractability: false, timeouts: {implicit: 0, pageLoad: 300000, script: 30000}, unhandledPromptBehavior: dismiss and notify, webauthn:extension:credBlob: true, webauthn:extension:largeBlob: true, webauthn:extension:minPinLength: true, webauthn:extension:prf: true, webauthn:virtualAuthenticators: true}
Session ID: 85f99db130ec8cf631e010fda77c30e9
2025-11-02 15:08:11 [TestNG-test-OrangeHRMTest-1] ERROR BaseClass - error message
2025-11-02 15:08:11 [TestNG-test-OrangeHRMTest-1] FATAL BaseClass - fatal message
2025-11-02 15:08:11 [TestNG-test-OrangeHRMTest-4] ERROR BaseClass - error message
2025-11-02 15:08:11 [TestNG-test-OrangeHRMTest-4] FATAL BaseClass - fatal message
2025-11-02 15:08:15 [TestNG-test-OrangeHRMTest-2] ERROR BaseClass - error message
2025-11-02 15:08:15 [TestNG-test-OrangeHRMTest-2] FATAL BaseClass - fatal message
2025-11-02 15:08:15 [TestNG-test-OrangeHRMTest-3] ERROR BaseClass - error message
2025-11-02 15:08:15 [TestNG-test-OrangeHRMTest-3] FATAL BaseClass - fatal message
2025-11-02 15:08:45 [TestNG-test-OrangeHRMTest-1] ERROR ActionDriver - Element is not visible: Expected condition failed: waiting for visibility of element located by By.xpath: //p[contains(., "Invalid credentials")] (tried for 30 second(s) with 500 milliseconds interval)
Build info: version: '4.37.0', revision: '3c1da1e342'
System info: os.name: 'Windows 11', os.arch: 'amd64', os.version: '10.0', java.version: '20'
Driver info: org.openqa.selenium.chrome.ChromeDriver
Capabilities {acceptInsecureCerts: false, browserName: chrome, browserVersion: 141.0.7390.123, chrome: {chromedriverVersion: 141.0.7390.122 (b477534e7e1..., userDataDir: C:\Users\DELL\AppData\Local...}, fedcm:accounts: true, goog:chromeOptions: {debuggerAddress: localhost:59061}, networkConnectionEnabled: false, pageLoadStrategy: normal, platformName: windows, proxy: Proxy(), se:cdp: ws://localhost:59061/devtoo..., se:cdpVersion: 141.0.7390.123, setWindowRect: true, strictFileInteractability: false, timeouts: {implicit: 0, pageLoad: 300000, script: 30000}, unhandledPromptBehavior: dismiss and notify, webauthn:extension:credBlob: true, webauthn:extension:largeBlob: true, webauthn:extension:minPinLength: true, webauthn:extension:prf: true, webauthn:virtualAuthenticators: true}
Session ID: d6b508803dfb1380fc468f4b38c55b29
2025-11-02 15:08:45 [TestNG-test-OrangeHRMTest-1] ERROR ActionDriver - Unable to compare: Expected condition failed: waiting for visibility of element located by By.xpath: //p[contains(., "Invalid credentials")] (tried for 30 second(s) with 500 milliseconds interval)
Build info: version: '4.37.0', revision: '3c1da1e342'
System info: os.name: 'Windows 11', os.arch: 'amd64', os.version: '10.0', java.version: '20'
Driver info: org.openqa.selenium.chrome.ChromeDriver
Capabilities {acceptInsecureCerts: false, browserName: chrome, browserVersion: 141.0.7390.123, chrome: {chromedriverVersion: 141.0.7390.122 (b477534e7e1..., userDataDir: C:\Users\DELL\AppData\Local...}, fedcm:accounts: true, goog:chromeOptions: {debuggerAddress: localhost:59061}, networkConnectionEnabled: false, pageLoadStrategy: normal, platformName: windows, proxy: Proxy(), se:cdp: ws://localhost:59061/devtoo..., se:cdpVersion: 141.0.7390.123, setWindowRect: true, strictFileInteractability: false, timeouts: {implicit: 0, pageLoad: 300000, script: 30000}, unhandledPromptBehavior: dismiss and notify, webauthn:extension:credBlob: true, webauthn:extension:largeBlob: true, webauthn:extension:minPinLength: true, webauthn:extension:prf: true, webauthn:virtualAuthenticators: true}
Session ID: d6b508803dfb1380fc468f4b38c55b29
2025-11-02 15:17:51 [TestNG-test-OrangeHRMTest-4] ERROR BaseClass - error message
2025-11-02 15:17:51 [TestNG-test-OrangeHRMTest-4] FATAL BaseClass - fatal message
2025-11-02 15:17:51 [TestNG-test-OrangeHRMTest-1] ERROR BaseClass - error message
2025-11-02 15:17:51 [TestNG-test-OrangeHRMTest-1] FATAL BaseClass - fatal message
2025-11-02 15:17:51 [TestNG-test-OrangeHRMTest-2] ERROR BaseClass - error message
2025-11-02 15:17:51 [TestNG-test-OrangeHRMTest-2] FATAL BaseClass - fatal message
2025-11-02 15:17:51 [TestNG-test-OrangeHRMTest-3] ERROR BaseClass - error message
2025-11-02 15:17:51 [TestNG-test-OrangeHRMTest-3] FATAL BaseClass - fatal message
2025-11-02 15:18:22 [TestNG-test-OrangeHRMTest-1] ERROR ActionDriver - Element is not visible: Expected condition failed: waiting for visibility of element located by By.xpath: //p[contains(., "Invalid credentials")] (tried for 30 second(s) with 500 milliseconds interval)
Build info: version: '4.37.0', revision: '3c1da1e342'
System info: os.name: 'Windows 11', os.arch: 'amd64', os.version: '10.0', java.version: '20'
Driver info: org.openqa.selenium.chrome.ChromeDriver
Capabilities {acceptInsecureCerts: false, browserName: chrome, browserVersion: 141.0.7390.123, chrome: {chromedriverVersion: 141.0.7390.122 (b477534e7e1..., userDataDir: C:\Users\DELL\AppData\Local...}, fedcm:accounts: true, goog:chromeOptions: {debuggerAddress: localhost:63134}, networkConnectionEnabled: false, pageLoadStrategy: normal, platformName: windows, proxy: Proxy(), se:cdp: ws://localhost:63134/devtoo..., se:cdpVersion: 141.0.7390.123, setWindowRect: true, strictFileInteractability: false, timeouts: {implicit: 0, pageLoad: 300000, script: 30000}, unhandledPromptBehavior: dismiss and notify, webauthn:extension:credBlob: true, webauthn:extension:largeBlob: true, webauthn:extension:minPinLength: true, webauthn:extension:prf: true, webauthn:virtualAuthenticators: true}
Session ID: 6b567f6b3200bb0116bc7ed5a6a2d7c8
2025-11-02 15:18:23 [TestNG-test-OrangeHRMTest-1] ERROR ActionDriver - Unable to compare: Expected condition failed: waiting for visibility of element located by By.xpath: //p[contains(., "Invalid credentials")] (tried for 30 second(s) with 500 milliseconds interval)
Build info: version: '4.37.0', revision: '3c1da1e342'
System info: os.name: 'Windows 11', os.arch: 'amd64', os.version: '10.0', java.version: '20'
Driver info: org.openqa.selenium.chrome.ChromeDriver
Capabilities {acceptInsecureCerts: false, browserName: chrome, browserVersion: 141.0.7390.123, chrome: {chromedriverVersion: 141.0.7390.122 (b477534e7e1..., userDataDir: C:\Users\DELL\AppData\Local...}, fedcm:accounts: true, goog:chromeOptions: {debuggerAddress: localhost:63134}, networkConnectionEnabled: false, pageLoadStrategy: normal, platformName: windows, proxy: Proxy(), se:cdp: ws://localhost:63134/devtoo..., se:cdpVersion: 141.0.7390.123, setWindowRect: true, strictFileInteractability: false, timeouts: {implicit: 0, pageLoad: 300000, script: 30000}, unhandledPromptBehavior: dismiss and notify, webauthn:extension:credBlob: true, webauthn:extension:largeBlob: true, webauthn:extension:minPinLength: true, webauthn:extension:prf: true, webauthn:virtualAuthenticators: true}
Session ID: 6b567f6b3200bb0116bc7ed5a6a2d7c8
2025-11-02 15:22:19 [TestNG-test-OrangeHRMTest-3] ERROR BaseClass - error message
2025-11-02 15:22:19 [TestNG-test-OrangeHRMTest-3] FATAL BaseClass - fatal message
2025-11-02 15:22:19 [TestNG-test-OrangeHRMTest-1] ERROR BaseClass - error message
2025-11-02 15:22:19 [TestNG-test-OrangeHRMTest-1] FATAL BaseClass - fatal message
2025-11-02 15:22:19 [TestNG-test-OrangeHRMTest-2] ERROR BaseClass - error message
2025-11-02 15:22:19 [TestNG-test-OrangeHRMTest-2] FATAL BaseClass - fatal message
2025-11-02 15:22:21 [TestNG-test-OrangeHRMTest-4] ERROR BaseClass - error message
2025-11-02 15:22:21 [TestNG-test-OrangeHRMTest-4] FATAL BaseClass - fatal message
2025-11-02 15:22:50 [TestNG-test-OrangeHRMTest-1] ERROR ActionDriver - Element is not visible: Expected condition failed: waiting for visibility of element located by By.xpath: //p[contains(., "Invalid credentials")] (tried for 30 second(s) with 500 milliseconds interval)
Build info: version: '4.37.0', revision: '3c1da1e342'
System info: os.name: 'Windows 11', os.arch: 'amd64', os.version: '10.0', java.version: '20'
Driver info: org.openqa.selenium.chrome.ChromeDriver
Capabilities {acceptInsecureCerts: false, browserName: chrome, browserVersion: 141.0.7390.123, chrome: {chromedriverVersion: 141.0.7390.122 (b477534e7e1..., userDataDir: C:\Users\DELL\AppData\Local...}, fedcm:accounts: true, goog:chromeOptions: {debuggerAddress: localhost:61057}, networkConnectionEnabled: false, pageLoadStrategy: normal, platformName: windows, proxy: Proxy(), se:cdp: ws://localhost:61057/devtoo..., se:cdpVersion: 141.0.7390.123, setWindowRect: true, strictFileInteractability: false, timeouts: {implicit: 0, pageLoad: 300000, script: 30000}, unhandledPromptBehavior: dismiss and notify, webauthn:extension:credBlob: true, webauthn:extension:largeBlob: true, webauthn:extension:minPinLength: true, webauthn:extension:prf: true, webauthn:virtualAuthenticators: true}
Session ID: 1256b2d97aa674a6f3210f3908b15ba7
2025-11-02 15:22:51 [TestNG-test-OrangeHRMTest-1] ERROR ActionDriver - Unable to compare: Expected condition failed: waiting for visibility of element located by By.xpath: //p[contains(., "Invalid credentials")] (tried for 30 second(s) with 500 milliseconds interval)
Build info: version: '4.37.0', revision: '3c1da1e342'
System info: os.name: 'Windows 11', os.arch: 'amd64', os.version: '10.0', java.version: '20'
Driver info: org.openqa.selenium.chrome.ChromeDriver
Capabilities {acceptInsecureCerts: false, browserName: chrome, browserVersion: 141.0.7390.123, chrome: {chromedriverVersion: 141.0.7390.122 (b477534e7e1..., userDataDir: C:\Users\DELL\AppData\Local...}, fedcm:accounts: true, goog:chromeOptions: {debuggerAddress: localhost:61057}, networkConnectionEnabled: false, pageLoadStrategy: normal, platformName: windows, proxy: Proxy(), se:cdp: ws://localhost:61057/devtoo..., se:cdpVersion: 141.0.7390.123, setWindowRect: true, strictFileInteractability: false, timeouts: {implicit: 0, pageLoad: 300000, script: 30000}, unhandledPromptBehavior: dismiss and notify, webauthn:extension:credBlob: true, webauthn:extension:largeBlob: true, webauthn:extension:minPinLength: true, webauthn:extension:prf: true, webauthn:virtualAuthenticators: true}
Session ID: 1256b2d97aa674a6f3210f3908b15ba7
2025-11-02 15:26:34 [TestNG-test-OrangeHRMTest-1] ERROR BaseClass - error message
2025-11-02 15:26:34 [TestNG-test-OrangeHRMTest-1] FATAL BaseClass - fatal message
2025-11-02 15:26:34 [TestNG-test-OrangeHRMTest-4] ERROR BaseClass - error message
2025-11-02 15:26:34 [TestNG-test-OrangeHRMTest-4] FATAL BaseClass - fatal message
2025-11-02 15:26:34 [TestNG-test-OrangeHRMTest-2] ERROR BaseClass - error message
2025-11-02 15:26:34 [TestNG-test-OrangeHRMTest-2] FATAL BaseClass - fatal message
2025-11-02 15:26:39 [TestNG-test-OrangeHRMTest-3] ERROR BaseClass - error message
2025-11-02 15:26:39 [TestNG-test-OrangeHRMTest-3] FATAL BaseClass - fatal message
2025-11-02 15:26:44 [TestNG-test-OrangeHRMTest-2] ERROR BaseClass - error message
2025-11-02 15:26:44 [TestNG-test-OrangeHRMTest-2] FATAL BaseClass - fatal message
2025-11-02 15:26:45 [TestNG-test-OrangeHRMTest-4] ERROR BaseClass - error message
2025-11-02 15:26:45 [TestNG-test-OrangeHRMTest-4] FATAL BaseClass - fatal message
2025-11-02 15:26:45 [TestNG-test-OrangeHRMTest-1] ERROR BaseClass - error message
2025-11-02 15:26:45 [TestNG-test-OrangeHRMTest-1] FATAL BaseClass - fatal message
2025-11-02 15:26:45 [TestNG-test-OrangeHRMTest-3] ERROR BaseClass - error message
2025-11-02 15:26:45 [TestNG-test-OrangeHRMTest-3] FATAL BaseClass - fatal message
2025-11-02 15:27:08 [TestNG-test-OrangeHRMTest-1] ERROR ActionDriver - Element is not visible: Expected condition failed: waiting for visibility of element located by By.xpath: //p[contains(., "Invalid credentials")] (tried for 30 second(s) with 500 milliseconds interval)
Build info: version: '4.37.0', revision: '3c1da1e342'
System info: os.name: 'Windows 11', os.arch: 'amd64', os.version: '10.0', java.version: '20'
Driver info: org.openqa.selenium.chrome.ChromeDriver
Capabilities {acceptInsecureCerts: false, browserName: chrome, browserVersion: 141.0.7390.123, chrome: {chromedriverVersion: 141.0.7390.122 (b477534e7e1..., userDataDir: C:\Users\DELL\AppData\Local...}, fedcm:accounts: true, goog:chromeOptions: {debuggerAddress: localhost:57842}, networkConnectionEnabled: false, pageLoadStrategy: normal, platformName: windows, proxy: Proxy(), se:cdp: ws://localhost:57842/devtoo..., se:cdpVersion: 141.0.7390.123, setWindowRect: true, strictFileInteractability: false, timeouts: {implicit: 0, pageLoad: 300000, script: 30000}, unhandledPromptBehavior: dismiss and notify, webauthn:extension:credBlob: true, webauthn:extension:largeBlob: true, webauthn:extension:minPinLength: true, webauthn:extension:prf: true, webauthn:virtualAuthenticators: true}
Session ID: 7d880dea5f2ba206f0dad0b0e920911a
2025-11-02 15:27:08 [TestNG-test-OrangeHRMTest-1] ERROR ActionDriver - Unable to compare: Expected condition failed: waiting for visibility of element located by By.xpath: //p[contains(., "Invalid credentials")] (tried for 30 second(s) with 500 milliseconds interval)
Build info: version: '4.37.0', revision: '3c1da1e342'
System info: os.name: 'Windows 11', os.arch: 'amd64', os.version: '10.0', java.version: '20'
Driver info: org.openqa.selenium.chrome.ChromeDriver
Capabilities {acceptInsecureCerts: false, browserName: chrome, browserVersion: 141.0.7390.123, chrome: {chromedriverVersion: 141.0.7390.122 (b477534e7e1..., userDataDir: C:\Users\DELL\AppData\Local...}, fedcm:accounts: true, goog:chromeOptions: {debuggerAddress: localhost:57842}, networkConnectionEnabled: false, pageLoadStrategy: normal, platformName: windows, proxy: Proxy(), se:cdp: ws://localhost:57842/devtoo..., se:cdpVersion: 141.0.7390.123, setWindowRect: true, strictFileInteractability: false, timeouts: {implicit: 0, pageLoad: 300000, script: 30000}, unhandledPromptBehavior: dismiss and notify, webauthn:extension:credBlob: true, webauthn:extension:largeBlob: true, webauthn:extension:minPinLength: true, webauthn:extension:prf: true, webauthn:virtualAuthenticators: true}
Session ID: 7d880dea5f2ba206f0dad0b0e920911a
2025-11-02 15:27:16 [TestNG-test-OrangeHRMTest-1] ERROR ActionDriver - Element is not visible: Expected condition failed: waiting for visibility of element located by By.xpath: //p[contains(., "Invalid credentials")] (tried for 30 second(s) with 500 milliseconds interval)
Build info: version: '4.37.0', revision: '3c1da1e342'
System info: os.name: 'Windows 11', os.arch: 'amd64', os.version: '10.0', java.version: '20'
Driver info: org.openqa.selenium.chrome.ChromeDriver
Capabilities {acceptInsecureCerts: false, browserName: chrome, browserVersion: 141.0.7390.123, chrome: {chromedriverVersion: 141.0.7390.122 (b477534e7e1..., userDataDir: C:\Users\DELL\AppData\Local...}, fedcm:accounts: true, goog:chromeOptions: {debuggerAddress: localhost:64646}, networkConnectionEnabled: false, pageLoadStrategy: normal, platformName: windows, proxy: Proxy(), se:cdp: ws://localhost:64646/devtoo..., se:cdpVersion: 141.0.7390.123, setWindowRect: true, strictFileInteractability: false, timeouts: {implicit: 0, pageLoad: 300000, script: 30000}, unhandledPromptBehavior: dismiss and notify, webauthn:extension:credBlob: true, webauthn:extension:largeBlob: true, webauthn:extension:minPinLength: true, webauthn:extension:prf: true, webauthn:virtualAuthenticators: true}
Session ID: 2133702c50f78b4fe980275a2131864f
2025-11-02 15:27:16 [TestNG-test-OrangeHRMTest-1] ERROR ActionDriver - Unable to compare: Expected condition failed: waiting for visibility of element located by By.xpath: //p[contains(., "Invalid credentials")] (tried for 30 second(s) with 500 milliseconds interval)
Build info: version: '4.37.0', revision: '3c1da1e342'
System info: os.name: 'Windows 11', os.arch: 'amd64', os.version: '10.0', java.version: '20'
Driver info: org.openqa.selenium.chrome.ChromeDriver
Capabilities {acceptInsecureCerts: false, browserName: chrome, browserVersion: 141.0.7390.123, chrome: {chromedriverVersion: 141.0.7390.122 (b477534e7e1..., userDataDir: C:\Users\DELL\AppData\Local...}, fedcm:accounts: true, goog:chromeOptions: {debuggerAddress: localhost:64646}, networkConnectionEnabled: false, pageLoadStrategy: normal, platformName: windows, proxy: Proxy(), se:cdp: ws://localhost:64646/devtoo..., se:cdpVersion: 141.0.7390.123, setWindowRect: true, strictFileInteractability: false, timeouts: {implicit: 0, pageLoad: 300000, script: 30000}, unhandledPromptBehavior: dismiss and notify, webauthn:extension:credBlob: true, webauthn:extension:largeBlob: true, webauthn:extension:minPinLength: true, webauthn:extension:prf: true, webauthn:virtualAuthenticators: true}
Session ID: 2133702c50f78b4fe980275a2131864f
2025-11-02 15:44:20 [TestNG-test-OrangeHRMTest-4] ERROR BaseClass - error message
2025-11-02 15:44:20 [TestNG-test-OrangeHRMTest-4] FATAL BaseClass - fatal message
2025-11-02 15:44:21 [TestNG-test-OrangeHRMTest-3] ERROR BaseClass - error message
2025-11-02 15:44:21 [TestNG-test-OrangeHRMTest-3] FATAL BaseClass - fatal message
2025-11-02 15:44:21 [TestNG-test-OrangeHRMTest-2] ERROR BaseClass - error message
2025-11-02 15:44:21 [TestNG-test-OrangeHRMTest-2] FATAL BaseClass - fatal message
2025-11-02 15:44:21 [TestNG-test-OrangeHRMTest-1] ERROR BaseClass - error message
2025-11-02 15:44:21 [TestNG-test-OrangeHRMTest-1] FATAL BaseClass - fatal message
2025-11-02 15:44:52 [TestNG-test-OrangeHRMTest-1] ERROR ActionDriver - Element is not visible: Expected condition failed: waiting for visibility of element located by By.xpath: //p[contains(., "Invalid credentials")] (tried for 30 second(s) with 500 milliseconds interval)
Build info: version: '4.37.0', revision: '3c1da1e342'
System info: os.name: 'Windows 11', os.arch: 'amd64', os.version: '10.0', java.version: '20'
Driver info: org.openqa.selenium.chrome.ChromeDriver
Capabilities {acceptInsecureCerts: false, browserName: chrome, browserVersion: 141.0.7390.123, chrome: {chromedriverVersion: 141.0.7390.122 (b477534e7e1..., userDataDir: C:\Users\DELL\AppData\Local...}, fedcm:accounts: true, goog:chromeOptions: {debuggerAddress: localhost:62957}, networkConnectionEnabled: false, pageLoadStrategy: normal, platformName: windows, proxy: Proxy(), se:cdp: ws://localhost:62957/devtoo..., se:cdpVersion: 141.0.7390.123, setWindowRect: true, strictFileInteractability: false, timeouts: {implicit: 0, pageLoad: 300000, script: 30000}, unhandledPromptBehavior: dismiss and notify, webauthn:extension:credBlob: true, webauthn:extension:largeBlob: true, webauthn:extension:minPinLength: true, webauthn:extension:prf: true, webauthn:virtualAuthenticators: true}
Session ID: c32ed5ca55fb1c0e43134fc16e357d31
2025-11-02 15:44:53 [TestNG-test-OrangeHRMTest-1] ERROR ActionDriver - Unable to compare: Expected condition failed: waiting for visibility of element located by By.xpath: //p[contains(., "Invalid credentials")] (tried for 30 second(s) with 500 milliseconds interval)
Build info: version: '4.37.0', revision: '3c1da1e342'
System info: os.name: 'Windows 11', os.arch: 'amd64', os.version: '10.0', java.version: '20'
Driver info: org.openqa.selenium.chrome.ChromeDriver
Capabilities {acceptInsecureCerts: false, browserName: chrome, browserVersion: 141.0.7390.123, chrome: {chromedriverVersion: 141.0.7390.122 (b477534e7e1..., userDataDir: C:\Users\DELL\AppData\Local...}, fedcm:accounts: true, goog:chromeOptions: {debuggerAddress: localhost:62957}, networkConnectionEnabled: false, pageLoadStrategy: normal, platformName: windows, proxy: Proxy(), se:cdp: ws://localhost:62957/devtoo..., se:cdpVersion: 141.0.7390.123, setWindowRect: true, strictFileInteractability: false, timeouts: {implicit: 0, pageLoad: 300000, script: 30000}, unhandledPromptBehavior: dismiss and notify, webauthn:extension:credBlob: true, webauthn:extension:largeBlob: true, webauthn:extension:minPinLength: true, webauthn:extension:prf: true, webauthn:virtualAuthenticators: true}
Session ID: c32ed5ca55fb1c0e43134fc16e357d31
2025-11-02 15:53:45 [TestNG-test-OrangeHRMTest-4] ERROR BaseClass - error message
2025-11-02 15:53:45 [TestNG-test-OrangeHRMTest-4] FATAL BaseClass - fatal message
2025-11-02 15:53:49 [TestNG-test-OrangeHRMTest-1] ERROR BaseClass - error message
2025-11-02 15:53:49 [TestNG-test-OrangeHRMTest-1] FATAL BaseClass - fatal message
2025-11-02 15:53:49 [TestNG-test-OrangeHRMTest-2] ERROR BaseClass - error message
2025-11-02 15:53:49 [TestNG-test-OrangeHRMTest-2] FATAL BaseClass - fatal message
2025-11-02 15:53:50 [TestNG-test-OrangeHRMTest-3] ERROR BaseClass - error message
2025-11-02 15:53:50 [TestNG-test-OrangeHRMTest-3] FATAL BaseClass - fatal message
2025-11-02 15:54:26 [TestNG-test-OrangeHRMTest-1] ERROR ActionDriver - Element is not visible: Expected condition failed: waiting for visibility of element located by By.xpath: //p[contains(., "Invalid credentials")] (tried for 30 second(s) with 500 milliseconds interval)
Build info: version: '4.37.0', revision: '3c1da1e342'
System info: os.name: 'Windows 11', os.arch: 'amd64', os.version: '10.0', java.version: '20'
Driver info: org.openqa.selenium.chrome.ChromeDriver
Capabilities {acceptInsecureCerts: false, browserName: chrome, browserVersion: 141.0.7390.123, chrome: {chromedriverVersion: 141.0.7390.122 (b477534e7e1..., userDataDir: C:\Users\DELL\AppData\Local...}, fedcm:accounts: true, goog:chromeOptions: {debuggerAddress: localhost:59230}, networkConnectionEnabled: false, pageLoadStrategy: normal, platformName: windows, proxy: Proxy(), se:cdp: ws://localhost:59230/devtoo..., se:cdpVersion: 141.0.7390.123, setWindowRect: true, strictFileInteractability: false, timeouts: {implicit: 0, pageLoad: 300000, script: 30000}, unhandledPromptBehavior: dismiss and notify, webauthn:extension:credBlob: true, webauthn:extension:largeBlob: true, webauthn:extension:minPinLength: true, webauthn:extension:prf: true, webauthn:virtualAuthenticators: true}
Session ID: 4e76bbe6a713bb30b05f00c8c47395b6
2025-11-02 15:54:26 [TestNG-test-OrangeHRMTest-1] ERROR ActionDriver - Unable to compare: Expected condition failed: waiting for visibility of element located by By.xpath: //p[contains(., "Invalid credentials")] (tried for 30 second(s) with 500 milliseconds interval)
Build info: version: '4.37.0', revision: '3c1da1e342'
System info: os.name: 'Windows 11', os.arch: 'amd64', os.version: '10.0', java.version: '20'
Driver info: org.openqa.selenium.chrome.ChromeDriver
Capabilities {acceptInsecureCerts: false, browserName: chrome, browserVersion: 141.0.7390.123, chrome: {chromedriverVersion: 141.0.7390.122 (b477534e7e1..., userDataDir: C:\Users\DELL\AppData\Local...}, fedcm:accounts: true, goog:chromeOptions: {debuggerAddress: localhost:59230}, networkConnectionEnabled: false, pageLoadStrategy: normal, platformName: windows, proxy: Proxy(), se:cdp: ws://localhost:59230/devtoo..., se:cdpVersion: 141.0.7390.123, setWindowRect: true, strictFileInteractability: false, timeouts: {implicit: 0, pageLoad: 300000, script: 30000}, unhandledPromptBehavior: dismiss and notify, webauthn:extension:credBlob: true, webauthn:extension:largeBlob: true, webauthn:extension:minPinLength: true, webauthn:extension:prf: true, webauthn:virtualAuthenticators: true}
Session ID: 4e76bbe6a713bb30b05f00c8c47395b6
2025-11-02 15:59:26 [TestNG-test-OrangeHRMTest-2] ERROR BaseClass - error message
2025-11-02 15:59:26 [TestNG-test-OrangeHRMTest-2] FATAL BaseClass - fatal message
2025-11-02 15:59:26 [TestNG-test-OrangeHRMTest-4] ERROR BaseClass - error message
2025-11-02 15:59:26 [TestNG-test-OrangeHRMTest-4] FATAL BaseClass - fatal message
2025-11-02 15:59:29 [TestNG-test-OrangeHRMTest-1] ERROR BaseClass - error message
2025-11-02 15:59:29 [TestNG-test-OrangeHRMTest-1] FATAL BaseClass - fatal message
2025-11-02 15:59:29 [TestNG-test-OrangeHRMTest-3] ERROR BaseClass - error message
2025-11-02 15:59:29 [TestNG-test-OrangeHRMTest-3] FATAL BaseClass - fatal message
2025-11-02 16:00:01 [TestNG-test-OrangeHRMTest-1] ERROR ActionDriver - Element is not visible: Expected condition failed: waiting for visibility of element located by By.xpath: //p[contains(., "Invalid credentials")] (tried for 30 second(s) with 500 milliseconds interval)
Build info: version: '4.37.0', revision: '3c1da1e342'
System info: os.name: 'Windows 11', os.arch: 'amd64', os.version: '10.0', java.version: '20'
Driver info: org.openqa.selenium.chrome.ChromeDriver
Capabilities {acceptInsecureCerts: false, browserName: chrome, browserVersion: 141.0.7390.123, chrome: {chromedriverVersion: 141.0.7390.122 (b477534e7e1..., userDataDir: C:\Users\DELL\AppData\Local...}, fedcm:accounts: true, goog:chromeOptions: {debuggerAddress: localhost:52230}, networkConnectionEnabled: false, pageLoadStrategy: normal, platformName: windows, proxy: Proxy(), se:cdp: ws://localhost:52230/devtoo..., se:cdpVersion: 141.0.7390.123, setWindowRect: true, strictFileInteractability: false, timeouts: {implicit: 0, pageLoad: 300000, script: 30000}, unhandledPromptBehavior: dismiss and notify, webauthn:extension:credBlob: true, webauthn:extension:largeBlob: true, webauthn:extension:minPinLength: true, webauthn:extension:prf: true, webauthn:virtualAuthenticators: true}
Session ID: 0322f94cc421afdbca813e0fa66397eb
2025-11-02 16:00:01 [TestNG-test-OrangeHRMTest-1] ERROR ActionDriver - Unable to compare: Expected condition failed: waiting for visibility of element located by By.xpath: //p[contains(., "Invalid credentials")] (tried for 30 second(s) with 500 milliseconds interval)
Build info: version: '4.37.0', revision: '3c1da1e342'
System info: os.name: 'Windows 11', os.arch: 'amd64', os.version: '10.0', java.version: '20'
Driver info: org.openqa.selenium.chrome.ChromeDriver
Capabilities {acceptInsecureCerts: false, browserName: chrome, browserVersion: 141.0.7390.123, chrome: {chromedriverVersion: 141.0.7390.122 (b477534e7e1..., userDataDir: C:\Users\DELL\AppData\Local...}, fedcm:accounts: true, goog:chromeOptions: {debuggerAddress: localhost:52230}, networkConnectionEnabled: false, pageLoadStrategy: normal, platformName: windows, proxy: Proxy(), se:cdp: ws://localhost:52230/devtoo..., se:cdpVersion: 141.0.7390.123, setWindowRect: true, strictFileInteractability: false, timeouts: {implicit: 0, pageLoad: 300000, script: 30000}, unhandledPromptBehavior: dismiss and notify, webauthn:extension:credBlob: true, webauthn:extension:largeBlob: true, webauthn:extension:minPinLength: true, webauthn:extension:prf: true, webauthn:virtualAuthenticators: true}
Session ID: 0322f94cc421afdbca813e0fa66397eb
2025-11-02 16:06:30 [TestNG-test-OrangeHRMTest-4] ERROR BaseClass - error message
2025-11-02 16:06:30 [TestNG-test-OrangeHRMTest-4] FATAL BaseClass - fatal message
2025-11-02 16:06:30 [TestNG-test-OrangeHRMTest-3] ERROR BaseClass - error message
2025-11-02 16:06:30 [TestNG-test-OrangeHRMTest-3] FATAL BaseClass - fatal message
2025-11-02 16:06:32 [TestNG-test-OrangeHRMTest-1] ERROR BaseClass - error message
2025-11-02 16:06:32 [TestNG-test-OrangeHRMTest-1] FATAL BaseClass - fatal message
2025-11-02 16:06:32 [TestNG-test-OrangeHRMTest-2] ERROR BaseClass - error message
2025-11-02 16:06:32 [TestNG-test-OrangeHRMTest-2] FATAL BaseClass - fatal message
2025-11-02 16:07:03 [TestNG-test-OrangeHRMTest-1] ERROR ActionDriver - Element is not visible: Expected condition failed: waiting for visibility of element located by By.xpath: //p[contains(., "Invalid credentials")] (tried for 30 second(s) with 500 milliseconds interval)
Build info: version: '4.37.0', revision: '3c1da1e342'
System info: os.name: 'Windows 11', os.arch: 'amd64', os.version: '10.0', java.version: '20'
Driver info: org.openqa.selenium.chrome.ChromeDriver
Capabilities {acceptInsecureCerts: false, browserName: chrome, browserVersion: 141.0.7390.123, chrome: {chromedriverVersion: 141.0.7390.122 (b477534e7e1..., userDataDir: C:\Users\DELL\AppData\Local...}, fedcm:accounts: true, goog:chromeOptions: {debuggerAddress: localhost:64747}, networkConnectionEnabled: false, pageLoadStrategy: normal, platformName: windows, proxy: Proxy(), se:cdp: ws://localhost:64747/devtoo..., se:cdpVersion: 141.0.7390.123, setWindowRect: true, strictFileInteractability: false, timeouts: {implicit: 0, pageLoad: 300000, script: 30000}, unhandledPromptBehavior: dismiss and notify, webauthn:extension:credBlob: true, webauthn:extension:largeBlob: true, webauthn:extension:minPinLength: true, webauthn:extension:prf: true, webauthn:virtualAuthenticators: true}
Session ID: e665c4ebe2055b92a7403cd5dbb79a25
2025-11-02 16:07:03 [TestNG-test-OrangeHRMTest-1] ERROR ActionDriver - Unable to compare: Expected condition failed: waiting for visibility of element located by By.xpath: //p[contains(., "Invalid credentials")] (tried for 30 second(s) with 500 milliseconds interval)
Build info: version: '4.37.0', revision: '3c1da1e342'
System info: os.name: 'Windows 11', os.arch: 'amd64', os.version: '10.0', java.version: '20'
Driver info: org.openqa.selenium.chrome.ChromeDriver
Capabilities {acceptInsecureCerts: false, browserName: chrome, browserVersion: 141.0.7390.123, chrome: {chromedriverVersion: 141.0.7390.122 (b477534e7e1..., userDataDir: C:\Users\DELL\AppData\Local...}, fedcm:accounts: true, goog:chromeOptions: {debuggerAddress: localhost:64747}, networkConnectionEnabled: false, pageLoadStrategy: normal, platformName: windows, proxy: Proxy(), se:cdp: ws://localhost:64747/devtoo..., se:cdpVersion: 141.0.7390.123, setWindowRect: true, strictFileInteractability: false, timeouts: {implicit: 0, pageLoad: 300000, script: 30000}, unhandledPromptBehavior: dismiss and notify, webauthn:extension:credBlob: true, webauthn:extension:largeBlob: true, webauthn:extension:minPinLength: true, webauthn:extension:prf: true, webauthn:virtualAuthenticators: true}
Session ID: e665c4ebe2055b92a7403cd5dbb79a25
2025-11-02 16:07:07 [TestNG-test-OrangeHRMTest-4] ERROR ActionDriver - Element is not visible: Expected condition failed: waiting for visibility of element located by By.xpath: //input[@name='username'] (tried for 30 second(s) with 500 milliseconds interval)
Build info: version: '4.37.0', revision: '3c1da1e342'
System info: os.name: 'Windows 11', os.arch: 'amd64', os.version: '10.0', java.version: '20'
Driver info: org.openqa.selenium.chrome.ChromeDriver
Capabilities {acceptInsecureCerts: false, browserName: chrome, browserVersion: 141.0.7390.123, chrome: {chromedriverVersion: 141.0.7390.122 (b477534e7e1..., userDataDir: C:\Users\DELL\AppData\Local...}, fedcm:accounts: true, goog:chromeOptions: {debuggerAddress: localhost:64748}, networkConnectionEnabled: false, pageLoadStrategy: normal, platformName: windows, proxy: Proxy(), se:cdp: ws://localhost:64748/devtoo..., se:cdpVersion: 141.0.7390.123, setWindowRect: true, strictFileInteractability: false, timeouts: {implicit: 0, pageLoad: 300000, script: 30000}, unhandledPromptBehavior: dismiss and notify, webauthn:extension:credBlob: true, webauthn:extension:largeBlob: true, webauthn:extension:minPinLength: true, webauthn:extension:prf: true, webauthn:virtualAuthenticators: true}
Session ID: 603df60ee75441d13b1e261da563fc1a
2025-11-02 16:07:27 [TestNG-test-OrangeHRMTest-4] ERROR ActionDriver - Unable to describe the element: no such element: Unable to locate element: {"method":"xpath","selector":"//input[@name='username']"}
  (Session info: chrome=141.0.7390.123)
For documentation on this error, please visit: https://www.selenium.dev/documentation/webdriver/troubleshooting/errors#nosuchelementexception
Build info: version: '4.37.0', revision: '3c1da1e342'
System info: os.name: 'Windows 11', os.arch: 'amd64', os.version: '10.0', java.version: '20'
Driver info: org.openqa.selenium.chrome.ChromeDriver
Command: [603df60ee75441d13b1e261da563fc1a, findElement {value=//input[@name='username'], using=xpath}]
Capabilities {acceptInsecureCerts: false, browserName: chrome, browserVersion: 141.0.7390.123, chrome: {chromedriverVersion: 141.0.7390.122 (b477534e7e1..., userDataDir: C:\Users\DELL\AppData\Local...}, fedcm:accounts: true, goog:chromeOptions: {debuggerAddress: localhost:64748}, networkConnectionEnabled: false, pageLoadStrategy: normal, platformName: windows, proxy: Proxy(), se:cdp: ws://localhost:64748/devtoo..., se:cdpVersion: 141.0.7390.123, setWindowRect: true, strictFileInteractability: false, timeouts: {implicit: 0, pageLoad: 300000, script: 30000}, unhandledPromptBehavior: dismiss and notify, webauthn:extension:credBlob: true, webauthn:extension:largeBlob: true, webauthn:extension:minPinLength: true, webauthn:extension:prf: true, webauthn:virtualAuthenticators: true}
Session ID: 603df60ee75441d13b1e261da563fc1a
2025-11-02 16:07:27 [TestNG-test-OrangeHRMTest-4] ERROR ActionDriver - Unable to enter the text in to this field: Expected condition failed: waiting for visibility of element located by By.xpath: //input[@name='username'] (tried for 30 second(s) with 500 milliseconds interval)
Build info: version: '4.37.0', revision: '3c1da1e342'
System info: os.name: 'Windows 11', os.arch: 'amd64', os.version: '10.0', java.version: '20'
Driver info: org.openqa.selenium.chrome.ChromeDriver
Capabilities {acceptInsecureCerts: false, browserName: chrome, browserVersion: 141.0.7390.123, chrome: {chromedriverVersion: 141.0.7390.122 (b477534e7e1..., userDataDir: C:\Users\DELL\AppData\Local...}, fedcm:accounts: true, goog:chromeOptions: {debuggerAddress: localhost:64748}, networkConnectionEnabled: false, pageLoadStrategy: normal, platformName: windows, proxy: Proxy(), se:cdp: ws://localhost:64748/devtoo..., se:cdpVersion: 141.0.7390.123, setWindowRect: true, strictFileInteractability: false, timeouts: {implicit: 0, pageLoad: 300000, script: 30000}, unhandledPromptBehavior: dismiss and notify, webauthn:extension:credBlob: true, webauthn:extension:largeBlob: true, webauthn:extension:minPinLength: true, webauthn:extension:prf: true, webauthn:virtualAuthenticators: true}
Session ID: 603df60ee75441d13b1e261da563fc1a
2025-11-02 16:07:58 [TestNG-test-OrangeHRMTest-4] ERROR ActionDriver - Element is not visible: Expected condition failed: waiting for visibility of element located by By.xpath: //input[@name='password'] (tried for 30 second(s) with 500 milliseconds interval)
Build info: version: '4.37.0', revision: '3c1da1e342'
System info: os.name: 'Windows 11', os.arch: 'amd64', os.version: '10.0', java.version: '20'
Driver info: org.openqa.selenium.chrome.ChromeDriver
Capabilities {acceptInsecureCerts: false, browserName: chrome, browserVersion: 141.0.7390.123, chrome: {chromedriverVersion: 141.0.7390.122 (b477534e7e1..., userDataDir: C:\Users\DELL\AppData\Local...}, fedcm:accounts: true, goog:chromeOptions: {debuggerAddress: localhost:64748}, networkConnectionEnabled: false, pageLoadStrategy: normal, platformName: windows, proxy: Proxy(), se:cdp: ws://localhost:64748/devtoo..., se:cdpVersion: 141.0.7390.123, setWindowRect: true, strictFileInteractability: false, timeouts: {implicit: 0, pageLoad: 300000, script: 30000}, unhandledPromptBehavior: dismiss and notify, webauthn:extension:credBlob: true, webauthn:extension:largeBlob: true, webauthn:extension:minPinLength: true, webauthn:extension:prf: true, webauthn:virtualAuthenticators: true}
Session ID: 603df60ee75441d13b1e261da563fc1a
2025-11-02 16:08:18 [TestNG-test-OrangeHRMTest-4] ERROR ActionDriver - Unable to describe the element: no such element: Unable to locate element: {"method":"xpath","selector":"//input[@name='password']"}
  (Session info: chrome=141.0.7390.123)
For documentation on this error, please visit: https://www.selenium.dev/documentation/webdriver/troubleshooting/errors#nosuchelementexception
Build info: version: '4.37.0', revision: '3c1da1e342'
System info: os.name: 'Windows 11', os.arch: 'amd64', os.version: '10.0', java.version: '20'
Driver info: org.openqa.selenium.chrome.ChromeDriver
Command: [603df60ee75441d13b1e261da563fc1a, findElement {value=//input[@name='password'], using=xpath}]
Capabilities {acceptInsecureCerts: false, browserName: chrome, browserVersion: 141.0.7390.123, chrome: {chromedriverVersion: 141.0.7390.122 (b477534e7e1..., userDataDir: C:\Users\DELL\AppData\Local...}, fedcm:accounts: true, goog:chromeOptions: {debuggerAddress: localhost:64748}, networkConnectionEnabled: false, pageLoadStrategy: normal, platformName: windows, proxy: Proxy(), se:cdp: ws://localhost:64748/devtoo..., se:cdpVersion: 141.0.7390.123, setWindowRect: true, strictFileInteractability: false, timeouts: {implicit: 0, pageLoad: 300000, script: 30000}, unhandledPromptBehavior: dismiss and notify, webauthn:extension:credBlob: true, webauthn:extension:largeBlob: true, webauthn:extension:minPinLength: true, webauthn:extension:prf: true, webauthn:virtualAuthenticators: true}
Session ID: 603df60ee75441d13b1e261da563fc1a
2025-11-02 16:08:19 [TestNG-test-OrangeHRMTest-4] ERROR ActionDriver - Unable to enter the text in to this field: Expected condition failed: waiting for visibility of element located by By.xpath: //input[@name='password'] (tried for 30 second(s) with 500 milliseconds interval)
Build info: version: '4.37.0', revision: '3c1da1e342'
System info: os.name: 'Windows 11', os.arch: 'amd64', os.version: '10.0', java.version: '20'
Driver info: org.openqa.selenium.chrome.ChromeDriver
Capabilities {acceptInsecureCerts: false, browserName: chrome, browserVersion: 141.0.7390.123, chrome: {chromedriverVersion: 141.0.7390.122 (b477534e7e1..., userDataDir: C:\Users\DELL\AppData\Local...}, fedcm:accounts: true, goog:chromeOptions: {debuggerAddress: localhost:64748}, networkConnectionEnabled: false, pageLoadStrategy: normal, platformName: windows, proxy: Proxy(), se:cdp: ws://localhost:64748/devtoo..., se:cdpVersion: 141.0.7390.123, setWindowRect: true, strictFileInteractability: false, timeouts: {implicit: 0, pageLoad: 300000, script: 30000}, unhandledPromptBehavior: dismiss and notify, webauthn:extension:credBlob: true, webauthn:extension:largeBlob: true, webauthn:extension:minPinLength: true, webauthn:extension:prf: true, webauthn:virtualAuthenticators: true}
Session ID: 603df60ee75441d13b1e261da563fc1a
2025-11-02 16:08:50 [TestNG-test-OrangeHRMTest-4] ERROR ActionDriver - Element is not clickable: Expected condition failed: waiting for element to be clickable: By.xpath: //button[@type='submit'] (tried for 30 second(s) with 500 milliseconds interval)
Build info: version: '4.37.0', revision: '3c1da1e342'
System info: os.name: 'Windows 11', os.arch: 'amd64', os.version: '10.0', java.version: '20'
Driver info: org.openqa.selenium.chrome.ChromeDriver
Capabilities {acceptInsecureCerts: false, browserName: chrome, browserVersion: 141.0.7390.123, chrome: {chromedriverVersion: 141.0.7390.122 (b477534e7e1..., userDataDir: C:\Users\DELL\AppData\Local...}, fedcm:accounts: true, goog:chromeOptions: {debuggerAddress: localhost:64748}, networkConnectionEnabled: false, pageLoadStrategy: normal, platformName: windows, proxy: Proxy(), se:cdp: ws://localhost:64748/devtoo..., se:cdpVersion: 141.0.7390.123, setWindowRect: true, strictFileInteractability: false, timeouts: {implicit: 0, pageLoad: 300000, script: 30000}, unhandledPromptBehavior: dismiss and notify, webauthn:extension:credBlob: true, webauthn:extension:largeBlob: true, webauthn:extension:minPinLength: true, webauthn:extension:prf: true, webauthn:virtualAuthenticators: true}
Session ID: 603df60ee75441d13b1e261da563fc1a
2025-11-02 16:09:10 [TestNG-test-OrangeHRMTest-4] ERROR ActionDriver - Unable to describe the element: no such element: Unable to locate element: {"method":"xpath","selector":"//button[@type='submit']"}
  (Session info: chrome=141.0.7390.123)
For documentation on this error, please visit: https://www.selenium.dev/documentation/webdriver/troubleshooting/errors#nosuchelementexception
Build info: version: '4.37.0', revision: '3c1da1e342'
System info: os.name: 'Windows 11', os.arch: 'amd64', os.version: '10.0', java.version: '20'
Driver info: org.openqa.selenium.chrome.ChromeDriver
Command: [603df60ee75441d13b1e261da563fc1a, findElement {value=//button[@type='submit'], using=xpath}]
Capabilities {acceptInsecureCerts: false, browserName: chrome, browserVersion: 141.0.7390.123, chrome: {chromedriverVersion: 141.0.7390.122 (b477534e7e1..., userDataDir: C:\Users\DELL\AppData\Local...}, fedcm:accounts: true, goog:chromeOptions: {debuggerAddress: localhost:64748}, networkConnectionEnabled: false, pageLoadStrategy: normal, platformName: windows, proxy: Proxy(), se:cdp: ws://localhost:64748/devtoo..., se:cdpVersion: 141.0.7390.123, setWindowRect: true, strictFileInteractability: false, timeouts: {implicit: 0, pageLoad: 300000, script: 30000}, unhandledPromptBehavior: dismiss and notify, webauthn:extension:credBlob: true, webauthn:extension:largeBlob: true, webauthn:extension:minPinLength: true, webauthn:extension:prf: true, webauthn:virtualAuthenticators: true}
Session ID: 603df60ee75441d13b1e261da563fc1a
2025-11-02 16:09:10 [TestNG-test-OrangeHRMTest-4] ERROR ActionDriver - Unable to click element: Expected condition failed: waiting for element to be clickable: By.xpath: //button[@type='submit'] (tried for 30 second(s) with 500 milliseconds interval)
Build info: version: '4.37.0', revision: '3c1da1e342'
System info: os.name: 'Windows 11', os.arch: 'amd64', os.version: '10.0', java.version: '20'
Driver info: org.openqa.selenium.chrome.ChromeDriver
Capabilities {acceptInsecureCerts: false, browserName: chrome, browserVersion: 141.0.7390.123, chrome: {chromedriverVersion: 141.0.7390.122 (b477534e7e1..., userDataDir: C:\Users\DELL\AppData\Local...}, fedcm:accounts: true, goog:chromeOptions: {debuggerAddress: localhost:64748}, networkConnectionEnabled: false, pageLoadStrategy: normal, platformName: windows, proxy: Proxy(), se:cdp: ws://localhost:64748/devtoo..., se:cdpVersion: 141.0.7390.123, setWindowRect: true, strictFileInteractability: false, timeouts: {implicit: 0, pageLoad: 300000, script: 30000}, unhandledPromptBehavior: dismiss and notify, webauthn:extension:credBlob: true, webauthn:extension:largeBlob: true, webauthn:extension:minPinLength: true, webauthn:extension:prf: true, webauthn:virtualAuthenticators: true}
Session ID: 603df60ee75441d13b1e261da563fc1a
2025-11-02 16:40:31 [TestNG-test-OrangeHRMTest-2] ERROR BaseClass - error message
2025-11-02 16:40:31 [TestNG-test-OrangeHRMTest-2] FATAL BaseClass - fatal message
2025-11-02 16:40:31 [TestNG-test-OrangeHRMTest-4] ERROR BaseClass - error message
2025-11-02 16:40:31 [TestNG-test-OrangeHRMTest-4] FATAL BaseClass - fatal message
2025-11-02 16:40:32 [TestNG-test-OrangeHRMTest-3] ERROR BaseClass - error message
2025-11-02 16:40:32 [TestNG-test-OrangeHRMTest-3] FATAL BaseClass - fatal message
2025-11-02 16:40:32 [TestNG-test-OrangeHRMTest-1] ERROR BaseClass - error message
2025-11-02 16:40:32 [TestNG-test-OrangeHRMTest-1] FATAL BaseClass - fatal message
2025-11-02 16:41:03 [TestNG-test-OrangeHRMTest-1] ERROR ActionDriver - Element is not visible: Expected condition failed: waiting for visibility of element located by By.xpath: //p[contains(., "Invalid credentials")] (tried for 30 second(s) with 500 milliseconds interval)
Build info: version: '4.37.0', revision: '3c1da1e342'
System info: os.name: 'Windows 11', os.arch: 'amd64', os.version: '10.0', java.version: '20'
Driver info: org.openqa.selenium.chrome.ChromeDriver
Capabilities {acceptInsecureCerts: false, browserName: chrome, browserVersion: 141.0.7390.123, chrome: {chromedriverVersion: 141.0.7390.122 (b477534e7e1..., userDataDir: C:\Users\DELL\AppData\Local...}, fedcm:accounts: true, goog:chromeOptions: {debuggerAddress: localhost:53351}, networkConnectionEnabled: false, pageLoadStrategy: normal, platformName: windows, proxy: Proxy(), se:cdp: ws://localhost:53351/devtoo..., se:cdpVersion: 141.0.7390.123, setWindowRect: true, strictFileInteractability: false, timeouts: {implicit: 0, pageLoad: 300000, script: 30000}, unhandledPromptBehavior: dismiss and notify, webauthn:extension:credBlob: true, webauthn:extension:largeBlob: true, webauthn:extension:minPinLength: true, webauthn:extension:prf: true, webauthn:virtualAuthenticators: true}
Session ID: 82ec437afaced86d498b5eecb4df78ec
2025-11-02 16:41:03 [TestNG-test-OrangeHRMTest-1] ERROR ActionDriver - Unable to compare: Expected condition failed: waiting for visibility of element located by By.xpath: //p[contains(., "Invalid credentials")] (tried for 30 second(s) with 500 milliseconds interval)
Build info: version: '4.37.0', revision: '3c1da1e342'
System info: os.name: 'Windows 11', os.arch: 'amd64', os.version: '10.0', java.version: '20'
Driver info: org.openqa.selenium.chrome.ChromeDriver
Capabilities {acceptInsecureCerts: false, browserName: chrome, browserVersion: 141.0.7390.123, chrome: {chromedriverVersion: 141.0.7390.122 (b477534e7e1..., userDataDir: C:\Users\DELL\AppData\Local...}, fedcm:accounts: true, goog:chromeOptions: {debuggerAddress: localhost:53351}, networkConnectionEnabled: false, pageLoadStrategy: normal, platformName: windows, proxy: Proxy(), se:cdp: ws://localhost:53351/devtoo..., se:cdpVersion: 141.0.7390.123, setWindowRect: true, strictFileInteractability: false, timeouts: {implicit: 0, pageLoad: 300000, script: 30000}, unhandledPromptBehavior: dismiss and notify, webauthn:extension:credBlob: true, webauthn:extension:largeBlob: true, webauthn:extension:minPinLength: true, webauthn:extension:prf: true, webauthn:virtualAuthenticators: true}
Session ID: 82ec437afaced86d498b5eecb4df78ec
2025-11-02 16:41:11 [TestNG-test-OrangeHRMTest-4] ERROR ActionDriver - Element is not visible: Expected condition failed: waiting for visibility of element located by By.xpath: //input[@name='username'] (tried for 30 second(s) with 500 milliseconds interval)
Build info: version: '4.37.0', revision: '3c1da1e342'
System info: os.name: 'Windows 11', os.arch: 'amd64', os.version: '10.0', java.version: '20'
Driver info: org.openqa.selenium.chrome.ChromeDriver
Capabilities {acceptInsecureCerts: false, browserName: chrome, browserVersion: 141.0.7390.123, chrome: {chromedriverVersion: 141.0.7390.122 (b477534e7e1..., userDataDir: C:\Users\DELL\AppData\Local...}, fedcm:accounts: true, goog:chromeOptions: {debuggerAddress: localhost:53348}, networkConnectionEnabled: false, pageLoadStrategy: normal, platformName: windows, proxy: Proxy(), se:cdp: ws://localhost:53348/devtoo..., se:cdpVersion: 141.0.7390.123, setWindowRect: true, strictFileInteractability: false, timeouts: {implicit: 0, pageLoad: 300000, script: 30000}, unhandledPromptBehavior: dismiss and notify, webauthn:extension:credBlob: true, webauthn:extension:largeBlob: true, webauthn:extension:minPinLength: true, webauthn:extension:prf: true, webauthn:virtualAuthenticators: true}
Session ID: be89676e4ac9328c6f61e67862dde68e
2025-11-02 16:41:31 [TestNG-test-OrangeHRMTest-4] ERROR ActionDriver - Unable to describe the element: no such element: Unable to locate element: {"method":"xpath","selector":"//input[@name='username']"}
  (Session info: chrome=141.0.7390.123)
For documentation on this error, please visit: https://www.selenium.dev/documentation/webdriver/troubleshooting/errors#nosuchelementexception
Build info: version: '4.37.0', revision: '3c1da1e342'
System info: os.name: 'Windows 11', os.arch: 'amd64', os.version: '10.0', java.version: '20'
Driver info: org.openqa.selenium.chrome.ChromeDriver
Command: [be89676e4ac9328c6f61e67862dde68e, findElement {value=//input[@name='username'], using=xpath}]
Capabilities {acceptInsecureCerts: false, browserName: chrome, browserVersion: 141.0.7390.123, chrome: {chromedriverVersion: 141.0.7390.122 (b477534e7e1..., userDataDir: C:\Users\DELL\AppData\Local...}, fedcm:accounts: true, goog:chromeOptions: {debuggerAddress: localhost:53348}, networkConnectionEnabled: false, pageLoadStrategy: normal, platformName: windows, proxy: Proxy(), se:cdp: ws://localhost:53348/devtoo..., se:cdpVersion: 141.0.7390.123, setWindowRect: true, strictFileInteractability: false, timeouts: {implicit: 0, pageLoad: 300000, script: 30000}, unhandledPromptBehavior: dismiss and notify, webauthn:extension:credBlob: true, webauthn:extension:largeBlob: true, webauthn:extension:minPinLength: true, webauthn:extension:prf: true, webauthn:virtualAuthenticators: true}
Session ID: be89676e4ac9328c6f61e67862dde68e
2025-11-02 16:41:31 [TestNG-test-OrangeHRMTest-4] ERROR ActionDriver - Unable to enter the text in to this field: Expected condition failed: waiting for visibility of element located by By.xpath: //input[@name='username'] (tried for 30 second(s) with 500 milliseconds interval)
Build info: version: '4.37.0', revision: '3c1da1e342'
System info: os.name: 'Windows 11', os.arch: 'amd64', os.version: '10.0', java.version: '20'
Driver info: org.openqa.selenium.chrome.ChromeDriver
Capabilities {acceptInsecureCerts: false, browserName: chrome, browserVersion: 141.0.7390.123, chrome: {chromedriverVersion: 141.0.7390.122 (b477534e7e1..., userDataDir: C:\Users\DELL\AppData\Local...}, fedcm:accounts: true, goog:chromeOptions: {debuggerAddress: localhost:53348}, networkConnectionEnabled: false, pageLoadStrategy: normal, platformName: windows, proxy: Proxy(), se:cdp: ws://localhost:53348/devtoo..., se:cdpVersion: 141.0.7390.123, setWindowRect: true, strictFileInteractability: false, timeouts: {implicit: 0, pageLoad: 300000, script: 30000}, unhandledPromptBehavior: dismiss and notify, webauthn:extension:credBlob: true, webauthn:extension:largeBlob: true, webauthn:extension:minPinLength: true, webauthn:extension:prf: true, webauthn:virtualAuthenticators: true}
Session ID: be89676e4ac9328c6f61e67862dde68e
2025-11-02 16:42:02 [TestNG-test-OrangeHRMTest-4] ERROR ActionDriver - Element is not visible: Expected condition failed: waiting for visibility of element located by By.xpath: //input[@name='password'] (tried for 30 second(s) with 500 milliseconds interval)
Build info: version: '4.37.0', revision: '3c1da1e342'
System info: os.name: 'Windows 11', os.arch: 'amd64', os.version: '10.0', java.version: '20'
Driver info: org.openqa.selenium.chrome.ChromeDriver
Capabilities {acceptInsecureCerts: false, browserName: chrome, browserVersion: 141.0.7390.123, chrome: {chromedriverVersion: 141.0.7390.122 (b477534e7e1..., userDataDir: C:\Users\DELL\AppData\Local...}, fedcm:accounts: true, goog:chromeOptions: {debuggerAddress: localhost:53348}, networkConnectionEnabled: false, pageLoadStrategy: normal, platformName: windows, proxy: Proxy(), se:cdp: ws://localhost:53348/devtoo..., se:cdpVersion: 141.0.7390.123, setWindowRect: true, strictFileInteractability: false, timeouts: {implicit: 0, pageLoad: 300000, script: 30000}, unhandledPromptBehavior: dismiss and notify, webauthn:extension:credBlob: true, webauthn:extension:largeBlob: true, webauthn:extension:minPinLength: true, webauthn:extension:prf: true, webauthn:virtualAuthenticators: true}
Session ID: be89676e4ac9328c6f61e67862dde68e
2025-11-02 16:42:23 [TestNG-test-OrangeHRMTest-4] ERROR ActionDriver - Unable to describe the element: no such element: Unable to locate element: {"method":"xpath","selector":"//input[@name='password']"}
  (Session info: chrome=141.0.7390.123)
For documentation on this error, please visit: https://www.selenium.dev/documentation/webdriver/troubleshooting/errors#nosuchelementexception
Build info: version: '4.37.0', revision: '3c1da1e342'
System info: os.name: 'Windows 11', os.arch: 'amd64', os.version: '10.0', java.version: '20'
Driver info: org.openqa.selenium.chrome.ChromeDriver
Command: [be89676e4ac9328c6f61e67862dde68e, findElement {value=//input[@name='password'], using=xpath}]
Capabilities {acceptInsecureCerts: false, browserName: chrome, browserVersion: 141.0.7390.123, chrome: {chromedriverVersion: 141.0.7390.122 (b477534e7e1..., userDataDir: C:\Users\DELL\AppData\Local...}, fedcm:accounts: true, goog:chromeOptions: {debuggerAddress: localhost:53348}, networkConnectionEnabled: false, pageLoadStrategy: normal, platformName: windows, proxy: Proxy(), se:cdp: ws://localhost:53348/devtoo..., se:cdpVersion: 141.0.7390.123, setWindowRect: true, strictFileInteractability: false, timeouts: {implicit: 0, pageLoad: 300000, script: 30000}, unhandledPromptBehavior: dismiss and notify, webauthn:extension:credBlob: true, webauthn:extension:largeBlob: true, webauthn:extension:minPinLength: true, webauthn:extension:prf: true, webauthn:virtualAuthenticators: true}
Session ID: be89676e4ac9328c6f61e67862dde68e
2025-11-02 16:42:23 [TestNG-test-OrangeHRMTest-4] ERROR ActionDriver - Unable to enter the text in to this field: Expected condition failed: waiting for visibility of element located by By.xpath: //input[@name='password'] (tried for 30 second(s) with 500 milliseconds interval)
Build info: version: '4.37.0', revision: '3c1da1e342'
System info: os.name: 'Windows 11', os.arch: 'amd64', os.version: '10.0', java.version: '20'
Driver info: org.openqa.selenium.chrome.ChromeDriver
Capabilities {acceptInsecureCerts: false, browserName: chrome, browserVersion: 141.0.7390.123, chrome: {chromedriverVersion: 141.0.7390.122 (b477534e7e1..., userDataDir: C:\Users\DELL\AppData\Local...}, fedcm:accounts: true, goog:chromeOptions: {debuggerAddress: localhost:53348}, networkConnectionEnabled: false, pageLoadStrategy: normal, platformName: windows, proxy: Proxy(), se:cdp: ws://localhost:53348/devtoo..., se:cdpVersion: 141.0.7390.123, setWindowRect: true, strictFileInteractability: false, timeouts: {implicit: 0, pageLoad: 300000, script: 30000}, unhandledPromptBehavior: dismiss and notify, webauthn:extension:credBlob: true, webauthn:extension:largeBlob: true, webauthn:extension:minPinLength: true, webauthn:extension:prf: true, webauthn:virtualAuthenticators: true}
Session ID: be89676e4ac9328c6f61e67862dde68e
2025-11-02 16:42:54 [TestNG-test-OrangeHRMTest-4] ERROR ActionDriver - Element is not clickable: Expected condition failed: waiting for element to be clickable: By.xpath: //button[@type='submit'] (tried for 30 second(s) with 500 milliseconds interval)
Build info: version: '4.37.0', revision: '3c1da1e342'
System info: os.name: 'Windows 11', os.arch: 'amd64', os.version: '10.0', java.version: '20'
Driver info: org.openqa.selenium.chrome.ChromeDriver
Capabilities {acceptInsecureCerts: false, browserName: chrome, browserVersion: 141.0.7390.123, chrome: {chromedriverVersion: 141.0.7390.122 (b477534e7e1..., userDataDir: C:\Users\DELL\AppData\Local...}, fedcm:accounts: true, goog:chromeOptions: {debuggerAddress: localhost:53348}, networkConnectionEnabled: false, pageLoadStrategy: normal, platformName: windows, proxy: Proxy(), se:cdp: ws://localhost:53348/devtoo..., se:cdpVersion: 141.0.7390.123, setWindowRect: true, strictFileInteractability: false, timeouts: {implicit: 0, pageLoad: 300000, script: 30000}, unhandledPromptBehavior: dismiss and notify, webauthn:extension:credBlob: true, webauthn:extension:largeBlob: true, webauthn:extension:minPinLength: true, webauthn:extension:prf: true, webauthn:virtualAuthenticators: true}
Session ID: be89676e4ac9328c6f61e67862dde68e
2025-11-02 16:43:14 [TestNG-test-OrangeHRMTest-4] ERROR ActionDriver - Unable to describe the element: no such element: Unable to locate element: {"method":"xpath","selector":"//button[@type='submit']"}
  (Session info: chrome=141.0.7390.123)
For documentation on this error, please visit: https://www.selenium.dev/documentation/webdriver/troubleshooting/errors#nosuchelementexception
Build info: version: '4.37.0', revision: '3c1da1e342'
System info: os.name: 'Windows 11', os.arch: 'amd64', os.version: '10.0', java.version: '20'
Driver info: org.openqa.selenium.chrome.ChromeDriver
Command: [be89676e4ac9328c6f61e67862dde68e, findElement {value=//button[@type='submit'], using=xpath}]
Capabilities {acceptInsecureCerts: false, browserName: chrome, browserVersion: 141.0.7390.123, chrome: {chromedriverVersion: 141.0.7390.122 (b477534e7e1..., userDataDir: C:\Users\DELL\AppData\Local...}, fedcm:accounts: true, goog:chromeOptions: {debuggerAddress: localhost:53348}, networkConnectionEnabled: false, pageLoadStrategy: normal, platformName: windows, proxy: Proxy(), se:cdp: ws://localhost:53348/devtoo..., se:cdpVersion: 141.0.7390.123, setWindowRect: true, strictFileInteractability: false, timeouts: {implicit: 0, pageLoad: 300000, script: 30000}, unhandledPromptBehavior: dismiss and notify, webauthn:extension:credBlob: true, webauthn:extension:largeBlob: true, webauthn:extension:minPinLength: true, webauthn:extension:prf: true, webauthn:virtualAuthenticators: true}
Session ID: be89676e4ac9328c6f61e67862dde68e
2025-11-02 16:43:14 [TestNG-test-OrangeHRMTest-4] ERROR ActionDriver - Unable to click element: Expected condition failed: waiting for element to be clickable: By.xpath: //button[@type='submit'] (tried for 30 second(s) with 500 milliseconds interval)
Build info: version: '4.37.0', revision: '3c1da1e342'
System info: os.name: 'Windows 11', os.arch: 'amd64', os.version: '10.0', java.version: '20'
Driver info: org.openqa.selenium.chrome.ChromeDriver
Capabilities {acceptInsecureCerts: false, browserName: chrome, browserVersion: 141.0.7390.123, chrome: {chromedriverVersion: 141.0.7390.122 (b477534e7e1..., userDataDir: C:\Users\DELL\AppData\Local...}, fedcm:accounts: true, goog:chromeOptions: {debuggerAddress: localhost:53348}, networkConnectionEnabled: false, pageLoadStrategy: normal, platformName: windows, proxy: Proxy(), se:cdp: ws://localhost:53348/devtoo..., se:cdpVersion: 141.0.7390.123, setWindowRect: true, strictFileInteractability: false, timeouts: {implicit: 0, pageLoad: 300000, script: 30000}, unhandledPromptBehavior: dismiss and notify, webauthn:extension:credBlob: true, webauthn:extension:largeBlob: true, webauthn:extension:minPinLength: true, webauthn:extension:prf: true, webauthn:virtualAuthenticators: true}
Session ID: be89676e4ac9328c6f61e67862dde68e
2025-11-02 16:52:45 [TestNG-test-OrangeHRMTest-2] ERROR BaseClass - error message
2025-11-02 16:52:45 [TestNG-test-OrangeHRMTest-2] FATAL BaseClass - fatal message
2025-11-02 16:52:47 [TestNG-test-OrangeHRMTest-1] ERROR BaseClass - error message
2025-11-02 16:52:47 [TestNG-test-OrangeHRMTest-1] FATAL BaseClass - fatal message
2025-11-02 16:52:47 [TestNG-test-OrangeHRMTest-3] ERROR BaseClass - error message
2025-11-02 16:52:47 [TestNG-test-OrangeHRMTest-3] FATAL BaseClass - fatal message
2025-11-02 16:52:48 [TestNG-test-OrangeHRMTest-4] ERROR BaseClass - error message
2025-11-02 16:52:48 [TestNG-test-OrangeHRMTest-4] FATAL BaseClass - fatal message
2025-11-02 16:52:56 [TestNG-test-OrangeHRMTest-1] ERROR BaseClass - error message
2025-11-02 16:52:56 [TestNG-test-OrangeHRMTest-1] FATAL BaseClass - fatal message
2025-11-02 16:53:01 [TestNG-test-OrangeHRMTest-3] ERROR BaseClass - error message
2025-11-02 16:53:01 [TestNG-test-OrangeHRMTest-3] FATAL BaseClass - fatal message
2025-11-02 16:53:03 [TestNG-test-OrangeHRMTest-4] ERROR BaseClass - error message
2025-11-02 16:53:03 [TestNG-test-OrangeHRMTest-4] FATAL BaseClass - fatal message
2025-11-02 16:53:17 [TestNG-test-OrangeHRMTest-3] ERROR BaseClass - error message
2025-11-02 16:53:17 [TestNG-test-OrangeHRMTest-3] FATAL BaseClass - fatal message
2025-11-02 16:53:24 [TestNG-test-OrangeHRMTest-3] ERROR BaseClass - error message
2025-11-02 16:53:24 [TestNG-test-OrangeHRMTest-3] FATAL BaseClass - fatal message
2025-11-02 16:53:28 [TestNG-test-OrangeHRMTest-1] ERROR ActionDriver - Element is not visible: Expected condition failed: waiting for visibility of element located by By.xpath: //p[contains(., "Invalid credentials")] (tried for 30 second(s) with 500 milliseconds interval)
Build info: version: '4.37.0', revision: '3c1da1e342'
System info: os.name: 'Windows 11', os.arch: 'amd64', os.version: '10.0', java.version: '20'
Driver info: org.openqa.selenium.chrome.ChromeDriver
Capabilities {acceptInsecureCerts: false, browserName: chrome, browserVersion: 141.0.7390.123, chrome: {chromedriverVersion: 141.0.7390.122 (b477534e7e1..., userDataDir: C:\Users\DELL\AppData\Local...}, fedcm:accounts: true, goog:chromeOptions: {debuggerAddress: localhost:55334}, networkConnectionEnabled: false, pageLoadStrategy: normal, platformName: windows, proxy: Proxy(), se:cdp: ws://localhost:55334/devtoo..., se:cdpVersion: 141.0.7390.123, setWindowRect: true, strictFileInteractability: false, timeouts: {implicit: 0, pageLoad: 300000, script: 30000}, unhandledPromptBehavior: dismiss and notify, webauthn:extension:credBlob: true, webauthn:extension:largeBlob: true, webauthn:extension:minPinLength: true, webauthn:extension:prf: true, webauthn:virtualAuthenticators: true}
Session ID: 7b4d4243ee83843f75c6dbdfd7c90c9b
2025-11-02 16:53:28 [TestNG-test-OrangeHRMTest-1] ERROR ActionDriver - Unable to compare: Expected condition failed: waiting for visibility of element located by By.xpath: //p[contains(., "Invalid credentials")] (tried for 30 second(s) with 500 milliseconds interval)
Build info: version: '4.37.0', revision: '3c1da1e342'
System info: os.name: 'Windows 11', os.arch: 'amd64', os.version: '10.0', java.version: '20'
Driver info: org.openqa.selenium.chrome.ChromeDriver
Capabilities {acceptInsecureCerts: false, browserName: chrome, browserVersion: 141.0.7390.123, chrome: {chromedriverVersion: 141.0.7390.122 (b477534e7e1..., userDataDir: C:\Users\DELL\AppData\Local...}, fedcm:accounts: true, goog:chromeOptions: {debuggerAddress: localhost:55334}, networkConnectionEnabled: false, pageLoadStrategy: normal, platformName: windows, proxy: Proxy(), se:cdp: ws://localhost:55334/devtoo..., se:cdpVersion: 141.0.7390.123, setWindowRect: true, strictFileInteractability: false, timeouts: {implicit: 0, pageLoad: 300000, script: 30000}, unhandledPromptBehavior: dismiss and notify, webauthn:extension:credBlob: true, webauthn:extension:largeBlob: true, webauthn:extension:minPinLength: true, webauthn:extension:prf: true, webauthn:virtualAuthenticators: true}
Session ID: 7b4d4243ee83843f75c6dbdfd7c90c9b
2025-11-02 16:53:34 [TestNG-test-OrangeHRMTest-3] ERROR BaseClass - error message
2025-11-02 16:53:34 [TestNG-test-OrangeHRMTest-3] FATAL BaseClass - fatal message
2025-11-03 21:24:30 [TestNG-test-OrangeHRMTest-1] ERROR BaseClass - error message
2025-11-03 21:24:30 [TestNG-test-OrangeHRMTest-1] FATAL BaseClass - fatal message
2025-11-03 21:28:46 [TestNG-test-OrangeHRMTest-1] ERROR BaseClass - error message
2025-11-03 21:28:46 [TestNG-test-OrangeHRMTest-1] FATAL BaseClass - fatal message
2025-11-03 21:31:53 [TestNG-test-OrangeHRMTest-1] ERROR BaseClass - error message
2025-11-03 21:31:53 [TestNG-test-OrangeHRMTest-1] FATAL BaseClass - fatal message
2025-11-03 21:33:47 [TestNG-test-OrangeHRMTest-1] ERROR BaseClass - error message
2025-11-03 21:33:47 [TestNG-test-OrangeHRMTest-1] FATAL BaseClass - fatal message
2025-11-03 21:46:09 [TestNG-test-OrangeHRMTest-1] ERROR BaseClass - error message
2025-11-03 21:46:09 [TestNG-test-OrangeHRMTest-1] FATAL BaseClass - fatal message
2025-11-03 21:46:18 [TestNG-test-OrangeHRMTest-1] ERROR BaseClass - error message
2025-11-03 21:46:18 [TestNG-test-OrangeHRMTest-1] FATAL BaseClass - fatal message
2025-11-03 22:02:51 [TestNG-test-OrangeHRMTest-1] ERROR BaseClass - error message
2025-11-03 22:02:51 [TestNG-test-OrangeHRMTest-1] FATAL BaseClass - fatal message
2025-11-03 22:03:01 [TestNG-test-OrangeHRMTest-1] ERROR BaseClass - error message
2025-11-03 22:03:01 [TestNG-test-OrangeHRMTest-1] FATAL BaseClass - fatal message
2025-11-03 22:24:06 [TestNG-test-OrangeHRMTest-1] ERROR BaseClass - error message
2025-11-03 22:24:06 [TestNG-test-OrangeHRMTest-1] FATAL BaseClass - fatal message
2025-11-03 22:24:06 [TestNG-test-OrangeHRMTest-1] ERROR ActionDriver - Unable to enter the text in to this field: Keys to send should be a not null CharSequence
2025-11-03 22:24:07 [TestNG-test-OrangeHRMTest-1] ERROR ActionDriver - Unable to enter the text in to this field: Keys to send should be a not null CharSequence
2025-11-03 22:24:11 [TestNG-test-OrangeHRMTest-1] ERROR ActionDriver - Element is not clickable: invalid session id: session deleted as the browser has closed the connection
from disconnected: unable to send message to renderer
  (Session info: chrome=141.0.7390.123)
Build info: version: '4.37.0', revision: '3c1da1e342'
System info: os.name: 'Windows 11', os.arch: 'amd64', os.version: '10.0', java.version: '20'
Driver info: org.openqa.selenium.chrome.ChromeDriver
Command: [f2c0b0164bfd432c96f572bbf47c8cff, findElement {using=xpath, value=//span[text() = 'PIM']}]
Capabilities {acceptInsecureCerts: false, browserName: chrome, browserVersion: 141.0.7390.123, chrome: {chromedriverVersion: 141.0.7390.122 (b477534e7e1..., userDataDir: C:\Users\DELL\AppData\Local...}, fedcm:accounts: true, goog:chromeOptions: {debuggerAddress: localhost:52081}, networkConnectionEnabled: false, pageLoadStrategy: normal, platformName: windows, proxy: Proxy(), se:cdp: ws://localhost:52081/devtoo..., se:cdpVersion: 141.0.7390.123, setWindowRect: true, strictFileInteractability: false, timeouts: {implicit: 0, pageLoad: 300000, script: 30000}, unhandledPromptBehavior: dismiss and notify, webauthn:extension:credBlob: true, webauthn:extension:largeBlob: true, webauthn:extension:minPinLength: true, webauthn:extension:prf: true, webauthn:virtualAuthenticators: true}
Session ID: f2c0b0164bfd432c96f572bbf47c8cff
2025-11-03 22:24:11 [TestNG-test-OrangeHRMTest-1] ERROR ActionDriver - Unable to describe the element: invalid session id
Build info: version: '4.37.0', revision: '3c1da1e342'
System info: os.name: 'Windows 11', os.arch: 'amd64', os.version: '10.0', java.version: '20'
Driver info: org.openqa.selenium.chrome.ChromeDriver
Command: [f2c0b0164bfd432c96f572bbf47c8cff, findElement {using=xpath, value=//span[text() = 'PIM']}]
Capabilities {acceptInsecureCerts: false, browserName: chrome, browserVersion: 141.0.7390.123, chrome: {chromedriverVersion: 141.0.7390.122 (b477534e7e1..., userDataDir: C:\Users\DELL\AppData\Local...}, fedcm:accounts: true, goog:chromeOptions: {debuggerAddress: localhost:52081}, networkConnectionEnabled: false, pageLoadStrategy: normal, platformName: windows, proxy: Proxy(), se:cdp: ws://localhost:52081/devtoo..., se:cdpVersion: 141.0.7390.123, setWindowRect: true, strictFileInteractability: false, timeouts: {implicit: 0, pageLoad: 300000, script: 30000}, unhandledPromptBehavior: dismiss and notify, webauthn:extension:credBlob: true, webauthn:extension:largeBlob: true, webauthn:extension:minPinLength: true, webauthn:extension:prf: true, webauthn:virtualAuthenticators: true}
Session ID: f2c0b0164bfd432c96f572bbf47c8cff
2025-11-03 22:24:11 [TestNG-test-OrangeHRMTest-1] ERROR ActionDriver - Unable to click element: invalid session id: session deleted as the browser has closed the connection
from disconnected: unable to send message to renderer
  (Session info: chrome=141.0.7390.123)
Build info: version: '4.37.0', revision: '3c1da1e342'
System info: os.name: 'Windows 11', os.arch: 'amd64', os.version: '10.0', java.version: '20'
Driver info: org.openqa.selenium.chrome.ChromeDriver
Command: [f2c0b0164bfd432c96f572bbf47c8cff, findElement {using=xpath, value=//span[text() = 'PIM']}]
Capabilities {acceptInsecureCerts: false, browserName: chrome, browserVersion: 141.0.7390.123, chrome: {chromedriverVersion: 141.0.7390.122 (b477534e7e1..., userDataDir: C:\Users\DELL\AppData\Local...}, fedcm:accounts: true, goog:chromeOptions: {debuggerAddress: localhost:52081}, networkConnectionEnabled: false, pageLoadStrategy: normal, platformName: windows, proxy: Proxy(), se:cdp: ws://localhost:52081/devtoo..., se:cdpVersion: 141.0.7390.123, setWindowRect: true, strictFileInteractability: false, timeouts: {implicit: 0, pageLoad: 300000, script: 30000}, unhandledPromptBehavior: dismiss and notify, webauthn:extension:credBlob: true, webauthn:extension:largeBlob: true, webauthn:extension:minPinLength: true, webauthn:extension:prf: true, webauthn:virtualAuthenticators: true}
Session ID: f2c0b0164bfd432c96f572bbf47c8cff
2025-11-03 22:24:11 [TestNG-test-OrangeHRMTest-1] ERROR ActionDriver - Element is not visible: invalid session id
Build info: version: '4.37.0', revision: '3c1da1e342'
System info: os.name: 'Windows 11', os.arch: 'amd64', os.version: '10.0', java.version: '20'
Driver info: org.openqa.selenium.chrome.ChromeDriver
Command: [f2c0b0164bfd432c96f572bbf47c8cff, findElement {using=xpath, value=//label[text()='Employee Name']/parent::div/following-sibling::div//input}]
Capabilities {acceptInsecureCerts: false, browserName: chrome, browserVersion: 141.0.7390.123, chrome: {chromedriverVersion: 141.0.7390.122 (b477534e7e1..., userDataDir: C:\Users\DELL\AppData\Local...}, fedcm:accounts: true, goog:chromeOptions: {debuggerAddress: localhost:52081}, networkConnectionEnabled: false, pageLoadStrategy: normal, platformName: windows, proxy: Proxy(), se:cdp: ws://localhost:52081/devtoo..., se:cdpVersion: 141.0.7390.123, setWindowRect: true, strictFileInteractability: false, timeouts: {implicit: 0, pageLoad: 300000, script: 30000}, unhandledPromptBehavior: dismiss and notify, webauthn:extension:credBlob: true, webauthn:extension:largeBlob: true, webauthn:extension:minPinLength: true, webauthn:extension:prf: true, webauthn:virtualAuthenticators: true}
Session ID: f2c0b0164bfd432c96f572bbf47c8cff
2025-11-03 22:24:11 [TestNG-test-OrangeHRMTest-1] ERROR ActionDriver - Unable to describe the element: invalid session id
Build info: version: '4.37.0', revision: '3c1da1e342'
System info: os.name: 'Windows 11', os.arch: 'amd64', os.version: '10.0', java.version: '20'
Driver info: org.openqa.selenium.chrome.ChromeDriver
Command: [f2c0b0164bfd432c96f572bbf47c8cff, findElement {using=xpath, value=//label[text()='Employee Name']/parent::div/following-sibling::div//input}]
Capabilities {acceptInsecureCerts: false, browserName: chrome, browserVersion: 141.0.7390.123, chrome: {chromedriverVersion: 141.0.7390.122 (b477534e7e1..., userDataDir: C:\Users\DELL\AppData\Local...}, fedcm:accounts: true, goog:chromeOptions: {debuggerAddress: localhost:52081}, networkConnectionEnabled: false, pageLoadStrategy: normal, platformName: windows, proxy: Proxy(), se:cdp: ws://localhost:52081/devtoo..., se:cdpVersion: 141.0.7390.123, setWindowRect: true, strictFileInteractability: false, timeouts: {implicit: 0, pageLoad: 300000, script: 30000}, unhandledPromptBehavior: dismiss and notify, webauthn:extension:credBlob: true, webauthn:extension:largeBlob: true, webauthn:extension:minPinLength: true, webauthn:extension:prf: true, webauthn:virtualAuthenticators: true}
Session ID: f2c0b0164bfd432c96f572bbf47c8cff
2025-11-03 22:24:11 [TestNG-test-OrangeHRMTest-1] ERROR ActionDriver - Unable to enter the text in to this field: invalid session id
Build info: version: '4.37.0', revision: '3c1da1e342'
System info: os.name: 'Windows 11', os.arch: 'amd64', os.version: '10.0', java.version: '20'
Driver info: org.openqa.selenium.chrome.ChromeDriver
Command: [f2c0b0164bfd432c96f572bbf47c8cff, findElement {using=xpath, value=//label[text()='Employee Name']/parent::div/following-sibling::div//input}]
Capabilities {acceptInsecureCerts: false, browserName: chrome, browserVersion: 141.0.7390.123, chrome: {chromedriverVersion: 141.0.7390.122 (b477534e7e1..., userDataDir: C:\Users\DELL\AppData\Local...}, fedcm:accounts: true, goog:chromeOptions: {debuggerAddress: localhost:52081}, networkConnectionEnabled: false, pageLoadStrategy: normal, platformName: windows, proxy: Proxy(), se:cdp: ws://localhost:52081/devtoo..., se:cdpVersion: 141.0.7390.123, setWindowRect: true, strictFileInteractability: false, timeouts: {implicit: 0, pageLoad: 300000, script: 30000}, unhandledPromptBehavior: dismiss and notify, webauthn:extension:credBlob: true, webauthn:extension:largeBlob: true, webauthn:extension:minPinLength: true, webauthn:extension:prf: true, webauthn:virtualAuthenticators: true}
Session ID: f2c0b0164bfd432c96f572bbf47c8cff
2025-11-03 22:24:11 [TestNG-test-OrangeHRMTest-1] ERROR ActionDriver - Element is not clickable: invalid session id
Build info: version: '4.37.0', revision: '3c1da1e342'
System info: os.name: 'Windows 11', os.arch: 'amd64', os.version: '10.0', java.version: '20'
Driver info: org.openqa.selenium.chrome.ChromeDriver
Command: [f2c0b0164bfd432c96f572bbf47c8cff, findElement {using=xpath, value=//button[@type='submit']}]
Capabilities {acceptInsecureCerts: false, browserName: chrome, browserVersion: 141.0.7390.123, chrome: {chromedriverVersion: 141.0.7390.122 (b477534e7e1..., userDataDir: C:\Users\DELL\AppData\Local...}, fedcm:accounts: true, goog:chromeOptions: {debuggerAddress: localhost:52081}, networkConnectionEnabled: false, pageLoadStrategy: normal, platformName: windows, proxy: Proxy(), se:cdp: ws://localhost:52081/devtoo..., se:cdpVersion: 141.0.7390.123, setWindowRect: true, strictFileInteractability: false, timeouts: {implicit: 0, pageLoad: 300000, script: 30000}, unhandledPromptBehavior: dismiss and notify, webauthn:extension:credBlob: true, webauthn:extension:largeBlob: true, webauthn:extension:minPinLength: true, webauthn:extension:prf: true, webauthn:virtualAuthenticators: true}
Session ID: f2c0b0164bfd432c96f572bbf47c8cff
2025-11-03 22:24:11 [TestNG-test-OrangeHRMTest-1] ERROR ActionDriver - Unable to describe the element: invalid session id
Build info: version: '4.37.0', revision: '3c1da1e342'
System info: os.name: 'Windows 11', os.arch: 'amd64', os.version: '10.0', java.version: '20'
Driver info: org.openqa.selenium.chrome.ChromeDriver
Command: [f2c0b0164bfd432c96f572bbf47c8cff, findElement {using=xpath, value=//button[@type='submit']}]
Capabilities {acceptInsecureCerts: false, browserName: chrome, browserVersion: 141.0.7390.123, chrome: {chromedriverVersion: 141.0.7390.122 (b477534e7e1..., userDataDir: C:\Users\DELL\AppData\Local...}, fedcm:accounts: true, goog:chromeOptions: {debuggerAddress: localhost:52081}, networkConnectionEnabled: false, pageLoadStrategy: normal, platformName: windows, proxy: Proxy(), se:cdp: ws://localhost:52081/devtoo..., se:cdpVersion: 141.0.7390.123, setWindowRect: true, strictFileInteractability: false, timeouts: {implicit: 0, pageLoad: 300000, script: 30000}, unhandledPromptBehavior: dismiss and notify, webauthn:extension:credBlob: true, webauthn:extension:largeBlob: true, webauthn:extension:minPinLength: true, webauthn:extension:prf: true, webauthn:virtualAuthenticators: true}
Session ID: f2c0b0164bfd432c96f572bbf47c8cff
2025-11-03 22:24:11 [TestNG-test-OrangeHRMTest-1] ERROR ActionDriver - Unable to click element: invalid session id
Build info: version: '4.37.0', revision: '3c1da1e342'
System info: os.name: 'Windows 11', os.arch: 'amd64', os.version: '10.0', java.version: '20'
Driver info: org.openqa.selenium.chrome.ChromeDriver
Command: [f2c0b0164bfd432c96f572bbf47c8cff, findElement {using=xpath, value=//button[@type='submit']}]
Capabilities {acceptInsecureCerts: false, browserName: chrome, browserVersion: 141.0.7390.123, chrome: {chromedriverVersion: 141.0.7390.122 (b477534e7e1..., userDataDir: C:\Users\DELL\AppData\Local...}, fedcm:accounts: true, goog:chromeOptions: {debuggerAddress: localhost:52081}, networkConnectionEnabled: false, pageLoadStrategy: normal, platformName: windows, proxy: Proxy(), se:cdp: ws://localhost:52081/devtoo..., se:cdpVersion: 141.0.7390.123, setWindowRect: true, strictFileInteractability: false, timeouts: {implicit: 0, pageLoad: 300000, script: 30000}, unhandledPromptBehavior: dismiss and notify, webauthn:extension:credBlob: true, webauthn:extension:largeBlob: true, webauthn:extension:minPinLength: true, webauthn:extension:prf: true, webauthn:virtualAuthenticators: true}
Session ID: f2c0b0164bfd432c96f572bbf47c8cff
2025-11-03 22:24:11 [TestNG-test-OrangeHRMTest-1] ERROR ActionDriver - Unable to scroll to an Element: invalid session id
Build info: version: '4.37.0', revision: '3c1da1e342'
System info: os.name: 'Windows 11', os.arch: 'amd64', os.version: '10.0', java.version: '20'
Driver info: org.openqa.selenium.chrome.ChromeDriver
Command: [f2c0b0164bfd432c96f572bbf47c8cff, findElement {using=xpath, value=//div[@class='oxd-table-body']/div[1]/div/div[3]}]
Capabilities {acceptInsecureCerts: false, browserName: chrome, browserVersion: 141.0.7390.123, chrome: {chromedriverVersion: 141.0.7390.122 (b477534e7e1..., userDataDir: C:\Users\DELL\AppData\Local...}, fedcm:accounts: true, goog:chromeOptions: {debuggerAddress: localhost:52081}, networkConnectionEnabled: false, pageLoadStrategy: normal, platformName: windows, proxy: Proxy(), se:cdp: ws://localhost:52081/devtoo..., se:cdpVersion: 141.0.7390.123, setWindowRect: true, strictFileInteractability: false, timeouts: {implicit: 0, pageLoad: 300000, script: 30000}, unhandledPromptBehavior: dismiss and notify, webauthn:extension:credBlob: true, webauthn:extension:largeBlob: true, webauthn:extension:minPinLength: true, webauthn:extension:prf: true, webauthn:virtualAuthenticators: true}
Session ID: f2c0b0164bfd432c96f572bbf47c8cff
2025-11-03 22:24:12 [TestNG-test-OrangeHRMTest-1] ERROR ActionDriver - Element is not visible: invalid session id
Build info: version: '4.37.0', revision: '3c1da1e342'
System info: os.name: 'Windows 11', os.arch: 'amd64', os.version: '10.0', java.version: '20'
Driver info: org.openqa.selenium.chrome.ChromeDriver
Command: [f2c0b0164bfd432c96f572bbf47c8cff, findElement {using=xpath, value=//div[@class='oxd-table-body']/div[1]/div/div[3]}]
Capabilities {acceptInsecureCerts: false, browserName: chrome, browserVersion: 141.0.7390.123, chrome: {chromedriverVersion: 141.0.7390.122 (b477534e7e1..., userDataDir: C:\Users\DELL\AppData\Local...}, fedcm:accounts: true, goog:chromeOptions: {debuggerAddress: localhost:52081}, networkConnectionEnabled: false, pageLoadStrategy: normal, platformName: windows, proxy: Proxy(), se:cdp: ws://localhost:52081/devtoo..., se:cdpVersion: 141.0.7390.123, setWindowRect: true, strictFileInteractability: false, timeouts: {implicit: 0, pageLoad: 300000, script: 30000}, unhandledPromptBehavior: dismiss and notify, webauthn:extension:credBlob: true, webauthn:extension:largeBlob: true, webauthn:extension:minPinLength: true, webauthn:extension:prf: true, webauthn:virtualAuthenticators: true}
Session ID: f2c0b0164bfd432c96f572bbf47c8cff
2025-11-03 22:24:12 [TestNG-test-OrangeHRMTest-1] ERROR ActionDriver - Unable to compare: invalid session id
Build info: version: '4.37.0', revision: '3c1da1e342'
System info: os.name: 'Windows 11', os.arch: 'amd64', os.version: '10.0', java.version: '20'
Driver info: org.openqa.selenium.chrome.ChromeDriver
Command: [f2c0b0164bfd432c96f572bbf47c8cff, findElement {using=xpath, value=//div[@class='oxd-table-body']/div[1]/div/div[3]}]
Capabilities {acceptInsecureCerts: false, browserName: chrome, browserVersion: 141.0.7390.123, chrome: {chromedriverVersion: 141.0.7390.122 (b477534e7e1..., userDataDir: C:\Users\DELL\AppData\Local...}, fedcm:accounts: true, goog:chromeOptions: {debuggerAddress: localhost:52081}, networkConnectionEnabled: false, pageLoadStrategy: normal, platformName: windows, proxy: Proxy(), se:cdp: ws://localhost:52081/devtoo..., se:cdpVersion: 141.0.7390.123, setWindowRect: true, strictFileInteractability: false, timeouts: {implicit: 0, pageLoad: 300000, script: 30000}, unhandledPromptBehavior: dismiss and notify, webauthn:extension:credBlob: true, webauthn:extension:largeBlob: true, webauthn:extension:minPinLength: true, webauthn:extension:prf: true, webauthn:virtualAuthenticators: true}
Session ID: f2c0b0164bfd432c96f572bbf47c8cff
2025-11-03 22:24:12 [TestNG-test-OrangeHRMTest-1] ERROR ActionDriver - Element is not visible: invalid session id
Build info: version: '4.37.0', revision: '3c1da1e342'
System info: os.name: 'Windows 11', os.arch: 'amd64', os.version: '10.0', java.version: '20'
Driver info: org.openqa.selenium.chrome.ChromeDriver
Command: [f2c0b0164bfd432c96f572bbf47c8cff, findElement {using=xpath, value=//div[@class='oxd-table-body']/div[1]/div/div[4]}]
Capabilities {acceptInsecureCerts: false, browserName: chrome, browserVersion: 141.0.7390.123, chrome: {chromedriverVersion: 141.0.7390.122 (b477534e7e1..., userDataDir: C:\Users\DELL\AppData\Local...}, fedcm:accounts: true, goog:chromeOptions: {debuggerAddress: localhost:52081}, networkConnectionEnabled: false, pageLoadStrategy: normal, platformName: windows, proxy: Proxy(), se:cdp: ws://localhost:52081/devtoo..., se:cdpVersion: 141.0.7390.123, setWindowRect: true, strictFileInteractability: false, timeouts: {implicit: 0, pageLoad: 300000, script: 30000}, unhandledPromptBehavior: dismiss and notify, webauthn:extension:credBlob: true, webauthn:extension:largeBlob: true, webauthn:extension:minPinLength: true, webauthn:extension:prf: true, webauthn:virtualAuthenticators: true}
Session ID: f2c0b0164bfd432c96f572bbf47c8cff
2025-11-03 22:24:12 [TestNG-test-OrangeHRMTest-1] ERROR ActionDriver - Unable to compare: invalid session id
Build info: version: '4.37.0', revision: '3c1da1e342'
System info: os.name: 'Windows 11', os.arch: 'amd64', os.version: '10.0', java.version: '20'
Driver info: org.openqa.selenium.chrome.ChromeDriver
Command: [f2c0b0164bfd432c96f572bbf47c8cff, findElement {using=xpath, value=//div[@class='oxd-table-body']/div[1]/div/div[4]}]
Capabilities {acceptInsecureCerts: false, browserName: chrome, browserVersion: 141.0.7390.123, chrome: {chromedriverVersion: 141.0.7390.122 (b477534e7e1..., userDataDir: C:\Users\DELL\AppData\Local...}, fedcm:accounts: true, goog:chromeOptions: {debuggerAddress: localhost:52081}, networkConnectionEnabled: false, pageLoadStrategy: normal, platformName: windows, proxy: Proxy(), se:cdp: ws://localhost:52081/devtoo..., se:cdpVersion: 141.0.7390.123, setWindowRect: true, strictFileInteractability: false, timeouts: {implicit: 0, pageLoad: 300000, script: 30000}, unhandledPromptBehavior: dismiss and notify, webauthn:extension:credBlob: true, webauthn:extension:largeBlob: true, webauthn:extension:minPinLength: true, webauthn:extension:prf: true, webauthn:virtualAuthenticators: true}
Session ID: f2c0b0164bfd432c96f572bbf47c8cff
2025-11-05 21:30:30 [TestNG-test-OrangeHRMTest-1] ERROR BaseClass - error message
2025-11-05 21:30:30 [TestNG-test-OrangeHRMTest-1] FATAL BaseClass - fatal message
2025-11-05 21:30:32 [TestNG-test-OrangeHRMTest-1] ERROR BaseClass - error message
2025-11-05 21:30:32 [TestNG-test-OrangeHRMTest-1] FATAL BaseClass - fatal message
2025-11-05 21:36:43 [TestNG-test-OrangeHRMTest-1] ERROR BaseClass - error message
2025-11-05 21:36:43 [TestNG-test-OrangeHRMTest-1] FATAL BaseClass - fatal message
2025-11-05 21:36:45 [TestNG-test-OrangeHRMTest-1] ERROR BaseClass - error message
2025-11-05 21:36:45 [TestNG-test-OrangeHRMTest-1] FATAL BaseClass - fatal message
2025-11-05 21:37:16 [TestNG-test-OrangeHRMTest-1] ERROR ActionDriver - Element is not visible: Expected condition failed: waiting for visibility of element located by By.xpath: //p[contains(., "Invalid credentials")] (tried for 30 second(s) with 500 milliseconds interval)
Build info: version: '4.37.0', revision: '3c1da1e342'
System info: os.name: 'Windows 11', os.arch: 'amd64', os.version: '10.0', java.version: '20'
Driver info: org.openqa.selenium.chrome.ChromeDriver
Capabilities {acceptInsecureCerts: false, browserName: chrome, browserVersion: 142.0.7444.60, chrome: {chromedriverVersion: 142.0.7444.59 (4b8153ab58d3..., userDataDir: C:\Users\DELL\AppData\Local...}, fedcm:accounts: true, goog:chromeOptions: {debuggerAddress: localhost:61224}, goog:processID: 25776, networkConnectionEnabled: false, pageLoadStrategy: normal, platformName: windows, proxy: Proxy(), se:cdp: ws://localhost:61224/devtoo..., se:cdpVersion: 142.0.7444.60, setWindowRect: true, strictFileInteractability: false, timeouts: {implicit: 0, pageLoad: 300000, script: 30000}, unhandledPromptBehavior: dismiss and notify, webauthn:extension:credBlob: true, webauthn:extension:largeBlob: true, webauthn:extension:minPinLength: true, webauthn:extension:prf: true, webauthn:virtualAuthenticators: true}
Session ID: e9f3da4d36b02619bb3d01647139208e
2025-11-05 21:37:16 [TestNG-test-OrangeHRMTest-1] ERROR ActionDriver - Unable to compare: Expected condition failed: waiting for visibility of element located by By.xpath: //p[contains(., "Invalid credentials")] (tried for 30 second(s) with 500 milliseconds interval)
Build info: version: '4.37.0', revision: '3c1da1e342'
System info: os.name: 'Windows 11', os.arch: 'amd64', os.version: '10.0', java.version: '20'
Driver info: org.openqa.selenium.chrome.ChromeDriver
Capabilities {acceptInsecureCerts: false, browserName: chrome, browserVersion: 142.0.7444.60, chrome: {chromedriverVersion: 142.0.7444.59 (4b8153ab58d3..., userDataDir: C:\Users\DELL\AppData\Local...}, fedcm:accounts: true, goog:chromeOptions: {debuggerAddress: localhost:61224}, goog:processID: 25776, networkConnectionEnabled: false, pageLoadStrategy: normal, platformName: windows, proxy: Proxy(), se:cdp: ws://localhost:61224/devtoo..., se:cdpVersion: 142.0.7444.60, setWindowRect: true, strictFileInteractability: false, timeouts: {implicit: 0, pageLoad: 300000, script: 30000}, unhandledPromptBehavior: dismiss and notify, webauthn:extension:credBlob: true, webauthn:extension:largeBlob: true, webauthn:extension:minPinLength: true, webauthn:extension:prf: true, webauthn:virtualAuthenticators: true}
Session ID: e9f3da4d36b02619bb3d01647139208e
2025-11-05 21:37:18 [TestNG-test-OrangeHRMTest-1] ERROR BaseClass - error message
2025-11-05 21:37:18 [TestNG-test-OrangeHRMTest-1] FATAL BaseClass - fatal message
2025-11-05 21:37:50 [TestNG-test-OrangeHRMTest-1] ERROR ActionDriver - Element is not visible: Expected condition failed: waiting for visibility of element located by By.xpath: //p[contains(., "Invalid credentials")] (tried for 30 second(s) with 500 milliseconds interval)
Build info: version: '4.37.0', revision: '3c1da1e342'
System info: os.name: 'Windows 11', os.arch: 'amd64', os.version: '10.0', java.version: '20'
Driver info: org.openqa.selenium.chrome.ChromeDriver
Capabilities {acceptInsecureCerts: false, browserName: chrome, browserVersion: 142.0.7444.60, chrome: {chromedriverVersion: 142.0.7444.59 (4b8153ab58d3..., userDataDir: C:\Users\DELL\AppData\Local...}, fedcm:accounts: true, goog:chromeOptions: {debuggerAddress: localhost:51778}, goog:processID: 38304, networkConnectionEnabled: false, pageLoadStrategy: normal, platformName: windows, proxy: Proxy(), se:cdp: ws://localhost:51778/devtoo..., se:cdpVersion: 142.0.7444.60, setWindowRect: true, strictFileInteractability: false, timeouts: {implicit: 0, pageLoad: 300000, script: 30000}, unhandledPromptBehavior: dismiss and notify, webauthn:extension:credBlob: true, webauthn:extension:largeBlob: true, webauthn:extension:minPinLength: true, webauthn:extension:prf: true, webauthn:virtualAuthenticators: true}
Session ID: 5d8deba2e091b8dae7ad8fa4a849c8f3
2025-11-05 21:37:50 [TestNG-test-OrangeHRMTest-1] ERROR ActionDriver - Unable to compare: Expected condition failed: waiting for visibility of element located by By.xpath: //p[contains(., "Invalid credentials")] (tried for 30 second(s) with 500 milliseconds interval)
Build info: version: '4.37.0', revision: '3c1da1e342'
System info: os.name: 'Windows 11', os.arch: 'amd64', os.version: '10.0', java.version: '20'
Driver info: org.openqa.selenium.chrome.ChromeDriver
Capabilities {acceptInsecureCerts: false, browserName: chrome, browserVersion: 142.0.7444.60, chrome: {chromedriverVersion: 142.0.7444.59 (4b8153ab58d3..., userDataDir: C:\Users\DELL\AppData\Local...}, fedcm:accounts: true, goog:chromeOptions: {debuggerAddress: localhost:51778}, goog:processID: 38304, networkConnectionEnabled: false, pageLoadStrategy: normal, platformName: windows, proxy: Proxy(), se:cdp: ws://localhost:51778/devtoo..., se:cdpVersion: 142.0.7444.60, setWindowRect: true, strictFileInteractability: false, timeouts: {implicit: 0, pageLoad: 300000, script: 30000}, unhandledPromptBehavior: dismiss and notify, webauthn:extension:credBlob: true, webauthn:extension:largeBlob: true, webauthn:extension:minPinLength: true, webauthn:extension:prf: true, webauthn:virtualAuthenticators: true}
Session ID: 5d8deba2e091b8dae7ad8fa4a849c8f3
2025-11-05 21:37:51 [TestNG-test-OrangeHRMTest-1] ERROR BaseClass - error message
2025-11-05 21:37:51 [TestNG-test-OrangeHRMTest-1] FATAL BaseClass - fatal message
2025-11-05 21:38:22 [TestNG-test-OrangeHRMTest-1] ERROR ActionDriver - Element is not visible: Expected condition failed: waiting for visibility of element located by By.xpath: //p[contains(., "Invalid credentials")] (tried for 30 second(s) with 500 milliseconds interval)
Build info: version: '4.37.0', revision: '3c1da1e342'
System info: os.name: 'Windows 11', os.arch: 'amd64', os.version: '10.0', java.version: '20'
Driver info: org.openqa.selenium.chrome.ChromeDriver
Capabilities {acceptInsecureCerts: false, browserName: chrome, browserVersion: 142.0.7444.60, chrome: {chromedriverVersion: 142.0.7444.59 (4b8153ab58d3..., userDataDir: C:\Users\DELL\AppData\Local...}, fedcm:accounts: true, goog:chromeOptions: {debuggerAddress: localhost:62747}, goog:processID: 8824, networkConnectionEnabled: false, pageLoadStrategy: normal, platformName: windows, proxy: Proxy(), se:cdp: ws://localhost:62747/devtoo..., se:cdpVersion: 142.0.7444.60, setWindowRect: true, strictFileInteractability: false, timeouts: {implicit: 0, pageLoad: 300000, script: 30000}, unhandledPromptBehavior: dismiss and notify, webauthn:extension:credBlob: true, webauthn:extension:largeBlob: true, webauthn:extension:minPinLength: true, webauthn:extension:prf: true, webauthn:virtualAuthenticators: true}
Session ID: b968b09727dea1c34e84b3e7c21bc078
2025-11-05 21:38:23 [TestNG-test-OrangeHRMTest-1] ERROR ActionDriver - Unable to compare: Expected condition failed: waiting for visibility of element located by By.xpath: //p[contains(., "Invalid credentials")] (tried for 30 second(s) with 500 milliseconds interval)
Build info: version: '4.37.0', revision: '3c1da1e342'
System info: os.name: 'Windows 11', os.arch: 'amd64', os.version: '10.0', java.version: '20'
Driver info: org.openqa.selenium.chrome.ChromeDriver
Capabilities {acceptInsecureCerts: false, browserName: chrome, browserVersion: 142.0.7444.60, chrome: {chromedriverVersion: 142.0.7444.59 (4b8153ab58d3..., userDataDir: C:\Users\DELL\AppData\Local...}, fedcm:accounts: true, goog:chromeOptions: {debuggerAddress: localhost:62747}, goog:processID: 8824, networkConnectionEnabled: false, pageLoadStrategy: normal, platformName: windows, proxy: Proxy(), se:cdp: ws://localhost:62747/devtoo..., se:cdpVersion: 142.0.7444.60, setWindowRect: true, strictFileInteractability: false, timeouts: {implicit: 0, pageLoad: 300000, script: 30000}, unhandledPromptBehavior: dismiss and notify, webauthn:extension:credBlob: true, webauthn:extension:largeBlob: true, webauthn:extension:minPinLength: true, webauthn:extension:prf: true, webauthn:virtualAuthenticators: true}
Session ID: b968b09727dea1c34e84b3e7c21bc078
2025-11-05 21:38:24 [TestNG-test-OrangeHRMTest-1] ERROR BaseClass - error message
2025-11-05 21:38:24 [TestNG-test-OrangeHRMTest-1] FATAL BaseClass - fatal message
2025-11-05 21:38:27 [TestNG-test-OrangeHRMTest-1] ERROR BaseClass - error message
2025-11-05 21:38:27 [TestNG-test-OrangeHRMTest-1] FATAL BaseClass - fatal message
2025-11-05 21:38:31 [TestNG-test-OrangeHRMTest-1] ERROR BaseClass - error message
2025-11-05 21:38:31 [TestNG-test-OrangeHRMTest-1] FATAL BaseClass - fatal message
2025-11-05 21:38:34 [TestNG-test-OrangeHRMTest-1] ERROR BaseClass - error message
2025-11-05 21:38:34 [TestNG-test-OrangeHRMTest-1] FATAL BaseClass - fatal message
2025-11-05 21:38:40 [TestNG-test-OrangeHRMTest-1] ERROR BaseClass - error message
2025-11-05 21:38:40 [TestNG-test-OrangeHRMTest-1] FATAL BaseClass - fatal message
2025-11-05 21:39:18 [TestNG-test-OrangeHRMTest-1] ERROR ActionDriver - Element is not visible: Expected condition failed: waiting for visibility of element located by By.xpath: //span[text() = 'Admin'] (tried for 30 second(s) with 500 milliseconds interval)
Build info: version: '4.37.0', revision: '3c1da1e342'
System info: os.name: 'Windows 11', os.arch: 'amd64', os.version: '10.0', java.version: '20'
Driver info: org.openqa.selenium.chrome.ChromeDriver
Capabilities {acceptInsecureCerts: false, browserName: chrome, browserVersion: 142.0.7444.60, chrome: {chromedriverVersion: 142.0.7444.59 (4b8153ab58d3..., userDataDir: C:\Users\DELL\AppData\Local...}, fedcm:accounts: true, goog:chromeOptions: {debuggerAddress: localhost:52039}, goog:processID: 39612, networkConnectionEnabled: false, pageLoadStrategy: normal, platformName: windows, proxy: Proxy(), se:cdp: ws://localhost:52039/devtoo..., se:cdpVersion: 142.0.7444.60, setWindowRect: true, strictFileInteractability: false, timeouts: {implicit: 0, pageLoad: 300000, script: 30000}, unhandledPromptBehavior: dismiss and notify, webauthn:extension:credBlob: true, webauthn:extension:largeBlob: true, webauthn:extension:minPinLength: true, webauthn:extension:prf: true, webauthn:virtualAuthenticators: true}
Session ID: 81e9f3b48d21d320dd2b128d72940b40
2025-11-05 21:39:18 [TestNG-test-OrangeHRMTest-1] ERROR ActionDriver - There an error: Expected condition failed: waiting for visibility of element located by By.xpath: //span[text() = 'Admin'] (tried for 30 second(s) with 500 milliseconds interval)
Build info: version: '4.37.0', revision: '3c1da1e342'
System info: os.name: 'Windows 11', os.arch: 'amd64', os.version: '10.0', java.version: '20'
Driver info: org.openqa.selenium.chrome.ChromeDriver
Capabilities {acceptInsecureCerts: false, browserName: chrome, browserVersion: 142.0.7444.60, chrome: {chromedriverVersion: 142.0.7444.59 (4b8153ab58d3..., userDataDir: C:\Users\DELL\AppData\Local...}, fedcm:accounts: true, goog:chromeOptions: {debuggerAddress: localhost:52039}, goog:processID: 39612, networkConnectionEnabled: false, pageLoadStrategy: normal, platformName: windows, proxy: Proxy(), se:cdp: ws://localhost:52039/devtoo..., se:cdpVersion: 142.0.7444.60, setWindowRect: true, strictFileInteractability: false, timeouts: {implicit: 0, pageLoad: 300000, script: 30000}, unhandledPromptBehavior: dismiss and notify, webauthn:extension:credBlob: true, webauthn:extension:largeBlob: true, webauthn:extension:minPinLength: true, webauthn:extension:prf: true, webauthn:virtualAuthenticators: true}
Session ID: 81e9f3b48d21d320dd2b128d72940b40
2025-11-05 21:39:20 [TestNG-test-OrangeHRMTest-1] ERROR BaseClass - error message
2025-11-05 21:39:20 [TestNG-test-OrangeHRMTest-1] FATAL BaseClass - fatal message
2025-11-05 21:39:52 [TestNG-test-OrangeHRMTest-1] ERROR ActionDriver - Element is not visible: Expected condition failed: waiting for visibility of element located by By.xpath: //span[text() = 'Admin'] (tried for 30 second(s) with 500 milliseconds interval)
Build info: version: '4.37.0', revision: '3c1da1e342'
System info: os.name: 'Windows 11', os.arch: 'amd64', os.version: '10.0', java.version: '20'
Driver info: org.openqa.selenium.chrome.ChromeDriver
Capabilities {acceptInsecureCerts: false, browserName: chrome, browserVersion: 142.0.7444.60, chrome: {chromedriverVersion: 142.0.7444.59 (4b8153ab58d3..., userDataDir: C:\Users\DELL\AppData\Local...}, fedcm:accounts: true, goog:chromeOptions: {debuggerAddress: localhost:52442}, goog:processID: 31592, networkConnectionEnabled: false, pageLoadStrategy: normal, platformName: windows, proxy: Proxy(), se:cdp: ws://localhost:52442/devtoo..., se:cdpVersion: 142.0.7444.60, setWindowRect: true, strictFileInteractability: false, timeouts: {implicit: 0, pageLoad: 300000, script: 30000}, unhandledPromptBehavior: dismiss and notify, webauthn:extension:credBlob: true, webauthn:extension:largeBlob: true, webauthn:extension:minPinLength: true, webauthn:extension:prf: true, webauthn:virtualAuthenticators: true}
Session ID: 7630ab3eb370b7a92d52e7f9251d4553
2025-11-05 21:39:52 [TestNG-test-OrangeHRMTest-1] ERROR ActionDriver - There an error: Expected condition failed: waiting for visibility of element located by By.xpath: //span[text() = 'Admin'] (tried for 30 second(s) with 500 milliseconds interval)
Build info: version: '4.37.0', revision: '3c1da1e342'
System info: os.name: 'Windows 11', os.arch: 'amd64', os.version: '10.0', java.version: '20'
Driver info: org.openqa.selenium.chrome.ChromeDriver
Capabilities {acceptInsecureCerts: false, browserName: chrome, browserVersion: 142.0.7444.60, chrome: {chromedriverVersion: 142.0.7444.59 (4b8153ab58d3..., userDataDir: C:\Users\DELL\AppData\Local...}, fedcm:accounts: true, goog:chromeOptions: {debuggerAddress: localhost:52442}, goog:processID: 31592, networkConnectionEnabled: false, pageLoadStrategy: normal, platformName: windows, proxy: Proxy(), se:cdp: ws://localhost:52442/devtoo..., se:cdpVersion: 142.0.7444.60, setWindowRect: true, strictFileInteractability: false, timeouts: {implicit: 0, pageLoad: 300000, script: 30000}, unhandledPromptBehavior: dismiss and notify, webauthn:extension:credBlob: true, webauthn:extension:largeBlob: true, webauthn:extension:minPinLength: true, webauthn:extension:prf: true, webauthn:virtualAuthenticators: true}
Session ID: 7630ab3eb370b7a92d52e7f9251d4553
2025-11-05 21:39:54 [TestNG-test-OrangeHRMTest-1] ERROR BaseClass - error message
2025-11-05 21:39:54 [TestNG-test-OrangeHRMTest-1] FATAL BaseClass - fatal message
2025-11-05 21:40:26 [TestNG-test-OrangeHRMTest-1] ERROR ActionDriver - Element is not visible: Expected condition failed: waiting for visibility of element located by By.xpath: //span[text() = 'Admin'] (tried for 30 second(s) with 500 milliseconds interval)
Build info: version: '4.37.0', revision: '3c1da1e342'
System info: os.name: 'Windows 11', os.arch: 'amd64', os.version: '10.0', java.version: '20'
Driver info: org.openqa.selenium.chrome.ChromeDriver
Capabilities {acceptInsecureCerts: false, browserName: chrome, browserVersion: 142.0.7444.60, chrome: {chromedriverVersion: 142.0.7444.59 (4b8153ab58d3..., userDataDir: C:\Users\DELL\AppData\Local...}, fedcm:accounts: true, goog:chromeOptions: {debuggerAddress: localhost:63641}, goog:processID: 11360, networkConnectionEnabled: false, pageLoadStrategy: normal, platformName: windows, proxy: Proxy(), se:cdp: ws://localhost:63641/devtoo..., se:cdpVersion: 142.0.7444.60, setWindowRect: true, strictFileInteractability: false, timeouts: {implicit: 0, pageLoad: 300000, script: 30000}, unhandledPromptBehavior: dismiss and notify, webauthn:extension:credBlob: true, webauthn:extension:largeBlob: true, webauthn:extension:minPinLength: true, webauthn:extension:prf: true, webauthn:virtualAuthenticators: true}
Session ID: 5626435f6ec3f05b2f6bfe4235a34df2
2025-11-05 21:40:26 [TestNG-test-OrangeHRMTest-1] ERROR ActionDriver - There an error: Expected condition failed: waiting for visibility of element located by By.xpath: //span[text() = 'Admin'] (tried for 30 second(s) with 500 milliseconds interval)
Build info: version: '4.37.0', revision: '3c1da1e342'
System info: os.name: 'Windows 11', os.arch: 'amd64', os.version: '10.0', java.version: '20'
Driver info: org.openqa.selenium.chrome.ChromeDriver
Capabilities {acceptInsecureCerts: false, browserName: chrome, browserVersion: 142.0.7444.60, chrome: {chromedriverVersion: 142.0.7444.59 (4b8153ab58d3..., userDataDir: C:\Users\DELL\AppData\Local...}, fedcm:accounts: true, goog:chromeOptions: {debuggerAddress: localhost:63641}, goog:processID: 11360, networkConnectionEnabled: false, pageLoadStrategy: normal, platformName: windows, proxy: Proxy(), se:cdp: ws://localhost:63641/devtoo..., se:cdpVersion: 142.0.7444.60, setWindowRect: true, strictFileInteractability: false, timeouts: {implicit: 0, pageLoad: 300000, script: 30000}, unhandledPromptBehavior: dismiss and notify, webauthn:extension:credBlob: true, webauthn:extension:largeBlob: true, webauthn:extension:minPinLength: true, webauthn:extension:prf: true, webauthn:virtualAuthenticators: true}
Session ID: 5626435f6ec3f05b2f6bfe4235a34df2
2025-11-05 21:40:28 [TestNG-test-OrangeHRMTest-1] ERROR BaseClass - error message
2025-11-05 21:40:28 [TestNG-test-OrangeHRMTest-1] FATAL BaseClass - fatal message
2025-11-05 21:41:01 [TestNG-test-OrangeHRMTest-1] ERROR ActionDriver - Element is not visible: Expected condition failed: waiting for visibility of element located by By.xpath: //span[text() = 'Admin'] (tried for 30 second(s) with 500 milliseconds interval)
Build info: version: '4.37.0', revision: '3c1da1e342'
System info: os.name: 'Windows 11', os.arch: 'amd64', os.version: '10.0', java.version: '20'
Driver info: org.openqa.selenium.chrome.ChromeDriver
Capabilities {acceptInsecureCerts: false, browserName: chrome, browserVersion: 142.0.7444.60, chrome: {chromedriverVersion: 142.0.7444.59 (4b8153ab58d3..., userDataDir: C:\Users\DELL\AppData\Local...}, fedcm:accounts: true, goog:chromeOptions: {debuggerAddress: localhost:52157}, goog:processID: 36296, networkConnectionEnabled: false, pageLoadStrategy: normal, platformName: windows, proxy: Proxy(), se:cdp: ws://localhost:52157/devtoo..., se:cdpVersion: 142.0.7444.60, setWindowRect: true, strictFileInteractability: false, timeouts: {implicit: 0, pageLoad: 300000, script: 30000}, unhandledPromptBehavior: dismiss and notify, webauthn:extension:credBlob: true, webauthn:extension:largeBlob: true, webauthn:extension:minPinLength: true, webauthn:extension:prf: true, webauthn:virtualAuthenticators: true}
Session ID: 0fe8882fd7616d1a9569369413220b49
2025-11-05 21:41:01 [TestNG-test-OrangeHRMTest-1] ERROR ActionDriver - There an error: Expected condition failed: waiting for visibility of element located by By.xpath: //span[text() = 'Admin'] (tried for 30 second(s) with 500 milliseconds interval)
Build info: version: '4.37.0', revision: '3c1da1e342'
System info: os.name: 'Windows 11', os.arch: 'amd64', os.version: '10.0', java.version: '20'
Driver info: org.openqa.selenium.chrome.ChromeDriver
Capabilities {acceptInsecureCerts: false, browserName: chrome, browserVersion: 142.0.7444.60, chrome: {chromedriverVersion: 142.0.7444.59 (4b8153ab58d3..., userDataDir: C:\Users\DELL\AppData\Local...}, fedcm:accounts: true, goog:chromeOptions: {debuggerAddress: localhost:52157}, goog:processID: 36296, networkConnectionEnabled: false, pageLoadStrategy: normal, platformName: windows, proxy: Proxy(), se:cdp: ws://localhost:52157/devtoo..., se:cdpVersion: 142.0.7444.60, setWindowRect: true, strictFileInteractability: false, timeouts: {implicit: 0, pageLoad: 300000, script: 30000}, unhandledPromptBehavior: dismiss and notify, webauthn:extension:credBlob: true, webauthn:extension:largeBlob: true, webauthn:extension:minPinLength: true, webauthn:extension:prf: true, webauthn:virtualAuthenticators: true}
Session ID: 0fe8882fd7616d1a9569369413220b49
2025-11-05 21:41:02 [TestNG-test-OrangeHRMTest-1] ERROR BaseClass - error message
2025-11-05 21:41:02 [TestNG-test-OrangeHRMTest-1] FATAL BaseClass - fatal message
2025-11-05 21:41:35 [TestNG-test-OrangeHRMTest-1] ERROR ActionDriver - Element is not visible: Expected condition failed: waiting for visibility of element located by By.xpath: //div[@class='oxd-brand-banner']/img (tried for 30 second(s) with 500 milliseconds interval)
Build info: version: '4.37.0', revision: '3c1da1e342'
System info: os.name: 'Windows 11', os.arch: 'amd64', os.version: '10.0', java.version: '20'
Driver info: org.openqa.selenium.chrome.ChromeDriver
Capabilities {acceptInsecureCerts: false, browserName: chrome, browserVersion: 142.0.7444.60, chrome: {chromedriverVersion: 142.0.7444.59 (4b8153ab58d3..., userDataDir: C:\Users\DELL\AppData\Local...}, fedcm:accounts: true, goog:chromeOptions: {debuggerAddress: localhost:64193}, goog:processID: 28564, networkConnectionEnabled: false, pageLoadStrategy: normal, platformName: windows, proxy: Proxy(), se:cdp: ws://localhost:64193/devtoo..., se:cdpVersion: 142.0.7444.60, setWindowRect: true, strictFileInteractability: false, timeouts: {implicit: 0, pageLoad: 300000, script: 30000}, unhandledPromptBehavior: dismiss and notify, webauthn:extension:credBlob: true, webauthn:extension:largeBlob: true, webauthn:extension:minPinLength: true, webauthn:extension:prf: true, webauthn:virtualAuthenticators: true}
Session ID: 1b1f7b22429f62b7acd7059a8d35ead7
2025-11-05 21:41:35 [TestNG-test-OrangeHRMTest-1] ERROR ActionDriver - There an error: Expected condition failed: waiting for visibility of element located by By.xpath: //div[@class='oxd-brand-banner']/img (tried for 30 second(s) with 500 milliseconds interval)
Build info: version: '4.37.0', revision: '3c1da1e342'
System info: os.name: 'Windows 11', os.arch: 'amd64', os.version: '10.0', java.version: '20'
Driver info: org.openqa.selenium.chrome.ChromeDriver
Capabilities {acceptInsecureCerts: false, browserName: chrome, browserVersion: 142.0.7444.60, chrome: {chromedriverVersion: 142.0.7444.59 (4b8153ab58d3..., userDataDir: C:\Users\DELL\AppData\Local...}, fedcm:accounts: true, goog:chromeOptions: {debuggerAddress: localhost:64193}, goog:processID: 28564, networkConnectionEnabled: false, pageLoadStrategy: normal, platformName: windows, proxy: Proxy(), se:cdp: ws://localhost:64193/devtoo..., se:cdpVersion: 142.0.7444.60, setWindowRect: true, strictFileInteractability: false, timeouts: {implicit: 0, pageLoad: 300000, script: 30000}, unhandledPromptBehavior: dismiss and notify, webauthn:extension:credBlob: true, webauthn:extension:largeBlob: true, webauthn:extension:minPinLength: true, webauthn:extension:prf: true, webauthn:virtualAuthenticators: true}
Session ID: 1b1f7b22429f62b7acd7059a8d35ead7
2025-11-05 21:41:37 [TestNG-test-OrangeHRMTest-1] ERROR BaseClass - error message
2025-11-05 21:41:37 [TestNG-test-OrangeHRMTest-1] FATAL BaseClass - fatal message
2025-11-05 21:42:09 [TestNG-test-OrangeHRMTest-1] ERROR ActionDriver - Element is not visible: Expected condition failed: waiting for visibility of element located by By.xpath: //div[@class='oxd-brand-banner']/img (tried for 30 second(s) with 500 milliseconds interval)
Build info: version: '4.37.0', revision: '3c1da1e342'
System info: os.name: 'Windows 11', os.arch: 'amd64', os.version: '10.0', java.version: '20'
Driver info: org.openqa.selenium.chrome.ChromeDriver
Capabilities {acceptInsecureCerts: false, browserName: chrome, browserVersion: 142.0.7444.60, chrome: {chromedriverVersion: 142.0.7444.59 (4b8153ab58d3..., userDataDir: C:\Users\DELL\AppData\Local...}, fedcm:accounts: true, goog:chromeOptions: {debuggerAddress: localhost:53453}, goog:processID: 23760, networkConnectionEnabled: false, pageLoadStrategy: normal, platformName: windows, proxy: Proxy(), se:cdp: ws://localhost:53453/devtoo..., se:cdpVersion: 142.0.7444.60, setWindowRect: true, strictFileInteractability: false, timeouts: {implicit: 0, pageLoad: 300000, script: 30000}, unhandledPromptBehavior: dismiss and notify, webauthn:extension:credBlob: true, webauthn:extension:largeBlob: true, webauthn:extension:minPinLength: true, webauthn:extension:prf: true, webauthn:virtualAuthenticators: true}
Session ID: 4c8108dd72d2ae7a1abd931ed990dca5
2025-11-05 21:42:09 [TestNG-test-OrangeHRMTest-1] ERROR ActionDriver - There an error: Expected condition failed: waiting for visibility of element located by By.xpath: //div[@class='oxd-brand-banner']/img (tried for 30 second(s) with 500 milliseconds interval)
Build info: version: '4.37.0', revision: '3c1da1e342'
System info: os.name: 'Windows 11', os.arch: 'amd64', os.version: '10.0', java.version: '20'
Driver info: org.openqa.selenium.chrome.ChromeDriver
Capabilities {acceptInsecureCerts: false, browserName: chrome, browserVersion: 142.0.7444.60, chrome: {chromedriverVersion: 142.0.7444.59 (4b8153ab58d3..., userDataDir: C:\Users\DELL\AppData\Local...}, fedcm:accounts: true, goog:chromeOptions: {debuggerAddress: localhost:53453}, goog:processID: 23760, networkConnectionEnabled: false, pageLoadStrategy: normal, platformName: windows, proxy: Proxy(), se:cdp: ws://localhost:53453/devtoo..., se:cdpVersion: 142.0.7444.60, setWindowRect: true, strictFileInteractability: false, timeouts: {implicit: 0, pageLoad: 300000, script: 30000}, unhandledPromptBehavior: dismiss and notify, webauthn:extension:credBlob: true, webauthn:extension:largeBlob: true, webauthn:extension:minPinLength: true, webauthn:extension:prf: true, webauthn:virtualAuthenticators: true}
Session ID: 4c8108dd72d2ae7a1abd931ed990dca5
2025-11-05 21:42:23 [TestNG-test-OrangeHRMTest-1] ERROR BaseClass - error message
2025-11-05 21:42:23 [TestNG-test-OrangeHRMTest-1] FATAL BaseClass - fatal message
2025-11-05 21:42:55 [TestNG-test-OrangeHRMTest-1] ERROR ActionDriver - Element is not visible: Expected condition failed: waiting for visibility of element located by By.xpath: //div[@class='oxd-brand-banner']/img (tried for 30 second(s) with 500 milliseconds interval)
Build info: version: '4.37.0', revision: '3c1da1e342'
System info: os.name: 'Windows 11', os.arch: 'amd64', os.version: '10.0', java.version: '20'
Driver info: org.openqa.selenium.chrome.ChromeDriver
Capabilities {acceptInsecureCerts: false, browserName: chrome, browserVersion: 142.0.7444.60, chrome: {chromedriverVersion: 142.0.7444.59 (4b8153ab58d3..., userDataDir: C:\Users\DELL\AppData\Local...}, fedcm:accounts: true, goog:chromeOptions: {debuggerAddress: localhost:50629}, goog:processID: 9220, networkConnectionEnabled: false, pageLoadStrategy: normal, platformName: windows, proxy: Proxy(), se:cdp: ws://localhost:50629/devtoo..., se:cdpVersion: 142.0.7444.60, setWindowRect: true, strictFileInteractability: false, timeouts: {implicit: 0, pageLoad: 300000, script: 30000}, unhandledPromptBehavior: dismiss and notify, webauthn:extension:credBlob: true, webauthn:extension:largeBlob: true, webauthn:extension:minPinLength: true, webauthn:extension:prf: true, webauthn:virtualAuthenticators: true}
Session ID: 148d41b3799ef910aa6b2042f9a02180
2025-11-05 21:42:55 [TestNG-test-OrangeHRMTest-1] ERROR ActionDriver - There an error: Expected condition failed: waiting for visibility of element located by By.xpath: //div[@class='oxd-brand-banner']/img (tried for 30 second(s) with 500 milliseconds interval)
Build info: version: '4.37.0', revision: '3c1da1e342'
System info: os.name: 'Windows 11', os.arch: 'amd64', os.version: '10.0', java.version: '20'
Driver info: org.openqa.selenium.chrome.ChromeDriver
Capabilities {acceptInsecureCerts: false, browserName: chrome, browserVersion: 142.0.7444.60, chrome: {chromedriverVersion: 142.0.7444.59 (4b8153ab58d3..., userDataDir: C:\Users\DELL\AppData\Local...}, fedcm:accounts: true, goog:chromeOptions: {debuggerAddress: localhost:50629}, goog:processID: 9220, networkConnectionEnabled: false, pageLoadStrategy: normal, platformName: windows, proxy: Proxy(), se:cdp: ws://localhost:50629/devtoo..., se:cdpVersion: 142.0.7444.60, setWindowRect: true, strictFileInteractability: false, timeouts: {implicit: 0, pageLoad: 300000, script: 30000}, unhandledPromptBehavior: dismiss and notify, webauthn:extension:credBlob: true, webauthn:extension:largeBlob: true, webauthn:extension:minPinLength: true, webauthn:extension:prf: true, webauthn:virtualAuthenticators: true}
Session ID: 148d41b3799ef910aa6b2042f9a02180
2025-11-05 21:42:57 [TestNG-test-OrangeHRMTest-1] ERROR BaseClass - error message
2025-11-05 21:42:57 [TestNG-test-OrangeHRMTest-1] FATAL BaseClass - fatal message
2025-11-05 21:43:29 [TestNG-test-OrangeHRMTest-1] ERROR ActionDriver - Element is not visible: Expected condition failed: waiting for visibility of element located by By.xpath: //div[@class='oxd-brand-banner']/img (tried for 30 second(s) with 500 milliseconds interval)
Build info: version: '4.37.0', revision: '3c1da1e342'
System info: os.name: 'Windows 11', os.arch: 'amd64', os.version: '10.0', java.version: '20'
Driver info: org.openqa.selenium.chrome.ChromeDriver
Capabilities {acceptInsecureCerts: false, browserName: chrome, browserVersion: 142.0.7444.60, chrome: {chromedriverVersion: 142.0.7444.59 (4b8153ab58d3..., userDataDir: C:\Users\DELL\AppData\Local...}, fedcm:accounts: true, goog:chromeOptions: {debuggerAddress: localhost:60869}, goog:processID: 22600, networkConnectionEnabled: false, pageLoadStrategy: normal, platformName: windows, proxy: Proxy(), se:cdp: ws://localhost:60869/devtoo..., se:cdpVersion: 142.0.7444.60, setWindowRect: true, strictFileInteractability: false, timeouts: {implicit: 0, pageLoad: 300000, script: 30000}, unhandledPromptBehavior: dismiss and notify, webauthn:extension:credBlob: true, webauthn:extension:largeBlob: true, webauthn:extension:minPinLength: true, webauthn:extension:prf: true, webauthn:virtualAuthenticators: true}
Session ID: 087678f8ab729129c8205e9a21871e1f
2025-11-05 21:43:30 [TestNG-test-OrangeHRMTest-1] ERROR ActionDriver - There an error: Expected condition failed: waiting for visibility of element located by By.xpath: //div[@class='oxd-brand-banner']/img (tried for 30 second(s) with 500 milliseconds interval)
Build info: version: '4.37.0', revision: '3c1da1e342'
System info: os.name: 'Windows 11', os.arch: 'amd64', os.version: '10.0', java.version: '20'
Driver info: org.openqa.selenium.chrome.ChromeDriver
Capabilities {acceptInsecureCerts: false, browserName: chrome, browserVersion: 142.0.7444.60, chrome: {chromedriverVersion: 142.0.7444.59 (4b8153ab58d3..., userDataDir: C:\Users\DELL\AppData\Local...}, fedcm:accounts: true, goog:chromeOptions: {debuggerAddress: localhost:60869}, goog:processID: 22600, networkConnectionEnabled: false, pageLoadStrategy: normal, platformName: windows, proxy: Proxy(), se:cdp: ws://localhost:60869/devtoo..., se:cdpVersion: 142.0.7444.60, setWindowRect: true, strictFileInteractability: false, timeouts: {implicit: 0, pageLoad: 300000, script: 30000}, unhandledPromptBehavior: dismiss and notify, webauthn:extension:credBlob: true, webauthn:extension:largeBlob: true, webauthn:extension:minPinLength: true, webauthn:extension:prf: true, webauthn:virtualAuthenticators: true}
Session ID: 087678f8ab729129c8205e9a21871e1f
2025-11-05 21:43:31 [TestNG-test-OrangeHRMTest-1] ERROR BaseClass - error message
2025-11-05 21:43:31 [TestNG-test-OrangeHRMTest-1] FATAL BaseClass - fatal message
2025-11-05 21:44:04 [TestNG-test-OrangeHRMTest-1] ERROR ActionDriver - Element is not clickable: Expected condition failed: waiting for element to be clickable: By.xpath: //span[text() = 'PIM'] (tried for 30 second(s) with 500 milliseconds interval)
Build info: version: '4.37.0', revision: '3c1da1e342'
System info: os.name: 'Windows 11', os.arch: 'amd64', os.version: '10.0', java.version: '20'
Driver info: org.openqa.selenium.chrome.ChromeDriver
Capabilities {acceptInsecureCerts: false, browserName: chrome, browserVersion: 142.0.7444.60, chrome: {chromedriverVersion: 142.0.7444.59 (4b8153ab58d3..., userDataDir: C:\Users\DELL\AppData\Local...}, fedcm:accounts: true, goog:chromeOptions: {debuggerAddress: localhost:51602}, goog:processID: 27908, networkConnectionEnabled: false, pageLoadStrategy: normal, platformName: windows, proxy: Proxy(), se:cdp: ws://localhost:51602/devtoo..., se:cdpVersion: 142.0.7444.60, setWindowRect: true, strictFileInteractability: false, timeouts: {implicit: 0, pageLoad: 300000, script: 30000}, unhandledPromptBehavior: dismiss and notify, webauthn:extension:credBlob: true, webauthn:extension:largeBlob: true, webauthn:extension:minPinLength: true, webauthn:extension:prf: true, webauthn:virtualAuthenticators: true}
Session ID: 9ca365a31f0056a5b518fd4edf2441f9
2025-11-05 21:44:04 [TestNG-test-OrangeHRMTest-1] ERROR ActionDriver - Unable to click element: Expected condition failed: waiting for element to be clickable: By.xpath: //span[text() = 'PIM'] (tried for 30 second(s) with 500 milliseconds interval)
Build info: version: '4.37.0', revision: '3c1da1e342'
System info: os.name: 'Windows 11', os.arch: 'amd64', os.version: '10.0', java.version: '20'
Driver info: org.openqa.selenium.chrome.ChromeDriver
Capabilities {acceptInsecureCerts: false, browserName: chrome, browserVersion: 142.0.7444.60, chrome: {chromedriverVersion: 142.0.7444.59 (4b8153ab58d3..., userDataDir: C:\Users\DELL\AppData\Local...}, fedcm:accounts: true, goog:chromeOptions: {debuggerAddress: localhost:51602}, goog:processID: 27908, networkConnectionEnabled: false, pageLoadStrategy: normal, platformName: windows, proxy: Proxy(), se:cdp: ws://localhost:51602/devtoo..., se:cdpVersion: 142.0.7444.60, setWindowRect: true, strictFileInteractability: false, timeouts: {implicit: 0, pageLoad: 300000, script: 30000}, unhandledPromptBehavior: dismiss and notify, webauthn:extension:credBlob: true, webauthn:extension:largeBlob: true, webauthn:extension:minPinLength: true, webauthn:extension:prf: true, webauthn:virtualAuthenticators: true}
Session ID: 9ca365a31f0056a5b518fd4edf2441f9
2025-11-05 21:44:35 [TestNG-test-OrangeHRMTest-1] ERROR ActionDriver - Element is not visible: Expected condition failed: waiting for visibility of element located by By.xpath: //label[text()='Employee Name']/parent::div/following-sibling::div//input (tried for 30 second(s) with 500 milliseconds interval)
Build info: version: '4.37.0', revision: '3c1da1e342'
System info: os.name: 'Windows 11', os.arch: 'amd64', os.version: '10.0', java.version: '20'
Driver info: org.openqa.selenium.chrome.ChromeDriver
Capabilities {acceptInsecureCerts: false, browserName: chrome, browserVersion: 142.0.7444.60, chrome: {chromedriverVersion: 142.0.7444.59 (4b8153ab58d3..., userDataDir: C:\Users\DELL\AppData\Local...}, fedcm:accounts: true, goog:chromeOptions: {debuggerAddress: localhost:51602}, goog:processID: 27908, networkConnectionEnabled: false, pageLoadStrategy: normal, platformName: windows, proxy: Proxy(), se:cdp: ws://localhost:51602/devtoo..., se:cdpVersion: 142.0.7444.60, setWindowRect: true, strictFileInteractability: false, timeouts: {implicit: 0, pageLoad: 300000, script: 30000}, unhandledPromptBehavior: dismiss and notify, webauthn:extension:credBlob: true, webauthn:extension:largeBlob: true, webauthn:extension:minPinLength: true, webauthn:extension:prf: true, webauthn:virtualAuthenticators: true}
Session ID: 9ca365a31f0056a5b518fd4edf2441f9
2025-11-05 21:44:55 [TestNG-test-OrangeHRMTest-1] ERROR ActionDriver - Unable to describe the element: no such element: Unable to locate element: {"method":"xpath","selector":"//label[text()='Employee Name']/parent::div/following-sibling::div//input"}
  (Session info: chrome=142.0.7444.60)
For documentation on this error, please visit: https://www.selenium.dev/documentation/webdriver/troubleshooting/errors#nosuchelementexception
Build info: version: '4.37.0', revision: '3c1da1e342'
System info: os.name: 'Windows 11', os.arch: 'amd64', os.version: '10.0', java.version: '20'
Driver info: org.openqa.selenium.chrome.ChromeDriver
Command: [9ca365a31f0056a5b518fd4edf2441f9, findElement {value=//label[text()='Employee Name']/parent::div/following-sibling::div//input, using=xpath}]
Capabilities {acceptInsecureCerts: false, browserName: chrome, browserVersion: 142.0.7444.60, chrome: {chromedriverVersion: 142.0.7444.59 (4b8153ab58d3..., userDataDir: C:\Users\DELL\AppData\Local...}, fedcm:accounts: true, goog:chromeOptions: {debuggerAddress: localhost:51602}, goog:processID: 27908, networkConnectionEnabled: false, pageLoadStrategy: normal, platformName: windows, proxy: Proxy(), se:cdp: ws://localhost:51602/devtoo..., se:cdpVersion: 142.0.7444.60, setWindowRect: true, strictFileInteractability: false, timeouts: {implicit: 0, pageLoad: 300000, script: 30000}, unhandledPromptBehavior: dismiss and notify, webauthn:extension:credBlob: true, webauthn:extension:largeBlob: true, webauthn:extension:minPinLength: true, webauthn:extension:prf: true, webauthn:virtualAuthenticators: true}
Session ID: 9ca365a31f0056a5b518fd4edf2441f9
2025-11-05 21:44:55 [TestNG-test-OrangeHRMTest-1] ERROR ActionDriver - Unable to enter the text in to this field: Expected condition failed: waiting for visibility of element located by By.xpath: //label[text()='Employee Name']/parent::div/following-sibling::div//input (tried for 30 second(s) with 500 milliseconds interval)
Build info: version: '4.37.0', revision: '3c1da1e342'
System info: os.name: 'Windows 11', os.arch: 'amd64', os.version: '10.0', java.version: '20'
Driver info: org.openqa.selenium.chrome.ChromeDriver
Capabilities {acceptInsecureCerts: false, browserName: chrome, browserVersion: 142.0.7444.60, chrome: {chromedriverVersion: 142.0.7444.59 (4b8153ab58d3..., userDataDir: C:\Users\DELL\AppData\Local...}, fedcm:accounts: true, goog:chromeOptions: {debuggerAddress: localhost:51602}, goog:processID: 27908, networkConnectionEnabled: false, pageLoadStrategy: normal, platformName: windows, proxy: Proxy(), se:cdp: ws://localhost:51602/devtoo..., se:cdpVersion: 142.0.7444.60, setWindowRect: true, strictFileInteractability: false, timeouts: {implicit: 0, pageLoad: 300000, script: 30000}, unhandledPromptBehavior: dismiss and notify, webauthn:extension:credBlob: true, webauthn:extension:largeBlob: true, webauthn:extension:minPinLength: true, webauthn:extension:prf: true, webauthn:virtualAuthenticators: true}
Session ID: 9ca365a31f0056a5b518fd4edf2441f9
2025-11-05 21:45:26 [TestNG-test-OrangeHRMTest-1] ERROR ActionDriver - Element is not clickable: Expected condition failed: waiting for element to be clickable: By.xpath: //button[@type='submit'] (tried for 30 second(s) with 500 milliseconds interval)
Build info: version: '4.37.0', revision: '3c1da1e342'
System info: os.name: 'Windows 11', os.arch: 'amd64', os.version: '10.0', java.version: '20'
Driver info: org.openqa.selenium.chrome.ChromeDriver
Capabilities {acceptInsecureCerts: false, browserName: chrome, browserVersion: 142.0.7444.60, chrome: {chromedriverVersion: 142.0.7444.59 (4b8153ab58d3..., userDataDir: C:\Users\DELL\AppData\Local...}, fedcm:accounts: true, goog:chromeOptions: {debuggerAddress: localhost:51602}, goog:processID: 27908, networkConnectionEnabled: false, pageLoadStrategy: normal, platformName: windows, proxy: Proxy(), se:cdp: ws://localhost:51602/devtoo..., se:cdpVersion: 142.0.7444.60, setWindowRect: true, strictFileInteractability: false, timeouts: {implicit: 0, pageLoad: 300000, script: 30000}, unhandledPromptBehavior: dismiss and notify, webauthn:extension:credBlob: true, webauthn:extension:largeBlob: true, webauthn:extension:minPinLength: true, webauthn:extension:prf: true, webauthn:virtualAuthenticators: true}
Session ID: 9ca365a31f0056a5b518fd4edf2441f9
2025-11-05 21:45:46 [TestNG-test-OrangeHRMTest-1] ERROR ActionDriver - Unable to describe the element: no such element: Unable to locate element: {"method":"xpath","selector":"//button[@type='submit']"}
  (Session info: chrome=142.0.7444.60)
For documentation on this error, please visit: https://www.selenium.dev/documentation/webdriver/troubleshooting/errors#nosuchelementexception
Build info: version: '4.37.0', revision: '3c1da1e342'
System info: os.name: 'Windows 11', os.arch: 'amd64', os.version: '10.0', java.version: '20'
Driver info: org.openqa.selenium.chrome.ChromeDriver
Command: [9ca365a31f0056a5b518fd4edf2441f9, findElement {value=//button[@type='submit'], using=xpath}]
Capabilities {acceptInsecureCerts: false, browserName: chrome, browserVersion: 142.0.7444.60, chrome: {chromedriverVersion: 142.0.7444.59 (4b8153ab58d3..., userDataDir: C:\Users\DELL\AppData\Local...}, fedcm:accounts: true, goog:chromeOptions: {debuggerAddress: localhost:51602}, goog:processID: 27908, networkConnectionEnabled: false, pageLoadStrategy: normal, platformName: windows, proxy: Proxy(), se:cdp: ws://localhost:51602/devtoo..., se:cdpVersion: 142.0.7444.60, setWindowRect: true, strictFileInteractability: false, timeouts: {implicit: 0, pageLoad: 300000, script: 30000}, unhandledPromptBehavior: dismiss and notify, webauthn:extension:credBlob: true, webauthn:extension:largeBlob: true, webauthn:extension:minPinLength: true, webauthn:extension:prf: true, webauthn:virtualAuthenticators: true}
Session ID: 9ca365a31f0056a5b518fd4edf2441f9
2025-11-05 21:45:46 [TestNG-test-OrangeHRMTest-1] ERROR ActionDriver - Unable to click element: Expected condition failed: waiting for element to be clickable: By.xpath: //button[@type='submit'] (tried for 30 second(s) with 500 milliseconds interval)
Build info: version: '4.37.0', revision: '3c1da1e342'
System info: os.name: 'Windows 11', os.arch: 'amd64', os.version: '10.0', java.version: '20'
Driver info: org.openqa.selenium.chrome.ChromeDriver
Capabilities {acceptInsecureCerts: false, browserName: chrome, browserVersion: 142.0.7444.60, chrome: {chromedriverVersion: 142.0.7444.59 (4b8153ab58d3..., userDataDir: C:\Users\DELL\AppData\Local...}, fedcm:accounts: true, goog:chromeOptions: {debuggerAddress: localhost:51602}, goog:processID: 27908, networkConnectionEnabled: false, pageLoadStrategy: normal, platformName: windows, proxy: Proxy(), se:cdp: ws://localhost:51602/devtoo..., se:cdpVersion: 142.0.7444.60, setWindowRect: true, strictFileInteractability: false, timeouts: {implicit: 0, pageLoad: 300000, script: 30000}, unhandledPromptBehavior: dismiss and notify, webauthn:extension:credBlob: true, webauthn:extension:largeBlob: true, webauthn:extension:minPinLength: true, webauthn:extension:prf: true, webauthn:virtualAuthenticators: true}
Session ID: 9ca365a31f0056a5b518fd4edf2441f9
2025-11-05 21:45:57 [TestNG-test-OrangeHRMTest-1] ERROR ActionDriver - Unable to scroll to an Element: no such element: Unable to locate element: {"method":"xpath","selector":"//div[@class='oxd-table-body']/div[1]/div/div[3]"}
  (Session info: chrome=142.0.7444.60)
For documentation on this error, please visit: https://www.selenium.dev/documentation/webdriver/troubleshooting/errors#nosuchelementexception
Build info: version: '4.37.0', revision: '3c1da1e342'
System info: os.name: 'Windows 11', os.arch: 'amd64', os.version: '10.0', java.version: '20'
Driver info: org.openqa.selenium.chrome.ChromeDriver
Command: [9ca365a31f0056a5b518fd4edf2441f9, findElement {value=//div[@class='oxd-table-body']/div[1]/div/div[3], using=xpath}]
Capabilities {acceptInsecureCerts: false, browserName: chrome, browserVersion: 142.0.7444.60, chrome: {chromedriverVersion: 142.0.7444.59 (4b8153ab58d3..., userDataDir: C:\Users\DELL\AppData\Local...}, fedcm:accounts: true, goog:chromeOptions: {debuggerAddress: localhost:51602}, goog:processID: 27908, networkConnectionEnabled: false, pageLoadStrategy: normal, platformName: windows, proxy: Proxy(), se:cdp: ws://localhost:51602/devtoo..., se:cdpVersion: 142.0.7444.60, setWindowRect: true, strictFileInteractability: false, timeouts: {implicit: 0, pageLoad: 300000, script: 30000}, unhandledPromptBehavior: dismiss and notify, webauthn:extension:credBlob: true, webauthn:extension:largeBlob: true, webauthn:extension:minPinLength: true, webauthn:extension:prf: true, webauthn:virtualAuthenticators: true}
Session ID: 9ca365a31f0056a5b518fd4edf2441f9
2025-11-05 21:46:28 [TestNG-test-OrangeHRMTest-1] ERROR ActionDriver - Element is not visible: Expected condition failed: waiting for visibility of element located by By.xpath: //div[@class='oxd-table-body']/div[1]/div/div[3] (tried for 30 second(s) with 500 milliseconds interval)
Build info: version: '4.37.0', revision: '3c1da1e342'
System info: os.name: 'Windows 11', os.arch: 'amd64', os.version: '10.0', java.version: '20'
Driver info: org.openqa.selenium.chrome.ChromeDriver
Capabilities {acceptInsecureCerts: false, browserName: chrome, browserVersion: 142.0.7444.60, chrome: {chromedriverVersion: 142.0.7444.59 (4b8153ab58d3..., userDataDir: C:\Users\DELL\AppData\Local...}, fedcm:accounts: true, goog:chromeOptions: {debuggerAddress: localhost:51602}, goog:processID: 27908, networkConnectionEnabled: false, pageLoadStrategy: normal, platformName: windows, proxy: Proxy(), se:cdp: ws://localhost:51602/devtoo..., se:cdpVersion: 142.0.7444.60, setWindowRect: true, strictFileInteractability: false, timeouts: {implicit: 0, pageLoad: 300000, script: 30000}, unhandledPromptBehavior: dismiss and notify, webauthn:extension:credBlob: true, webauthn:extension:largeBlob: true, webauthn:extension:minPinLength: true, webauthn:extension:prf: true, webauthn:virtualAuthenticators: true}
Session ID: 9ca365a31f0056a5b518fd4edf2441f9
2025-11-05 21:46:28 [TestNG-test-OrangeHRMTest-1] ERROR ActionDriver - Unable to compare: Expected condition failed: waiting for visibility of element located by By.xpath: //div[@class='oxd-table-body']/div[1]/div/div[3] (tried for 30 second(s) with 500 milliseconds interval)
Build info: version: '4.37.0', revision: '3c1da1e342'
System info: os.name: 'Windows 11', os.arch: 'amd64', os.version: '10.0', java.version: '20'
Driver info: org.openqa.selenium.chrome.ChromeDriver
Capabilities {acceptInsecureCerts: false, browserName: chrome, browserVersion: 142.0.7444.60, chrome: {chromedriverVersion: 142.0.7444.59 (4b8153ab58d3..., userDataDir: C:\Users\DELL\AppData\Local...}, fedcm:accounts: true, goog:chromeOptions: {debuggerAddress: localhost:51602}, goog:processID: 27908, networkConnectionEnabled: false, pageLoadStrategy: normal, platformName: windows, proxy: Proxy(), se:cdp: ws://localhost:51602/devtoo..., se:cdpVersion: 142.0.7444.60, setWindowRect: true, strictFileInteractability: false, timeouts: {implicit: 0, pageLoad: 300000, script: 30000}, unhandledPromptBehavior: dismiss and notify, webauthn:extension:credBlob: true, webauthn:extension:largeBlob: true, webauthn:extension:minPinLength: true, webauthn:extension:prf: true, webauthn:virtualAuthenticators: true}
Session ID: 9ca365a31f0056a5b518fd4edf2441f9
2025-11-05 21:46:59 [TestNG-test-OrangeHRMTest-1] ERROR ActionDriver - Element is not visible: Expected condition failed: waiting for visibility of element located by By.xpath: //div[@class='oxd-table-body']/div[1]/div/div[4] (tried for 30 second(s) with 500 milliseconds interval)
Build info: version: '4.37.0', revision: '3c1da1e342'
System info: os.name: 'Windows 11', os.arch: 'amd64', os.version: '10.0', java.version: '20'
Driver info: org.openqa.selenium.chrome.ChromeDriver
Capabilities {acceptInsecureCerts: false, browserName: chrome, browserVersion: 142.0.7444.60, chrome: {chromedriverVersion: 142.0.7444.59 (4b8153ab58d3..., userDataDir: C:\Users\DELL\AppData\Local...}, fedcm:accounts: true, goog:chromeOptions: {debuggerAddress: localhost:51602}, goog:processID: 27908, networkConnectionEnabled: false, pageLoadStrategy: normal, platformName: windows, proxy: Proxy(), se:cdp: ws://localhost:51602/devtoo..., se:cdpVersion: 142.0.7444.60, setWindowRect: true, strictFileInteractability: false, timeouts: {implicit: 0, pageLoad: 300000, script: 30000}, unhandledPromptBehavior: dismiss and notify, webauthn:extension:credBlob: true, webauthn:extension:largeBlob: true, webauthn:extension:minPinLength: true, webauthn:extension:prf: true, webauthn:virtualAuthenticators: true}
Session ID: 9ca365a31f0056a5b518fd4edf2441f9
2025-11-05 21:46:59 [TestNG-test-OrangeHRMTest-1] ERROR ActionDriver - Unable to compare: Expected condition failed: waiting for visibility of element located by By.xpath: //div[@class='oxd-table-body']/div[1]/div/div[4] (tried for 30 second(s) with 500 milliseconds interval)
Build info: version: '4.37.0', revision: '3c1da1e342'
System info: os.name: 'Windows 11', os.arch: 'amd64', os.version: '10.0', java.version: '20'
Driver info: org.openqa.selenium.chrome.ChromeDriver
Capabilities {acceptInsecureCerts: false, browserName: chrome, browserVersion: 142.0.7444.60, chrome: {chromedriverVersion: 142.0.7444.59 (4b8153ab58d3..., userDataDir: C:\Users\DELL\AppData\Local...}, fedcm:accounts: true, goog:chromeOptions: {debuggerAddress: localhost:51602}, goog:processID: 27908, networkConnectionEnabled: false, pageLoadStrategy: normal, platformName: windows, proxy: Proxy(), se:cdp: ws://localhost:51602/devtoo..., se:cdpVersion: 142.0.7444.60, setWindowRect: true, strictFileInteractability: false, timeouts: {implicit: 0, pageLoad: 300000, script: 30000}, unhandledPromptBehavior: dismiss and notify, webauthn:extension:credBlob: true, webauthn:extension:largeBlob: true, webauthn:extension:minPinLength: true, webauthn:extension:prf: true, webauthn:virtualAuthenticators: true}
Session ID: 9ca365a31f0056a5b518fd4edf2441f9
2025-11-05 21:47:01 [TestNG-test-OrangeHRMTest-1] ERROR BaseClass - error message
2025-11-05 21:47:01 [TestNG-test-OrangeHRMTest-1] FATAL BaseClass - fatal message
2025-11-05 21:47:34 [TestNG-test-OrangeHRMTest-1] ERROR ActionDriver - Element is not clickable: Expected condition failed: waiting for element to be clickable: By.xpath: //span[text() = 'PIM'] (tried for 30 second(s) with 500 milliseconds interval)
Build info: version: '4.37.0', revision: '3c1da1e342'
System info: os.name: 'Windows 11', os.arch: 'amd64', os.version: '10.0', java.version: '20'
Driver info: org.openqa.selenium.chrome.ChromeDriver
Capabilities {acceptInsecureCerts: false, browserName: chrome, browserVersion: 142.0.7444.60, chrome: {chromedriverVersion: 142.0.7444.59 (4b8153ab58d3..., userDataDir: C:\Users\DELL\AppData\Local...}, fedcm:accounts: true, goog:chromeOptions: {debuggerAddress: localhost:50594}, goog:processID: 13632, networkConnectionEnabled: false, pageLoadStrategy: normal, platformName: windows, proxy: Proxy(), se:cdp: ws://localhost:50594/devtoo..., se:cdpVersion: 142.0.7444.60, setWindowRect: true, strictFileInteractability: false, timeouts: {implicit: 0, pageLoad: 300000, script: 30000}, unhandledPromptBehavior: dismiss and notify, webauthn:extension:credBlob: true, webauthn:extension:largeBlob: true, webauthn:extension:minPinLength: true, webauthn:extension:prf: true, webauthn:virtualAuthenticators: true}
Session ID: c8f0aa18c0ba3070160740d05df3cab4
2025-11-05 21:47:34 [TestNG-test-OrangeHRMTest-1] ERROR ActionDriver - Unable to click element: Expected condition failed: waiting for element to be clickable: By.xpath: //span[text() = 'PIM'] (tried for 30 second(s) with 500 milliseconds interval)
Build info: version: '4.37.0', revision: '3c1da1e342'
System info: os.name: 'Windows 11', os.arch: 'amd64', os.version: '10.0', java.version: '20'
Driver info: org.openqa.selenium.chrome.ChromeDriver
Capabilities {acceptInsecureCerts: false, browserName: chrome, browserVersion: 142.0.7444.60, chrome: {chromedriverVersion: 142.0.7444.59 (4b8153ab58d3..., userDataDir: C:\Users\DELL\AppData\Local...}, fedcm:accounts: true, goog:chromeOptions: {debuggerAddress: localhost:50594}, goog:processID: 13632, networkConnectionEnabled: false, pageLoadStrategy: normal, platformName: windows, proxy: Proxy(), se:cdp: ws://localhost:50594/devtoo..., se:cdpVersion: 142.0.7444.60, setWindowRect: true, strictFileInteractability: false, timeouts: {implicit: 0, pageLoad: 300000, script: 30000}, unhandledPromptBehavior: dismiss and notify, webauthn:extension:credBlob: true, webauthn:extension:largeBlob: true, webauthn:extension:minPinLength: true, webauthn:extension:prf: true, webauthn:virtualAuthenticators: true}
Session ID: c8f0aa18c0ba3070160740d05df3cab4
2025-11-05 21:48:05 [TestNG-test-OrangeHRMTest-1] ERROR ActionDriver - Element is not visible: Expected condition failed: waiting for visibility of element located by By.xpath: //label[text()='Employee Name']/parent::div/following-sibling::div//input (tried for 30 second(s) with 500 milliseconds interval)
Build info: version: '4.37.0', revision: '3c1da1e342'
System info: os.name: 'Windows 11', os.arch: 'amd64', os.version: '10.0', java.version: '20'
Driver info: org.openqa.selenium.chrome.ChromeDriver
Capabilities {acceptInsecureCerts: false, browserName: chrome, browserVersion: 142.0.7444.60, chrome: {chromedriverVersion: 142.0.7444.59 (4b8153ab58d3..., userDataDir: C:\Users\DELL\AppData\Local...}, fedcm:accounts: true, goog:chromeOptions: {debuggerAddress: localhost:50594}, goog:processID: 13632, networkConnectionEnabled: false, pageLoadStrategy: normal, platformName: windows, proxy: Proxy(), se:cdp: ws://localhost:50594/devtoo..., se:cdpVersion: 142.0.7444.60, setWindowRect: true, strictFileInteractability: false, timeouts: {implicit: 0, pageLoad: 300000, script: 30000}, unhandledPromptBehavior: dismiss and notify, webauthn:extension:credBlob: true, webauthn:extension:largeBlob: true, webauthn:extension:minPinLength: true, webauthn:extension:prf: true, webauthn:virtualAuthenticators: true}
Session ID: c8f0aa18c0ba3070160740d05df3cab4
2025-11-05 21:48:25 [TestNG-test-OrangeHRMTest-1] ERROR ActionDriver - Unable to describe the element: no such element: Unable to locate element: {"method":"xpath","selector":"//label[text()='Employee Name']/parent::div/following-sibling::div//input"}
  (Session info: chrome=142.0.7444.60)
For documentation on this error, please visit: https://www.selenium.dev/documentation/webdriver/troubleshooting/errors#nosuchelementexception
Build info: version: '4.37.0', revision: '3c1da1e342'
System info: os.name: 'Windows 11', os.arch: 'amd64', os.version: '10.0', java.version: '20'
Driver info: org.openqa.selenium.chrome.ChromeDriver
Command: [c8f0aa18c0ba3070160740d05df3cab4, findElement {value=//label[text()='Employee Name']/parent::div/following-sibling::div//input, using=xpath}]
Capabilities {acceptInsecureCerts: false, browserName: chrome, browserVersion: 142.0.7444.60, chrome: {chromedriverVersion: 142.0.7444.59 (4b8153ab58d3..., userDataDir: C:\Users\DELL\AppData\Local...}, fedcm:accounts: true, goog:chromeOptions: {debuggerAddress: localhost:50594}, goog:processID: 13632, networkConnectionEnabled: false, pageLoadStrategy: normal, platformName: windows, proxy: Proxy(), se:cdp: ws://localhost:50594/devtoo..., se:cdpVersion: 142.0.7444.60, setWindowRect: true, strictFileInteractability: false, timeouts: {implicit: 0, pageLoad: 300000, script: 30000}, unhandledPromptBehavior: dismiss and notify, webauthn:extension:credBlob: true, webauthn:extension:largeBlob: true, webauthn:extension:minPinLength: true, webauthn:extension:prf: true, webauthn:virtualAuthenticators: true}
Session ID: c8f0aa18c0ba3070160740d05df3cab4
2025-11-05 21:48:25 [TestNG-test-OrangeHRMTest-1] ERROR ActionDriver - Unable to enter the text in to this field: Expected condition failed: waiting for visibility of element located by By.xpath: //label[text()='Employee Name']/parent::div/following-sibling::div//input (tried for 30 second(s) with 500 milliseconds interval)
Build info: version: '4.37.0', revision: '3c1da1e342'
System info: os.name: 'Windows 11', os.arch: 'amd64', os.version: '10.0', java.version: '20'
Driver info: org.openqa.selenium.chrome.ChromeDriver
Capabilities {acceptInsecureCerts: false, browserName: chrome, browserVersion: 142.0.7444.60, chrome: {chromedriverVersion: 142.0.7444.59 (4b8153ab58d3..., userDataDir: C:\Users\DELL\AppData\Local...}, fedcm:accounts: true, goog:chromeOptions: {debuggerAddress: localhost:50594}, goog:processID: 13632, networkConnectionEnabled: false, pageLoadStrategy: normal, platformName: windows, proxy: Proxy(), se:cdp: ws://localhost:50594/devtoo..., se:cdpVersion: 142.0.7444.60, setWindowRect: true, strictFileInteractability: false, timeouts: {implicit: 0, pageLoad: 300000, script: 30000}, unhandledPromptBehavior: dismiss and notify, webauthn:extension:credBlob: true, webauthn:extension:largeBlob: true, webauthn:extension:minPinLength: true, webauthn:extension:prf: true, webauthn:virtualAuthenticators: true}
Session ID: c8f0aa18c0ba3070160740d05df3cab4
2025-11-05 21:48:56 [TestNG-test-OrangeHRMTest-1] ERROR ActionDriver - Element is not clickable: Expected condition failed: waiting for element to be clickable: By.xpath: //button[@type='submit'] (tried for 30 second(s) with 500 milliseconds interval)
Build info: version: '4.37.0', revision: '3c1da1e342'
System info: os.name: 'Windows 11', os.arch: 'amd64', os.version: '10.0', java.version: '20'
Driver info: org.openqa.selenium.chrome.ChromeDriver
Capabilities {acceptInsecureCerts: false, browserName: chrome, browserVersion: 142.0.7444.60, chrome: {chromedriverVersion: 142.0.7444.59 (4b8153ab58d3..., userDataDir: C:\Users\DELL\AppData\Local...}, fedcm:accounts: true, goog:chromeOptions: {debuggerAddress: localhost:50594}, goog:processID: 13632, networkConnectionEnabled: false, pageLoadStrategy: normal, platformName: windows, proxy: Proxy(), se:cdp: ws://localhost:50594/devtoo..., se:cdpVersion: 142.0.7444.60, setWindowRect: true, strictFileInteractability: false, timeouts: {implicit: 0, pageLoad: 300000, script: 30000}, unhandledPromptBehavior: dismiss and notify, webauthn:extension:credBlob: true, webauthn:extension:largeBlob: true, webauthn:extension:minPinLength: true, webauthn:extension:prf: true, webauthn:virtualAuthenticators: true}
Session ID: c8f0aa18c0ba3070160740d05df3cab4
2025-11-05 21:49:16 [TestNG-test-OrangeHRMTest-1] ERROR ActionDriver - Unable to describe the element: no such element: Unable to locate element: {"method":"xpath","selector":"//button[@type='submit']"}
  (Session info: chrome=142.0.7444.60)
For documentation on this error, please visit: https://www.selenium.dev/documentation/webdriver/troubleshooting/errors#nosuchelementexception
Build info: version: '4.37.0', revision: '3c1da1e342'
System info: os.name: 'Windows 11', os.arch: 'amd64', os.version: '10.0', java.version: '20'
Driver info: org.openqa.selenium.chrome.ChromeDriver
Command: [c8f0aa18c0ba3070160740d05df3cab4, findElement {value=//button[@type='submit'], using=xpath}]
Capabilities {acceptInsecureCerts: false, browserName: chrome, browserVersion: 142.0.7444.60, chrome: {chromedriverVersion: 142.0.7444.59 (4b8153ab58d3..., userDataDir: C:\Users\DELL\AppData\Local...}, fedcm:accounts: true, goog:chromeOptions: {debuggerAddress: localhost:50594}, goog:processID: 13632, networkConnectionEnabled: false, pageLoadStrategy: normal, platformName: windows, proxy: Proxy(), se:cdp: ws://localhost:50594/devtoo..., se:cdpVersion: 142.0.7444.60, setWindowRect: true, strictFileInteractability: false, timeouts: {implicit: 0, pageLoad: 300000, script: 30000}, unhandledPromptBehavior: dismiss and notify, webauthn:extension:credBlob: true, webauthn:extension:largeBlob: true, webauthn:extension:minPinLength: true, webauthn:extension:prf: true, webauthn:virtualAuthenticators: true}
Session ID: c8f0aa18c0ba3070160740d05df3cab4
2025-11-05 21:49:16 [TestNG-test-OrangeHRMTest-1] ERROR ActionDriver - Unable to click element: Expected condition failed: waiting for element to be clickable: By.xpath: //button[@type='submit'] (tried for 30 second(s) with 500 milliseconds interval)
Build info: version: '4.37.0', revision: '3c1da1e342'
System info: os.name: 'Windows 11', os.arch: 'amd64', os.version: '10.0', java.version: '20'
Driver info: org.openqa.selenium.chrome.ChromeDriver
Capabilities {acceptInsecureCerts: false, browserName: chrome, browserVersion: 142.0.7444.60, chrome: {chromedriverVersion: 142.0.7444.59 (4b8153ab58d3..., userDataDir: C:\Users\DELL\AppData\Local...}, fedcm:accounts: true, goog:chromeOptions: {debuggerAddress: localhost:50594}, goog:processID: 13632, networkConnectionEnabled: false, pageLoadStrategy: normal, platformName: windows, proxy: Proxy(), se:cdp: ws://localhost:50594/devtoo..., se:cdpVersion: 142.0.7444.60, setWindowRect: true, strictFileInteractability: false, timeouts: {implicit: 0, pageLoad: 300000, script: 30000}, unhandledPromptBehavior: dismiss and notify, webauthn:extension:credBlob: true, webauthn:extension:largeBlob: true, webauthn:extension:minPinLength: true, webauthn:extension:prf: true, webauthn:virtualAuthenticators: true}
Session ID: c8f0aa18c0ba3070160740d05df3cab4
2025-11-05 21:49:26 [TestNG-test-OrangeHRMTest-1] ERROR ActionDriver - Unable to scroll to an Element: no such element: Unable to locate element: {"method":"xpath","selector":"//div[@class='oxd-table-body']/div[1]/div/div[3]"}
  (Session info: chrome=142.0.7444.60)
For documentation on this error, please visit: https://www.selenium.dev/documentation/webdriver/troubleshooting/errors#nosuchelementexception
Build info: version: '4.37.0', revision: '3c1da1e342'
System info: os.name: 'Windows 11', os.arch: 'amd64', os.version: '10.0', java.version: '20'
Driver info: org.openqa.selenium.chrome.ChromeDriver
Command: [c8f0aa18c0ba3070160740d05df3cab4, findElement {value=//div[@class='oxd-table-body']/div[1]/div/div[3], using=xpath}]
Capabilities {acceptInsecureCerts: false, browserName: chrome, browserVersion: 142.0.7444.60, chrome: {chromedriverVersion: 142.0.7444.59 (4b8153ab58d3..., userDataDir: C:\Users\DELL\AppData\Local...}, fedcm:accounts: true, goog:chromeOptions: {debuggerAddress: localhost:50594}, goog:processID: 13632, networkConnectionEnabled: false, pageLoadStrategy: normal, platformName: windows, proxy: Proxy(), se:cdp: ws://localhost:50594/devtoo..., se:cdpVersion: 142.0.7444.60, setWindowRect: true, strictFileInteractability: false, timeouts: {implicit: 0, pageLoad: 300000, script: 30000}, unhandledPromptBehavior: dismiss and notify, webauthn:extension:credBlob: true, webauthn:extension:largeBlob: true, webauthn:extension:minPinLength: true, webauthn:extension:prf: true, webauthn:virtualAuthenticators: true}
Session ID: c8f0aa18c0ba3070160740d05df3cab4
2025-11-05 21:49:58 [TestNG-test-OrangeHRMTest-1] ERROR ActionDriver - Element is not visible: Expected condition failed: waiting for visibility of element located by By.xpath: //div[@class='oxd-table-body']/div[1]/div/div[3] (tried for 30 second(s) with 500 milliseconds interval)
Build info: version: '4.37.0', revision: '3c1da1e342'
System info: os.name: 'Windows 11', os.arch: 'amd64', os.version: '10.0', java.version: '20'
Driver info: org.openqa.selenium.chrome.ChromeDriver
Capabilities {acceptInsecureCerts: false, browserName: chrome, browserVersion: 142.0.7444.60, chrome: {chromedriverVersion: 142.0.7444.59 (4b8153ab58d3..., userDataDir: C:\Users\DELL\AppData\Local...}, fedcm:accounts: true, goog:chromeOptions: {debuggerAddress: localhost:50594}, goog:processID: 13632, networkConnectionEnabled: false, pageLoadStrategy: normal, platformName: windows, proxy: Proxy(), se:cdp: ws://localhost:50594/devtoo..., se:cdpVersion: 142.0.7444.60, setWindowRect: true, strictFileInteractability: false, timeouts: {implicit: 0, pageLoad: 300000, script: 30000}, unhandledPromptBehavior: dismiss and notify, webauthn:extension:credBlob: true, webauthn:extension:largeBlob: true, webauthn:extension:minPinLength: true, webauthn:extension:prf: true, webauthn:virtualAuthenticators: true}
Session ID: c8f0aa18c0ba3070160740d05df3cab4
2025-11-05 21:49:58 [TestNG-test-OrangeHRMTest-1] ERROR ActionDriver - Unable to compare: Expected condition failed: waiting for visibility of element located by By.xpath: //div[@class='oxd-table-body']/div[1]/div/div[3] (tried for 30 second(s) with 500 milliseconds interval)
Build info: version: '4.37.0', revision: '3c1da1e342'
System info: os.name: 'Windows 11', os.arch: 'amd64', os.version: '10.0', java.version: '20'
Driver info: org.openqa.selenium.chrome.ChromeDriver
Capabilities {acceptInsecureCerts: false, browserName: chrome, browserVersion: 142.0.7444.60, chrome: {chromedriverVersion: 142.0.7444.59 (4b8153ab58d3..., userDataDir: C:\Users\DELL\AppData\Local...}, fedcm:accounts: true, goog:chromeOptions: {debuggerAddress: localhost:50594}, goog:processID: 13632, networkConnectionEnabled: false, pageLoadStrategy: normal, platformName: windows, proxy: Proxy(), se:cdp: ws://localhost:50594/devtoo..., se:cdpVersion: 142.0.7444.60, setWindowRect: true, strictFileInteractability: false, timeouts: {implicit: 0, pageLoad: 300000, script: 30000}, unhandledPromptBehavior: dismiss and notify, webauthn:extension:credBlob: true, webauthn:extension:largeBlob: true, webauthn:extension:minPinLength: true, webauthn:extension:prf: true, webauthn:virtualAuthenticators: true}
Session ID: c8f0aa18c0ba3070160740d05df3cab4
2025-11-05 21:50:29 [TestNG-test-OrangeHRMTest-1] ERROR ActionDriver - Element is not visible: Expected condition failed: waiting for visibility of element located by By.xpath: //div[@class='oxd-table-body']/div[1]/div/div[4] (tried for 30 second(s) with 500 milliseconds interval)
Build info: version: '4.37.0', revision: '3c1da1e342'
System info: os.name: 'Windows 11', os.arch: 'amd64', os.version: '10.0', java.version: '20'
Driver info: org.openqa.selenium.chrome.ChromeDriver
Capabilities {acceptInsecureCerts: false, browserName: chrome, browserVersion: 142.0.7444.60, chrome: {chromedriverVersion: 142.0.7444.59 (4b8153ab58d3..., userDataDir: C:\Users\DELL\AppData\Local...}, fedcm:accounts: true, goog:chromeOptions: {debuggerAddress: localhost:50594}, goog:processID: 13632, networkConnectionEnabled: false, pageLoadStrategy: normal, platformName: windows, proxy: Proxy(), se:cdp: ws://localhost:50594/devtoo..., se:cdpVersion: 142.0.7444.60, setWindowRect: true, strictFileInteractability: false, timeouts: {implicit: 0, pageLoad: 300000, script: 30000}, unhandledPromptBehavior: dismiss and notify, webauthn:extension:credBlob: true, webauthn:extension:largeBlob: true, webauthn:extension:minPinLength: true, webauthn:extension:prf: true, webauthn:virtualAuthenticators: true}
Session ID: c8f0aa18c0ba3070160740d05df3cab4
2025-11-05 21:50:29 [TestNG-test-OrangeHRMTest-1] ERROR ActionDriver - Unable to compare: Expected condition failed: waiting for visibility of element located by By.xpath: //div[@class='oxd-table-body']/div[1]/div/div[4] (tried for 30 second(s) with 500 milliseconds interval)
Build info: version: '4.37.0', revision: '3c1da1e342'
System info: os.name: 'Windows 11', os.arch: 'amd64', os.version: '10.0', java.version: '20'
Driver info: org.openqa.selenium.chrome.ChromeDriver
Capabilities {acceptInsecureCerts: false, browserName: chrome, browserVersion: 142.0.7444.60, chrome: {chromedriverVersion: 142.0.7444.59 (4b8153ab58d3..., userDataDir: C:\Users\DELL\AppData\Local...}, fedcm:accounts: true, goog:chromeOptions: {debuggerAddress: localhost:50594}, goog:processID: 13632, networkConnectionEnabled: false, pageLoadStrategy: normal, platformName: windows, proxy: Proxy(), se:cdp: ws://localhost:50594/devtoo..., se:cdpVersion: 142.0.7444.60, setWindowRect: true, strictFileInteractability: false, timeouts: {implicit: 0, pageLoad: 300000, script: 30000}, unhandledPromptBehavior: dismiss and notify, webauthn:extension:credBlob: true, webauthn:extension:largeBlob: true, webauthn:extension:minPinLength: true, webauthn:extension:prf: true, webauthn:virtualAuthenticators: true}
Session ID: c8f0aa18c0ba3070160740d05df3cab4
2025-11-05 21:50:31 [TestNG-test-OrangeHRMTest-1] ERROR BaseClass - error message
2025-11-05 21:50:31 [TestNG-test-OrangeHRMTest-1] FATAL BaseClass - fatal message
2025-11-05 21:51:03 [TestNG-test-OrangeHRMTest-1] ERROR ActionDriver - Element is not clickable: Expected condition failed: waiting for element to be clickable: By.xpath: //span[text() = 'PIM'] (tried for 30 second(s) with 500 milliseconds interval)
Build info: version: '4.37.0', revision: '3c1da1e342'
System info: os.name: 'Windows 11', os.arch: 'amd64', os.version: '10.0', java.version: '20'
Driver info: org.openqa.selenium.chrome.ChromeDriver
Capabilities {acceptInsecureCerts: false, browserName: chrome, browserVersion: 142.0.7444.60, chrome: {chromedriverVersion: 142.0.7444.59 (4b8153ab58d3..., userDataDir: C:\Users\DELL\AppData\Local...}, fedcm:accounts: true, goog:chromeOptions: {debuggerAddress: localhost:55701}, goog:processID: 1156, networkConnectionEnabled: false, pageLoadStrategy: normal, platformName: windows, proxy: Proxy(), se:cdp: ws://localhost:55701/devtoo..., se:cdpVersion: 142.0.7444.60, setWindowRect: true, strictFileInteractability: false, timeouts: {implicit: 0, pageLoad: 300000, script: 30000}, unhandledPromptBehavior: dismiss and notify, webauthn:extension:credBlob: true, webauthn:extension:largeBlob: true, webauthn:extension:minPinLength: true, webauthn:extension:prf: true, webauthn:virtualAuthenticators: true}
Session ID: e09c954bcbc3dc3038391cdfc4b494f9
2025-11-05 21:51:03 [TestNG-test-OrangeHRMTest-1] ERROR ActionDriver - Unable to click element: Expected condition failed: waiting for element to be clickable: By.xpath: //span[text() = 'PIM'] (tried for 30 second(s) with 500 milliseconds interval)
Build info: version: '4.37.0', revision: '3c1da1e342'
System info: os.name: 'Windows 11', os.arch: 'amd64', os.version: '10.0', java.version: '20'
Driver info: org.openqa.selenium.chrome.ChromeDriver
Capabilities {acceptInsecureCerts: false, browserName: chrome, browserVersion: 142.0.7444.60, chrome: {chromedriverVersion: 142.0.7444.59 (4b8153ab58d3..., userDataDir: C:\Users\DELL\AppData\Local...}, fedcm:accounts: true, goog:chromeOptions: {debuggerAddress: localhost:55701}, goog:processID: 1156, networkConnectionEnabled: false, pageLoadStrategy: normal, platformName: windows, proxy: Proxy(), se:cdp: ws://localhost:55701/devtoo..., se:cdpVersion: 142.0.7444.60, setWindowRect: true, strictFileInteractability: false, timeouts: {implicit: 0, pageLoad: 300000, script: 30000}, unhandledPromptBehavior: dismiss and notify, webauthn:extension:credBlob: true, webauthn:extension:largeBlob: true, webauthn:extension:minPinLength: true, webauthn:extension:prf: true, webauthn:virtualAuthenticators: true}
Session ID: e09c954bcbc3dc3038391cdfc4b494f9
2025-11-05 21:51:35 [TestNG-test-OrangeHRMTest-1] ERROR ActionDriver - Element is not visible: Expected condition failed: waiting for visibility of element located by By.xpath: //label[text()='Employee Name']/parent::div/following-sibling::div//input (tried for 30 second(s) with 500 milliseconds interval)
Build info: version: '4.37.0', revision: '3c1da1e342'
System info: os.name: 'Windows 11', os.arch: 'amd64', os.version: '10.0', java.version: '20'
Driver info: org.openqa.selenium.chrome.ChromeDriver
Capabilities {acceptInsecureCerts: false, browserName: chrome, browserVersion: 142.0.7444.60, chrome: {chromedriverVersion: 142.0.7444.59 (4b8153ab58d3..., userDataDir: C:\Users\DELL\AppData\Local...}, fedcm:accounts: true, goog:chromeOptions: {debuggerAddress: localhost:55701}, goog:processID: 1156, networkConnectionEnabled: false, pageLoadStrategy: normal, platformName: windows, proxy: Proxy(), se:cdp: ws://localhost:55701/devtoo..., se:cdpVersion: 142.0.7444.60, setWindowRect: true, strictFileInteractability: false, timeouts: {implicit: 0, pageLoad: 300000, script: 30000}, unhandledPromptBehavior: dismiss and notify, webauthn:extension:credBlob: true, webauthn:extension:largeBlob: true, webauthn:extension:minPinLength: true, webauthn:extension:prf: true, webauthn:virtualAuthenticators: true}
Session ID: e09c954bcbc3dc3038391cdfc4b494f9
2025-11-05 21:51:55 [TestNG-test-OrangeHRMTest-1] ERROR ActionDriver - Unable to describe the element: no such element: Unable to locate element: {"method":"xpath","selector":"//label[text()='Employee Name']/parent::div/following-sibling::div//input"}
  (Session info: chrome=142.0.7444.60)
For documentation on this error, please visit: https://www.selenium.dev/documentation/webdriver/troubleshooting/errors#nosuchelementexception
Build info: version: '4.37.0', revision: '3c1da1e342'
System info: os.name: 'Windows 11', os.arch: 'amd64', os.version: '10.0', java.version: '20'
Driver info: org.openqa.selenium.chrome.ChromeDriver
Command: [e09c954bcbc3dc3038391cdfc4b494f9, findElement {value=//label[text()='Employee Name']/parent::div/following-sibling::div//input, using=xpath}]
Capabilities {acceptInsecureCerts: false, browserName: chrome, browserVersion: 142.0.7444.60, chrome: {chromedriverVersion: 142.0.7444.59 (4b8153ab58d3..., userDataDir: C:\Users\DELL\AppData\Local...}, fedcm:accounts: true, goog:chromeOptions: {debuggerAddress: localhost:55701}, goog:processID: 1156, networkConnectionEnabled: false, pageLoadStrategy: normal, platformName: windows, proxy: Proxy(), se:cdp: ws://localhost:55701/devtoo..., se:cdpVersion: 142.0.7444.60, setWindowRect: true, strictFileInteractability: false, timeouts: {implicit: 0, pageLoad: 300000, script: 30000}, unhandledPromptBehavior: dismiss and notify, webauthn:extension:credBlob: true, webauthn:extension:largeBlob: true, webauthn:extension:minPinLength: true, webauthn:extension:prf: true, webauthn:virtualAuthenticators: true}
Session ID: e09c954bcbc3dc3038391cdfc4b494f9
2025-11-05 21:51:55 [TestNG-test-OrangeHRMTest-1] ERROR ActionDriver - Unable to enter the text in to this field: Expected condition failed: waiting for visibility of element located by By.xpath: //label[text()='Employee Name']/parent::div/following-sibling::div//input (tried for 30 second(s) with 500 milliseconds interval)
Build info: version: '4.37.0', revision: '3c1da1e342'
System info: os.name: 'Windows 11', os.arch: 'amd64', os.version: '10.0', java.version: '20'
Driver info: org.openqa.selenium.chrome.ChromeDriver
Capabilities {acceptInsecureCerts: false, browserName: chrome, browserVersion: 142.0.7444.60, chrome: {chromedriverVersion: 142.0.7444.59 (4b8153ab58d3..., userDataDir: C:\Users\DELL\AppData\Local...}, fedcm:accounts: true, goog:chromeOptions: {debuggerAddress: localhost:55701}, goog:processID: 1156, networkConnectionEnabled: false, pageLoadStrategy: normal, platformName: windows, proxy: Proxy(), se:cdp: ws://localhost:55701/devtoo..., se:cdpVersion: 142.0.7444.60, setWindowRect: true, strictFileInteractability: false, timeouts: {implicit: 0, pageLoad: 300000, script: 30000}, unhandledPromptBehavior: dismiss and notify, webauthn:extension:credBlob: true, webauthn:extension:largeBlob: true, webauthn:extension:minPinLength: true, webauthn:extension:prf: true, webauthn:virtualAuthenticators: true}
Session ID: e09c954bcbc3dc3038391cdfc4b494f9
2025-11-05 21:52:26 [TestNG-test-OrangeHRMTest-1] ERROR ActionDriver - Element is not clickable: Expected condition failed: waiting for element to be clickable: By.xpath: //button[@type='submit'] (tried for 30 second(s) with 500 milliseconds interval)
Build info: version: '4.37.0', revision: '3c1da1e342'
System info: os.name: 'Windows 11', os.arch: 'amd64', os.version: '10.0', java.version: '20'
Driver info: org.openqa.selenium.chrome.ChromeDriver
Capabilities {acceptInsecureCerts: false, browserName: chrome, browserVersion: 142.0.7444.60, chrome: {chromedriverVersion: 142.0.7444.59 (4b8153ab58d3..., userDataDir: C:\Users\DELL\AppData\Local...}, fedcm:accounts: true, goog:chromeOptions: {debuggerAddress: localhost:55701}, goog:processID: 1156, networkConnectionEnabled: false, pageLoadStrategy: normal, platformName: windows, proxy: Proxy(), se:cdp: ws://localhost:55701/devtoo..., se:cdpVersion: 142.0.7444.60, setWindowRect: true, strictFileInteractability: false, timeouts: {implicit: 0, pageLoad: 300000, script: 30000}, unhandledPromptBehavior: dismiss and notify, webauthn:extension:credBlob: true, webauthn:extension:largeBlob: true, webauthn:extension:minPinLength: true, webauthn:extension:prf: true, webauthn:virtualAuthenticators: true}
Session ID: e09c954bcbc3dc3038391cdfc4b494f9
2025-11-05 21:52:46 [TestNG-test-OrangeHRMTest-1] ERROR ActionDriver - Unable to describe the element: no such element: Unable to locate element: {"method":"xpath","selector":"//button[@type='submit']"}
  (Session info: chrome=142.0.7444.60)
For documentation on this error, please visit: https://www.selenium.dev/documentation/webdriver/troubleshooting/errors#nosuchelementexception
Build info: version: '4.37.0', revision: '3c1da1e342'
System info: os.name: 'Windows 11', os.arch: 'amd64', os.version: '10.0', java.version: '20'
Driver info: org.openqa.selenium.chrome.ChromeDriver
Command: [e09c954bcbc3dc3038391cdfc4b494f9, findElement {value=//button[@type='submit'], using=xpath}]
Capabilities {acceptInsecureCerts: false, browserName: chrome, browserVersion: 142.0.7444.60, chrome: {chromedriverVersion: 142.0.7444.59 (4b8153ab58d3..., userDataDir: C:\Users\DELL\AppData\Local...}, fedcm:accounts: true, goog:chromeOptions: {debuggerAddress: localhost:55701}, goog:processID: 1156, networkConnectionEnabled: false, pageLoadStrategy: normal, platformName: windows, proxy: Proxy(), se:cdp: ws://localhost:55701/devtoo..., se:cdpVersion: 142.0.7444.60, setWindowRect: true, strictFileInteractability: false, timeouts: {implicit: 0, pageLoad: 300000, script: 30000}, unhandledPromptBehavior: dismiss and notify, webauthn:extension:credBlob: true, webauthn:extension:largeBlob: true, webauthn:extension:minPinLength: true, webauthn:extension:prf: true, webauthn:virtualAuthenticators: true}
Session ID: e09c954bcbc3dc3038391cdfc4b494f9
2025-11-05 21:52:46 [TestNG-test-OrangeHRMTest-1] ERROR ActionDriver - Unable to click element: Expected condition failed: waiting for element to be clickable: By.xpath: //button[@type='submit'] (tried for 30 second(s) with 500 milliseconds interval)
Build info: version: '4.37.0', revision: '3c1da1e342'
System info: os.name: 'Windows 11', os.arch: 'amd64', os.version: '10.0', java.version: '20'
Driver info: org.openqa.selenium.chrome.ChromeDriver
Capabilities {acceptInsecureCerts: false, browserName: chrome, browserVersion: 142.0.7444.60, chrome: {chromedriverVersion: 142.0.7444.59 (4b8153ab58d3..., userDataDir: C:\Users\DELL\AppData\Local...}, fedcm:accounts: true, goog:chromeOptions: {debuggerAddress: localhost:55701}, goog:processID: 1156, networkConnectionEnabled: false, pageLoadStrategy: normal, platformName: windows, proxy: Proxy(), se:cdp: ws://localhost:55701/devtoo..., se:cdpVersion: 142.0.7444.60, setWindowRect: true, strictFileInteractability: false, timeouts: {implicit: 0, pageLoad: 300000, script: 30000}, unhandledPromptBehavior: dismiss and notify, webauthn:extension:credBlob: true, webauthn:extension:largeBlob: true, webauthn:extension:minPinLength: true, webauthn:extension:prf: true, webauthn:virtualAuthenticators: true}
Session ID: e09c954bcbc3dc3038391cdfc4b494f9
2025-11-05 21:52:56 [TestNG-test-OrangeHRMTest-1] ERROR ActionDriver - Unable to scroll to an Element: no such element: Unable to locate element: {"method":"xpath","selector":"//div[@class='oxd-table-body']/div[1]/div/div[3]"}
  (Session info: chrome=142.0.7444.60)
For documentation on this error, please visit: https://www.selenium.dev/documentation/webdriver/troubleshooting/errors#nosuchelementexception
Build info: version: '4.37.0', revision: '3c1da1e342'
System info: os.name: 'Windows 11', os.arch: 'amd64', os.version: '10.0', java.version: '20'
Driver info: org.openqa.selenium.chrome.ChromeDriver
Command: [e09c954bcbc3dc3038391cdfc4b494f9, findElement {value=//div[@class='oxd-table-body']/div[1]/div/div[3], using=xpath}]
Capabilities {acceptInsecureCerts: false, browserName: chrome, browserVersion: 142.0.7444.60, chrome: {chromedriverVersion: 142.0.7444.59 (4b8153ab58d3..., userDataDir: C:\Users\DELL\AppData\Local...}, fedcm:accounts: true, goog:chromeOptions: {debuggerAddress: localhost:55701}, goog:processID: 1156, networkConnectionEnabled: false, pageLoadStrategy: normal, platformName: windows, proxy: Proxy(), se:cdp: ws://localhost:55701/devtoo..., se:cdpVersion: 142.0.7444.60, setWindowRect: true, strictFileInteractability: false, timeouts: {implicit: 0, pageLoad: 300000, script: 30000}, unhandledPromptBehavior: dismiss and notify, webauthn:extension:credBlob: true, webauthn:extension:largeBlob: true, webauthn:extension:minPinLength: true, webauthn:extension:prf: true, webauthn:virtualAuthenticators: true}
Session ID: e09c954bcbc3dc3038391cdfc4b494f9
2025-11-05 21:53:27 [TestNG-test-OrangeHRMTest-1] ERROR ActionDriver - Element is not visible: Expected condition failed: waiting for visibility of element located by By.xpath: //div[@class='oxd-table-body']/div[1]/div/div[3] (tried for 30 second(s) with 500 milliseconds interval)
Build info: version: '4.37.0', revision: '3c1da1e342'
System info: os.name: 'Windows 11', os.arch: 'amd64', os.version: '10.0', java.version: '20'
Driver info: org.openqa.selenium.chrome.ChromeDriver
Capabilities {acceptInsecureCerts: false, browserName: chrome, browserVersion: 142.0.7444.60, chrome: {chromedriverVersion: 142.0.7444.59 (4b8153ab58d3..., userDataDir: C:\Users\DELL\AppData\Local...}, fedcm:accounts: true, goog:chromeOptions: {debuggerAddress: localhost:55701}, goog:processID: 1156, networkConnectionEnabled: false, pageLoadStrategy: normal, platformName: windows, proxy: Proxy(), se:cdp: ws://localhost:55701/devtoo..., se:cdpVersion: 142.0.7444.60, setWindowRect: true, strictFileInteractability: false, timeouts: {implicit: 0, pageLoad: 300000, script: 30000}, unhandledPromptBehavior: dismiss and notify, webauthn:extension:credBlob: true, webauthn:extension:largeBlob: true, webauthn:extension:minPinLength: true, webauthn:extension:prf: true, webauthn:virtualAuthenticators: true}
Session ID: e09c954bcbc3dc3038391cdfc4b494f9
2025-11-05 21:53:27 [TestNG-test-OrangeHRMTest-1] ERROR ActionDriver - Unable to compare: Expected condition failed: waiting for visibility of element located by By.xpath: //div[@class='oxd-table-body']/div[1]/div/div[3] (tried for 30 second(s) with 500 milliseconds interval)
Build info: version: '4.37.0', revision: '3c1da1e342'
System info: os.name: 'Windows 11', os.arch: 'amd64', os.version: '10.0', java.version: '20'
Driver info: org.openqa.selenium.chrome.ChromeDriver
Capabilities {acceptInsecureCerts: false, browserName: chrome, browserVersion: 142.0.7444.60, chrome: {chromedriverVersion: 142.0.7444.59 (4b8153ab58d3..., userDataDir: C:\Users\DELL\AppData\Local...}, fedcm:accounts: true, goog:chromeOptions: {debuggerAddress: localhost:55701}, goog:processID: 1156, networkConnectionEnabled: false, pageLoadStrategy: normal, platformName: windows, proxy: Proxy(), se:cdp: ws://localhost:55701/devtoo..., se:cdpVersion: 142.0.7444.60, setWindowRect: true, strictFileInteractability: false, timeouts: {implicit: 0, pageLoad: 300000, script: 30000}, unhandledPromptBehavior: dismiss and notify, webauthn:extension:credBlob: true, webauthn:extension:largeBlob: true, webauthn:extension:minPinLength: true, webauthn:extension:prf: true, webauthn:virtualAuthenticators: true}
Session ID: e09c954bcbc3dc3038391cdfc4b494f9
2025-11-05 21:53:58 [TestNG-test-OrangeHRMTest-1] ERROR ActionDriver - Element is not visible: Expected condition failed: waiting for visibility of element located by By.xpath: //div[@class='oxd-table-body']/div[1]/div/div[4] (tried for 30 second(s) with 500 milliseconds interval)
Build info: version: '4.37.0', revision: '3c1da1e342'
System info: os.name: 'Windows 11', os.arch: 'amd64', os.version: '10.0', java.version: '20'
Driver info: org.openqa.selenium.chrome.ChromeDriver
Capabilities {acceptInsecureCerts: false, browserName: chrome, browserVersion: 142.0.7444.60, chrome: {chromedriverVersion: 142.0.7444.59 (4b8153ab58d3..., userDataDir: C:\Users\DELL\AppData\Local...}, fedcm:accounts: true, goog:chromeOptions: {debuggerAddress: localhost:55701}, goog:processID: 1156, networkConnectionEnabled: false, pageLoadStrategy: normal, platformName: windows, proxy: Proxy(), se:cdp: ws://localhost:55701/devtoo..., se:cdpVersion: 142.0.7444.60, setWindowRect: true, strictFileInteractability: false, timeouts: {implicit: 0, pageLoad: 300000, script: 30000}, unhandledPromptBehavior: dismiss and notify, webauthn:extension:credBlob: true, webauthn:extension:largeBlob: true, webauthn:extension:minPinLength: true, webauthn:extension:prf: true, webauthn:virtualAuthenticators: true}
Session ID: e09c954bcbc3dc3038391cdfc4b494f9
2025-11-05 21:53:58 [TestNG-test-OrangeHRMTest-1] ERROR ActionDriver - Unable to compare: Expected condition failed: waiting for visibility of element located by By.xpath: //div[@class='oxd-table-body']/div[1]/div/div[4] (tried for 30 second(s) with 500 milliseconds interval)
Build info: version: '4.37.0', revision: '3c1da1e342'
System info: os.name: 'Windows 11', os.arch: 'amd64', os.version: '10.0', java.version: '20'
Driver info: org.openqa.selenium.chrome.ChromeDriver
Capabilities {acceptInsecureCerts: false, browserName: chrome, browserVersion: 142.0.7444.60, chrome: {chromedriverVersion: 142.0.7444.59 (4b8153ab58d3..., userDataDir: C:\Users\DELL\AppData\Local...}, fedcm:accounts: true, goog:chromeOptions: {debuggerAddress: localhost:55701}, goog:processID: 1156, networkConnectionEnabled: false, pageLoadStrategy: normal, platformName: windows, proxy: Proxy(), se:cdp: ws://localhost:55701/devtoo..., se:cdpVersion: 142.0.7444.60, setWindowRect: true, strictFileInteractability: false, timeouts: {implicit: 0, pageLoad: 300000, script: 30000}, unhandledPromptBehavior: dismiss and notify, webauthn:extension:credBlob: true, webauthn:extension:largeBlob: true, webauthn:extension:minPinLength: true, webauthn:extension:prf: true, webauthn:virtualAuthenticators: true}
Session ID: e09c954bcbc3dc3038391cdfc4b494f9
2025-11-05 21:54:00 [TestNG-test-OrangeHRMTest-1] ERROR BaseClass - error message
2025-11-05 21:54:00 [TestNG-test-OrangeHRMTest-1] FATAL BaseClass - fatal message
2025-11-05 21:54:33 [TestNG-test-OrangeHRMTest-1] ERROR ActionDriver - Element is not clickable: Expected condition failed: waiting for element to be clickable: By.xpath: //span[text() = 'PIM'] (tried for 30 second(s) with 500 milliseconds interval)
Build info: version: '4.37.0', revision: '3c1da1e342'
System info: os.name: 'Windows 11', os.arch: 'amd64', os.version: '10.0', java.version: '20'
Driver info: org.openqa.selenium.chrome.ChromeDriver
Capabilities {acceptInsecureCerts: false, browserName: chrome, browserVersion: 142.0.7444.60, chrome: {chromedriverVersion: 142.0.7444.59 (4b8153ab58d3..., userDataDir: C:\Users\DELL\AppData\Local...}, fedcm:accounts: true, goog:chromeOptions: {debuggerAddress: localhost:60626}, goog:processID: 46784, networkConnectionEnabled: false, pageLoadStrategy: normal, platformName: windows, proxy: Proxy(), se:cdp: ws://localhost:60626/devtoo..., se:cdpVersion: 142.0.7444.60, setWindowRect: true, strictFileInteractability: false, timeouts: {implicit: 0, pageLoad: 300000, script: 30000}, unhandledPromptBehavior: dismiss and notify, webauthn:extension:credBlob: true, webauthn:extension:largeBlob: true, webauthn:extension:minPinLength: true, webauthn:extension:prf: true, webauthn:virtualAuthenticators: true}
Session ID: 13d4da3036e030e1c1411faa94622fcd
2025-11-05 21:54:33 [TestNG-test-OrangeHRMTest-1] ERROR ActionDriver - Unable to click element: Expected condition failed: waiting for element to be clickable: By.xpath: //span[text() = 'PIM'] (tried for 30 second(s) with 500 milliseconds interval)
Build info: version: '4.37.0', revision: '3c1da1e342'
System info: os.name: 'Windows 11', os.arch: 'amd64', os.version: '10.0', java.version: '20'
Driver info: org.openqa.selenium.chrome.ChromeDriver
Capabilities {acceptInsecureCerts: false, browserName: chrome, browserVersion: 142.0.7444.60, chrome: {chromedriverVersion: 142.0.7444.59 (4b8153ab58d3..., userDataDir: C:\Users\DELL\AppData\Local...}, fedcm:accounts: true, goog:chromeOptions: {debuggerAddress: localhost:60626}, goog:processID: 46784, networkConnectionEnabled: false, pageLoadStrategy: normal, platformName: windows, proxy: Proxy(), se:cdp: ws://localhost:60626/devtoo..., se:cdpVersion: 142.0.7444.60, setWindowRect: true, strictFileInteractability: false, timeouts: {implicit: 0, pageLoad: 300000, script: 30000}, unhandledPromptBehavior: dismiss and notify, webauthn:extension:credBlob: true, webauthn:extension:largeBlob: true, webauthn:extension:minPinLength: true, webauthn:extension:prf: true, webauthn:virtualAuthenticators: true}
Session ID: 13d4da3036e030e1c1411faa94622fcd
2025-11-05 21:55:04 [TestNG-test-OrangeHRMTest-1] ERROR ActionDriver - Element is not visible: Expected condition failed: waiting for visibility of element located by By.xpath: //label[text()='Employee Name']/parent::div/following-sibling::div//input (tried for 30 second(s) with 500 milliseconds interval)
Build info: version: '4.37.0', revision: '3c1da1e342'
System info: os.name: 'Windows 11', os.arch: 'amd64', os.version: '10.0', java.version: '20'
Driver info: org.openqa.selenium.chrome.ChromeDriver
Capabilities {acceptInsecureCerts: false, browserName: chrome, browserVersion: 142.0.7444.60, chrome: {chromedriverVersion: 142.0.7444.59 (4b8153ab58d3..., userDataDir: C:\Users\DELL\AppData\Local...}, fedcm:accounts: true, goog:chromeOptions: {debuggerAddress: localhost:60626}, goog:processID: 46784, networkConnectionEnabled: false, pageLoadStrategy: normal, platformName: windows, proxy: Proxy(), se:cdp: ws://localhost:60626/devtoo..., se:cdpVersion: 142.0.7444.60, setWindowRect: true, strictFileInteractability: false, timeouts: {implicit: 0, pageLoad: 300000, script: 30000}, unhandledPromptBehavior: dismiss and notify, webauthn:extension:credBlob: true, webauthn:extension:largeBlob: true, webauthn:extension:minPinLength: true, webauthn:extension:prf: true, webauthn:virtualAuthenticators: true}
Session ID: 13d4da3036e030e1c1411faa94622fcd
2025-11-05 21:55:24 [TestNG-test-OrangeHRMTest-1] ERROR ActionDriver - Unable to describe the element: no such element: Unable to locate element: {"method":"xpath","selector":"//label[text()='Employee Name']/parent::div/following-sibling::div//input"}
  (Session info: chrome=142.0.7444.60)
For documentation on this error, please visit: https://www.selenium.dev/documentation/webdriver/troubleshooting/errors#nosuchelementexception
Build info: version: '4.37.0', revision: '3c1da1e342'
System info: os.name: 'Windows 11', os.arch: 'amd64', os.version: '10.0', java.version: '20'
Driver info: org.openqa.selenium.chrome.ChromeDriver
Command: [13d4da3036e030e1c1411faa94622fcd, findElement {value=//label[text()='Employee Name']/parent::div/following-sibling::div//input, using=xpath}]
Capabilities {acceptInsecureCerts: false, browserName: chrome, browserVersion: 142.0.7444.60, chrome: {chromedriverVersion: 142.0.7444.59 (4b8153ab58d3..., userDataDir: C:\Users\DELL\AppData\Local...}, fedcm:accounts: true, goog:chromeOptions: {debuggerAddress: localhost:60626}, goog:processID: 46784, networkConnectionEnabled: false, pageLoadStrategy: normal, platformName: windows, proxy: Proxy(), se:cdp: ws://localhost:60626/devtoo..., se:cdpVersion: 142.0.7444.60, setWindowRect: true, strictFileInteractability: false, timeouts: {implicit: 0, pageLoad: 300000, script: 30000}, unhandledPromptBehavior: dismiss and notify, webauthn:extension:credBlob: true, webauthn:extension:largeBlob: true, webauthn:extension:minPinLength: true, webauthn:extension:prf: true, webauthn:virtualAuthenticators: true}
Session ID: 13d4da3036e030e1c1411faa94622fcd
2025-11-05 21:55:24 [TestNG-test-OrangeHRMTest-1] ERROR ActionDriver - Unable to enter the text in to this field: Expected condition failed: waiting for visibility of element located by By.xpath: //label[text()='Employee Name']/parent::div/following-sibling::div//input (tried for 30 second(s) with 500 milliseconds interval)
Build info: version: '4.37.0', revision: '3c1da1e342'
System info: os.name: 'Windows 11', os.arch: 'amd64', os.version: '10.0', java.version: '20'
Driver info: org.openqa.selenium.chrome.ChromeDriver
Capabilities {acceptInsecureCerts: false, browserName: chrome, browserVersion: 142.0.7444.60, chrome: {chromedriverVersion: 142.0.7444.59 (4b8153ab58d3..., userDataDir: C:\Users\DELL\AppData\Local...}, fedcm:accounts: true, goog:chromeOptions: {debuggerAddress: localhost:60626}, goog:processID: 46784, networkConnectionEnabled: false, pageLoadStrategy: normal, platformName: windows, proxy: Proxy(), se:cdp: ws://localhost:60626/devtoo..., se:cdpVersion: 142.0.7444.60, setWindowRect: true, strictFileInteractability: false, timeouts: {implicit: 0, pageLoad: 300000, script: 30000}, unhandledPromptBehavior: dismiss and notify, webauthn:extension:credBlob: true, webauthn:extension:largeBlob: true, webauthn:extension:minPinLength: true, webauthn:extension:prf: true, webauthn:virtualAuthenticators: true}
Session ID: 13d4da3036e030e1c1411faa94622fcd
2025-11-05 21:55:55 [TestNG-test-OrangeHRMTest-1] ERROR ActionDriver - Element is not clickable: Expected condition failed: waiting for element to be clickable: By.xpath: //button[@type='submit'] (tried for 30 second(s) with 500 milliseconds interval)
Build info: version: '4.37.0', revision: '3c1da1e342'
System info: os.name: 'Windows 11', os.arch: 'amd64', os.version: '10.0', java.version: '20'
Driver info: org.openqa.selenium.chrome.ChromeDriver
Capabilities {acceptInsecureCerts: false, browserName: chrome, browserVersion: 142.0.7444.60, chrome: {chromedriverVersion: 142.0.7444.59 (4b8153ab58d3..., userDataDir: C:\Users\DELL\AppData\Local...}, fedcm:accounts: true, goog:chromeOptions: {debuggerAddress: localhost:60626}, goog:processID: 46784, networkConnectionEnabled: false, pageLoadStrategy: normal, platformName: windows, proxy: Proxy(), se:cdp: ws://localhost:60626/devtoo..., se:cdpVersion: 142.0.7444.60, setWindowRect: true, strictFileInteractability: false, timeouts: {implicit: 0, pageLoad: 300000, script: 30000}, unhandledPromptBehavior: dismiss and notify, webauthn:extension:credBlob: true, webauthn:extension:largeBlob: true, webauthn:extension:minPinLength: true, webauthn:extension:prf: true, webauthn:virtualAuthenticators: true}
Session ID: 13d4da3036e030e1c1411faa94622fcd
2025-11-05 21:56:16 [TestNG-test-OrangeHRMTest-1] ERROR ActionDriver - Unable to describe the element: no such element: Unable to locate element: {"method":"xpath","selector":"//button[@type='submit']"}
  (Session info: chrome=142.0.7444.60)
For documentation on this error, please visit: https://www.selenium.dev/documentation/webdriver/troubleshooting/errors#nosuchelementexception
Build info: version: '4.37.0', revision: '3c1da1e342'
System info: os.name: 'Windows 11', os.arch: 'amd64', os.version: '10.0', java.version: '20'
Driver info: org.openqa.selenium.chrome.ChromeDriver
Command: [13d4da3036e030e1c1411faa94622fcd, findElement {value=//button[@type='submit'], using=xpath}]
Capabilities {acceptInsecureCerts: false, browserName: chrome, browserVersion: 142.0.7444.60, chrome: {chromedriverVersion: 142.0.7444.59 (4b8153ab58d3..., userDataDir: C:\Users\DELL\AppData\Local...}, fedcm:accounts: true, goog:chromeOptions: {debuggerAddress: localhost:60626}, goog:processID: 46784, networkConnectionEnabled: false, pageLoadStrategy: normal, platformName: windows, proxy: Proxy(), se:cdp: ws://localhost:60626/devtoo..., se:cdpVersion: 142.0.7444.60, setWindowRect: true, strictFileInteractability: false, timeouts: {implicit: 0, pageLoad: 300000, script: 30000}, unhandledPromptBehavior: dismiss and notify, webauthn:extension:credBlob: true, webauthn:extension:largeBlob: true, webauthn:extension:minPinLength: true, webauthn:extension:prf: true, webauthn:virtualAuthenticators: true}
Session ID: 13d4da3036e030e1c1411faa94622fcd
2025-11-05 21:56:16 [TestNG-test-OrangeHRMTest-1] ERROR ActionDriver - Unable to click element: Expected condition failed: waiting for element to be clickable: By.xpath: //button[@type='submit'] (tried for 30 second(s) with 500 milliseconds interval)
Build info: version: '4.37.0', revision: '3c1da1e342'
System info: os.name: 'Windows 11', os.arch: 'amd64', os.version: '10.0', java.version: '20'
Driver info: org.openqa.selenium.chrome.ChromeDriver
Capabilities {acceptInsecureCerts: false, browserName: chrome, browserVersion: 142.0.7444.60, chrome: {chromedriverVersion: 142.0.7444.59 (4b8153ab58d3..., userDataDir: C:\Users\DELL\AppData\Local...}, fedcm:accounts: true, goog:chromeOptions: {debuggerAddress: localhost:60626}, goog:processID: 46784, networkConnectionEnabled: false, pageLoadStrategy: normal, platformName: windows, proxy: Proxy(), se:cdp: ws://localhost:60626/devtoo..., se:cdpVersion: 142.0.7444.60, setWindowRect: true, strictFileInteractability: false, timeouts: {implicit: 0, pageLoad: 300000, script: 30000}, unhandledPromptBehavior: dismiss and notify, webauthn:extension:credBlob: true, webauthn:extension:largeBlob: true, webauthn:extension:minPinLength: true, webauthn:extension:prf: true, webauthn:virtualAuthenticators: true}
Session ID: 13d4da3036e030e1c1411faa94622fcd
2025-11-05 21:56:26 [TestNG-test-OrangeHRMTest-1] ERROR ActionDriver - Unable to scroll to an Element: no such element: Unable to locate element: {"method":"xpath","selector":"//div[@class='oxd-table-body']/div[1]/div/div[3]"}
  (Session info: chrome=142.0.7444.60)
For documentation on this error, please visit: https://www.selenium.dev/documentation/webdriver/troubleshooting/errors#nosuchelementexception
Build info: version: '4.37.0', revision: '3c1da1e342'
System info: os.name: 'Windows 11', os.arch: 'amd64', os.version: '10.0', java.version: '20'
Driver info: org.openqa.selenium.chrome.ChromeDriver
Command: [13d4da3036e030e1c1411faa94622fcd, findElement {value=//div[@class='oxd-table-body']/div[1]/div/div[3], using=xpath}]
Capabilities {acceptInsecureCerts: false, browserName: chrome, browserVersion: 142.0.7444.60, chrome: {chromedriverVersion: 142.0.7444.59 (4b8153ab58d3..., userDataDir: C:\Users\DELL\AppData\Local...}, fedcm:accounts: true, goog:chromeOptions: {debuggerAddress: localhost:60626}, goog:processID: 46784, networkConnectionEnabled: false, pageLoadStrategy: normal, platformName: windows, proxy: Proxy(), se:cdp: ws://localhost:60626/devtoo..., se:cdpVersion: 142.0.7444.60, setWindowRect: true, strictFileInteractability: false, timeouts: {implicit: 0, pageLoad: 300000, script: 30000}, unhandledPromptBehavior: dismiss and notify, webauthn:extension:credBlob: true, webauthn:extension:largeBlob: true, webauthn:extension:minPinLength: true, webauthn:extension:prf: true, webauthn:virtualAuthenticators: true}
Session ID: 13d4da3036e030e1c1411faa94622fcd
2025-11-05 21:56:57 [TestNG-test-OrangeHRMTest-1] ERROR ActionDriver - Element is not visible: Expected condition failed: waiting for visibility of element located by By.xpath: //div[@class='oxd-table-body']/div[1]/div/div[3] (tried for 30 second(s) with 500 milliseconds interval)
Build info: version: '4.37.0', revision: '3c1da1e342'
System info: os.name: 'Windows 11', os.arch: 'amd64', os.version: '10.0', java.version: '20'
Driver info: org.openqa.selenium.chrome.ChromeDriver
Capabilities {acceptInsecureCerts: false, browserName: chrome, browserVersion: 142.0.7444.60, chrome: {chromedriverVersion: 142.0.7444.59 (4b8153ab58d3..., userDataDir: C:\Users\DELL\AppData\Local...}, fedcm:accounts: true, goog:chromeOptions: {debuggerAddress: localhost:60626}, goog:processID: 46784, networkConnectionEnabled: false, pageLoadStrategy: normal, platformName: windows, proxy: Proxy(), se:cdp: ws://localhost:60626/devtoo..., se:cdpVersion: 142.0.7444.60, setWindowRect: true, strictFileInteractability: false, timeouts: {implicit: 0, pageLoad: 300000, script: 30000}, unhandledPromptBehavior: dismiss and notify, webauthn:extension:credBlob: true, webauthn:extension:largeBlob: true, webauthn:extension:minPinLength: true, webauthn:extension:prf: true, webauthn:virtualAuthenticators: true}
Session ID: 13d4da3036e030e1c1411faa94622fcd
2025-11-05 21:56:57 [TestNG-test-OrangeHRMTest-1] ERROR ActionDriver - Unable to compare: Expected condition failed: waiting for visibility of element located by By.xpath: //div[@class='oxd-table-body']/div[1]/div/div[3] (tried for 30 second(s) with 500 milliseconds interval)
Build info: version: '4.37.0', revision: '3c1da1e342'
System info: os.name: 'Windows 11', os.arch: 'amd64', os.version: '10.0', java.version: '20'
Driver info: org.openqa.selenium.chrome.ChromeDriver
Capabilities {acceptInsecureCerts: false, browserName: chrome, browserVersion: 142.0.7444.60, chrome: {chromedriverVersion: 142.0.7444.59 (4b8153ab58d3..., userDataDir: C:\Users\DELL\AppData\Local...}, fedcm:accounts: true, goog:chromeOptions: {debuggerAddress: localhost:60626}, goog:processID: 46784, networkConnectionEnabled: false, pageLoadStrategy: normal, platformName: windows, proxy: Proxy(), se:cdp: ws://localhost:60626/devtoo..., se:cdpVersion: 142.0.7444.60, setWindowRect: true, strictFileInteractability: false, timeouts: {implicit: 0, pageLoad: 300000, script: 30000}, unhandledPromptBehavior: dismiss and notify, webauthn:extension:credBlob: true, webauthn:extension:largeBlob: true, webauthn:extension:minPinLength: true, webauthn:extension:prf: true, webauthn:virtualAuthenticators: true}
Session ID: 13d4da3036e030e1c1411faa94622fcd
2025-11-05 21:57:28 [TestNG-test-OrangeHRMTest-1] ERROR ActionDriver - Element is not visible: Expected condition failed: waiting for visibility of element located by By.xpath: //div[@class='oxd-table-body']/div[1]/div/div[4] (tried for 30 second(s) with 500 milliseconds interval)
Build info: version: '4.37.0', revision: '3c1da1e342'
System info: os.name: 'Windows 11', os.arch: 'amd64', os.version: '10.0', java.version: '20'
Driver info: org.openqa.selenium.chrome.ChromeDriver
Capabilities {acceptInsecureCerts: false, browserName: chrome, browserVersion: 142.0.7444.60, chrome: {chromedriverVersion: 142.0.7444.59 (4b8153ab58d3..., userDataDir: C:\Users\DELL\AppData\Local...}, fedcm:accounts: true, goog:chromeOptions: {debuggerAddress: localhost:60626}, goog:processID: 46784, networkConnectionEnabled: false, pageLoadStrategy: normal, platformName: windows, proxy: Proxy(), se:cdp: ws://localhost:60626/devtoo..., se:cdpVersion: 142.0.7444.60, setWindowRect: true, strictFileInteractability: false, timeouts: {implicit: 0, pageLoad: 300000, script: 30000}, unhandledPromptBehavior: dismiss and notify, webauthn:extension:credBlob: true, webauthn:extension:largeBlob: true, webauthn:extension:minPinLength: true, webauthn:extension:prf: true, webauthn:virtualAuthenticators: true}
Session ID: 13d4da3036e030e1c1411faa94622fcd
2025-11-05 21:57:28 [TestNG-test-OrangeHRMTest-1] ERROR ActionDriver - Unable to compare: Expected condition failed: waiting for visibility of element located by By.xpath: //div[@class='oxd-table-body']/div[1]/div/div[4] (tried for 30 second(s) with 500 milliseconds interval)
Build info: version: '4.37.0', revision: '3c1da1e342'
System info: os.name: 'Windows 11', os.arch: 'amd64', os.version: '10.0', java.version: '20'
Driver info: org.openqa.selenium.chrome.ChromeDriver
Capabilities {acceptInsecureCerts: false, browserName: chrome, browserVersion: 142.0.7444.60, chrome: {chromedriverVersion: 142.0.7444.59 (4b8153ab58d3..., userDataDir: C:\Users\DELL\AppData\Local...}, fedcm:accounts: true, goog:chromeOptions: {debuggerAddress: localhost:60626}, goog:processID: 46784, networkConnectionEnabled: false, pageLoadStrategy: normal, platformName: windows, proxy: Proxy(), se:cdp: ws://localhost:60626/devtoo..., se:cdpVersion: 142.0.7444.60, setWindowRect: true, strictFileInteractability: false, timeouts: {implicit: 0, pageLoad: 300000, script: 30000}, unhandledPromptBehavior: dismiss and notify, webauthn:extension:credBlob: true, webauthn:extension:largeBlob: true, webauthn:extension:minPinLength: true, webauthn:extension:prf: true, webauthn:virtualAuthenticators: true}
Session ID: 13d4da3036e030e1c1411faa94622fcd
2025-11-05 21:57:30 [TestNG-test-OrangeHRMTest-1] ERROR BaseClass - error message
2025-11-05 21:57:30 [TestNG-test-OrangeHRMTest-1] FATAL BaseClass - fatal message
2025-11-05 21:58:02 [TestNG-test-OrangeHRMTest-1] ERROR ActionDriver - Element is not clickable: Expected condition failed: waiting for element to be clickable: By.xpath: //span[text() = 'PIM'] (tried for 30 second(s) with 500 milliseconds interval)
Build info: version: '4.37.0', revision: '3c1da1e342'
System info: os.name: 'Windows 11', os.arch: 'amd64', os.version: '10.0', java.version: '20'
Driver info: org.openqa.selenium.chrome.ChromeDriver
Capabilities {acceptInsecureCerts: false, browserName: chrome, browserVersion: 142.0.7444.60, chrome: {chromedriverVersion: 142.0.7444.59 (4b8153ab58d3..., userDataDir: C:\Users\DELL\AppData\Local...}, fedcm:accounts: true, goog:chromeOptions: {debuggerAddress: localhost:58401}, goog:processID: 9992, networkConnectionEnabled: false, pageLoadStrategy: normal, platformName: windows, proxy: Proxy(), se:cdp: ws://localhost:58401/devtoo..., se:cdpVersion: 142.0.7444.60, setWindowRect: true, strictFileInteractability: false, timeouts: {implicit: 0, pageLoad: 300000, script: 30000}, unhandledPromptBehavior: dismiss and notify, webauthn:extension:credBlob: true, webauthn:extension:largeBlob: true, webauthn:extension:minPinLength: true, webauthn:extension:prf: true, webauthn:virtualAuthenticators: true}
Session ID: 8eb5ed1460ee81d36875b65ac2a25d0d
2025-11-05 21:58:03 [TestNG-test-OrangeHRMTest-1] ERROR ActionDriver - Unable to click element: Expected condition failed: waiting for element to be clickable: By.xpath: //span[text() = 'PIM'] (tried for 30 second(s) with 500 milliseconds interval)
Build info: version: '4.37.0', revision: '3c1da1e342'
System info: os.name: 'Windows 11', os.arch: 'amd64', os.version: '10.0', java.version: '20'
Driver info: org.openqa.selenium.chrome.ChromeDriver
Capabilities {acceptInsecureCerts: false, browserName: chrome, browserVersion: 142.0.7444.60, chrome: {chromedriverVersion: 142.0.7444.59 (4b8153ab58d3..., userDataDir: C:\Users\DELL\AppData\Local...}, fedcm:accounts: true, goog:chromeOptions: {debuggerAddress: localhost:58401}, goog:processID: 9992, networkConnectionEnabled: false, pageLoadStrategy: normal, platformName: windows, proxy: Proxy(), se:cdp: ws://localhost:58401/devtoo..., se:cdpVersion: 142.0.7444.60, setWindowRect: true, strictFileInteractability: false, timeouts: {implicit: 0, pageLoad: 300000, script: 30000}, unhandledPromptBehavior: dismiss and notify, webauthn:extension:credBlob: true, webauthn:extension:largeBlob: true, webauthn:extension:minPinLength: true, webauthn:extension:prf: true, webauthn:virtualAuthenticators: true}
Session ID: 8eb5ed1460ee81d36875b65ac2a25d0d
2025-11-05 21:58:34 [TestNG-test-OrangeHRMTest-1] ERROR ActionDriver - Element is not visible: Expected condition failed: waiting for visibility of element located by By.xpath: //label[text()='Employee Name']/parent::div/following-sibling::div//input (tried for 30 second(s) with 500 milliseconds interval)
Build info: version: '4.37.0', revision: '3c1da1e342'
System info: os.name: 'Windows 11', os.arch: 'amd64', os.version: '10.0', java.version: '20'
Driver info: org.openqa.selenium.chrome.ChromeDriver
Capabilities {acceptInsecureCerts: false, browserName: chrome, browserVersion: 142.0.7444.60, chrome: {chromedriverVersion: 142.0.7444.59 (4b8153ab58d3..., userDataDir: C:\Users\DELL\AppData\Local...}, fedcm:accounts: true, goog:chromeOptions: {debuggerAddress: localhost:58401}, goog:processID: 9992, networkConnectionEnabled: false, pageLoadStrategy: normal, platformName: windows, proxy: Proxy(), se:cdp: ws://localhost:58401/devtoo..., se:cdpVersion: 142.0.7444.60, setWindowRect: true, strictFileInteractability: false, timeouts: {implicit: 0, pageLoad: 300000, script: 30000}, unhandledPromptBehavior: dismiss and notify, webauthn:extension:credBlob: true, webauthn:extension:largeBlob: true, webauthn:extension:minPinLength: true, webauthn:extension:prf: true, webauthn:virtualAuthenticators: true}
Session ID: 8eb5ed1460ee81d36875b65ac2a25d0d
2025-11-05 21:58:54 [TestNG-test-OrangeHRMTest-1] ERROR ActionDriver - Unable to describe the element: no such element: Unable to locate element: {"method":"xpath","selector":"//label[text()='Employee Name']/parent::div/following-sibling::div//input"}
  (Session info: chrome=142.0.7444.60)
For documentation on this error, please visit: https://www.selenium.dev/documentation/webdriver/troubleshooting/errors#nosuchelementexception
Build info: version: '4.37.0', revision: '3c1da1e342'
System info: os.name: 'Windows 11', os.arch: 'amd64', os.version: '10.0', java.version: '20'
Driver info: org.openqa.selenium.chrome.ChromeDriver
Command: [8eb5ed1460ee81d36875b65ac2a25d0d, findElement {value=//label[text()='Employee Name']/parent::div/following-sibling::div//input, using=xpath}]
Capabilities {acceptInsecureCerts: false, browserName: chrome, browserVersion: 142.0.7444.60, chrome: {chromedriverVersion: 142.0.7444.59 (4b8153ab58d3..., userDataDir: C:\Users\DELL\AppData\Local...}, fedcm:accounts: true, goog:chromeOptions: {debuggerAddress: localhost:58401}, goog:processID: 9992, networkConnectionEnabled: false, pageLoadStrategy: normal, platformName: windows, proxy: Proxy(), se:cdp: ws://localhost:58401/devtoo..., se:cdpVersion: 142.0.7444.60, setWindowRect: true, strictFileInteractability: false, timeouts: {implicit: 0, pageLoad: 300000, script: 30000}, unhandledPromptBehavior: dismiss and notify, webauthn:extension:credBlob: true, webauthn:extension:largeBlob: true, webauthn:extension:minPinLength: true, webauthn:extension:prf: true, webauthn:virtualAuthenticators: true}
Session ID: 8eb5ed1460ee81d36875b65ac2a25d0d
2025-11-05 21:58:54 [TestNG-test-OrangeHRMTest-1] ERROR ActionDriver - Unable to enter the text in to this field: Expected condition failed: waiting for visibility of element located by By.xpath: //label[text()='Employee Name']/parent::div/following-sibling::div//input (tried for 30 second(s) with 500 milliseconds interval)
Build info: version: '4.37.0', revision: '3c1da1e342'
System info: os.name: 'Windows 11', os.arch: 'amd64', os.version: '10.0', java.version: '20'
Driver info: org.openqa.selenium.chrome.ChromeDriver
Capabilities {acceptInsecureCerts: false, browserName: chrome, browserVersion: 142.0.7444.60, chrome: {chromedriverVersion: 142.0.7444.59 (4b8153ab58d3..., userDataDir: C:\Users\DELL\AppData\Local...}, fedcm:accounts: true, goog:chromeOptions: {debuggerAddress: localhost:58401}, goog:processID: 9992, networkConnectionEnabled: false, pageLoadStrategy: normal, platformName: windows, proxy: Proxy(), se:cdp: ws://localhost:58401/devtoo..., se:cdpVersion: 142.0.7444.60, setWindowRect: true, strictFileInteractability: false, timeouts: {implicit: 0, pageLoad: 300000, script: 30000}, unhandledPromptBehavior: dismiss and notify, webauthn:extension:credBlob: true, webauthn:extension:largeBlob: true, webauthn:extension:minPinLength: true, webauthn:extension:prf: true, webauthn:virtualAuthenticators: true}
Session ID: 8eb5ed1460ee81d36875b65ac2a25d0d
2025-11-05 21:59:25 [TestNG-test-OrangeHRMTest-1] ERROR ActionDriver - Element is not clickable: Expected condition failed: waiting for element to be clickable: By.xpath: //button[@type='submit'] (tried for 30 second(s) with 500 milliseconds interval)
Build info: version: '4.37.0', revision: '3c1da1e342'
System info: os.name: 'Windows 11', os.arch: 'amd64', os.version: '10.0', java.version: '20'
Driver info: org.openqa.selenium.chrome.ChromeDriver
Capabilities {acceptInsecureCerts: false, browserName: chrome, browserVersion: 142.0.7444.60, chrome: {chromedriverVersion: 142.0.7444.59 (4b8153ab58d3..., userDataDir: C:\Users\DELL\AppData\Local...}, fedcm:accounts: true, goog:chromeOptions: {debuggerAddress: localhost:58401}, goog:processID: 9992, networkConnectionEnabled: false, pageLoadStrategy: normal, platformName: windows, proxy: Proxy(), se:cdp: ws://localhost:58401/devtoo..., se:cdpVersion: 142.0.7444.60, setWindowRect: true, strictFileInteractability: false, timeouts: {implicit: 0, pageLoad: 300000, script: 30000}, unhandledPromptBehavior: dismiss and notify, webauthn:extension:credBlob: true, webauthn:extension:largeBlob: true, webauthn:extension:minPinLength: true, webauthn:extension:prf: true, webauthn:virtualAuthenticators: true}
Session ID: 8eb5ed1460ee81d36875b65ac2a25d0d
2025-11-05 21:59:45 [TestNG-test-OrangeHRMTest-1] ERROR ActionDriver - Unable to describe the element: no such element: Unable to locate element: {"method":"xpath","selector":"//button[@type='submit']"}
  (Session info: chrome=142.0.7444.60)
For documentation on this error, please visit: https://www.selenium.dev/documentation/webdriver/troubleshooting/errors#nosuchelementexception
Build info: version: '4.37.0', revision: '3c1da1e342'
System info: os.name: 'Windows 11', os.arch: 'amd64', os.version: '10.0', java.version: '20'
Driver info: org.openqa.selenium.chrome.ChromeDriver
Command: [8eb5ed1460ee81d36875b65ac2a25d0d, findElement {value=//button[@type='submit'], using=xpath}]
Capabilities {acceptInsecureCerts: false, browserName: chrome, browserVersion: 142.0.7444.60, chrome: {chromedriverVersion: 142.0.7444.59 (4b8153ab58d3..., userDataDir: C:\Users\DELL\AppData\Local...}, fedcm:accounts: true, goog:chromeOptions: {debuggerAddress: localhost:58401}, goog:processID: 9992, networkConnectionEnabled: false, pageLoadStrategy: normal, platformName: windows, proxy: Proxy(), se:cdp: ws://localhost:58401/devtoo..., se:cdpVersion: 142.0.7444.60, setWindowRect: true, strictFileInteractability: false, timeouts: {implicit: 0, pageLoad: 300000, script: 30000}, unhandledPromptBehavior: dismiss and notify, webauthn:extension:credBlob: true, webauthn:extension:largeBlob: true, webauthn:extension:minPinLength: true, webauthn:extension:prf: true, webauthn:virtualAuthenticators: true}
Session ID: 8eb5ed1460ee81d36875b65ac2a25d0d
2025-11-05 21:59:45 [TestNG-test-OrangeHRMTest-1] ERROR ActionDriver - Unable to click element: Expected condition failed: waiting for element to be clickable: By.xpath: //button[@type='submit'] (tried for 30 second(s) with 500 milliseconds interval)
Build info: version: '4.37.0', revision: '3c1da1e342'
System info: os.name: 'Windows 11', os.arch: 'amd64', os.version: '10.0', java.version: '20'
Driver info: org.openqa.selenium.chrome.ChromeDriver
Capabilities {acceptInsecureCerts: false, browserName: chrome, browserVersion: 142.0.7444.60, chrome: {chromedriverVersion: 142.0.7444.59 (4b8153ab58d3..., userDataDir: C:\Users\DELL\AppData\Local...}, fedcm:accounts: true, goog:chromeOptions: {debuggerAddress: localhost:58401}, goog:processID: 9992, networkConnectionEnabled: false, pageLoadStrategy: normal, platformName: windows, proxy: Proxy(), se:cdp: ws://localhost:58401/devtoo..., se:cdpVersion: 142.0.7444.60, setWindowRect: true, strictFileInteractability: false, timeouts: {implicit: 0, pageLoad: 300000, script: 30000}, unhandledPromptBehavior: dismiss and notify, webauthn:extension:credBlob: true, webauthn:extension:largeBlob: true, webauthn:extension:minPinLength: true, webauthn:extension:prf: true, webauthn:virtualAuthenticators: true}
Session ID: 8eb5ed1460ee81d36875b65ac2a25d0d
2025-11-05 21:59:55 [TestNG-test-OrangeHRMTest-1] ERROR ActionDriver - Unable to scroll to an Element: no such element: Unable to locate element: {"method":"xpath","selector":"//div[@class='oxd-table-body']/div[1]/div/div[3]"}
  (Session info: chrome=142.0.7444.60)
For documentation on this error, please visit: https://www.selenium.dev/documentation/webdriver/troubleshooting/errors#nosuchelementexception
Build info: version: '4.37.0', revision: '3c1da1e342'
System info: os.name: 'Windows 11', os.arch: 'amd64', os.version: '10.0', java.version: '20'
Driver info: org.openqa.selenium.chrome.ChromeDriver
Command: [8eb5ed1460ee81d36875b65ac2a25d0d, findElement {value=//div[@class='oxd-table-body']/div[1]/div/div[3], using=xpath}]
Capabilities {acceptInsecureCerts: false, browserName: chrome, browserVersion: 142.0.7444.60, chrome: {chromedriverVersion: 142.0.7444.59 (4b8153ab58d3..., userDataDir: C:\Users\DELL\AppData\Local...}, fedcm:accounts: true, goog:chromeOptions: {debuggerAddress: localhost:58401}, goog:processID: 9992, networkConnectionEnabled: false, pageLoadStrategy: normal, platformName: windows, proxy: Proxy(), se:cdp: ws://localhost:58401/devtoo..., se:cdpVersion: 142.0.7444.60, setWindowRect: true, strictFileInteractability: false, timeouts: {implicit: 0, pageLoad: 300000, script: 30000}, unhandledPromptBehavior: dismiss and notify, webauthn:extension:credBlob: true, webauthn:extension:largeBlob: true, webauthn:extension:minPinLength: true, webauthn:extension:prf: true, webauthn:virtualAuthenticators: true}
Session ID: 8eb5ed1460ee81d36875b65ac2a25d0d
2025-11-05 22:00:26 [TestNG-test-OrangeHRMTest-1] ERROR ActionDriver - Element is not visible: Expected condition failed: waiting for visibility of element located by By.xpath: //div[@class='oxd-table-body']/div[1]/div/div[3] (tried for 30 second(s) with 500 milliseconds interval)
Build info: version: '4.37.0', revision: '3c1da1e342'
System info: os.name: 'Windows 11', os.arch: 'amd64', os.version: '10.0', java.version: '20'
Driver info: org.openqa.selenium.chrome.ChromeDriver
Capabilities {acceptInsecureCerts: false, browserName: chrome, browserVersion: 142.0.7444.60, chrome: {chromedriverVersion: 142.0.7444.59 (4b8153ab58d3..., userDataDir: C:\Users\DELL\AppData\Local...}, fedcm:accounts: true, goog:chromeOptions: {debuggerAddress: localhost:58401}, goog:processID: 9992, networkConnectionEnabled: false, pageLoadStrategy: normal, platformName: windows, proxy: Proxy(), se:cdp: ws://localhost:58401/devtoo..., se:cdpVersion: 142.0.7444.60, setWindowRect: true, strictFileInteractability: false, timeouts: {implicit: 0, pageLoad: 300000, script: 30000}, unhandledPromptBehavior: dismiss and notify, webauthn:extension:credBlob: true, webauthn:extension:largeBlob: true, webauthn:extension:minPinLength: true, webauthn:extension:prf: true, webauthn:virtualAuthenticators: true}
Session ID: 8eb5ed1460ee81d36875b65ac2a25d0d
2025-11-05 22:00:26 [TestNG-test-OrangeHRMTest-1] ERROR ActionDriver - Unable to compare: Expected condition failed: waiting for visibility of element located by By.xpath: //div[@class='oxd-table-body']/div[1]/div/div[3] (tried for 30 second(s) with 500 milliseconds interval)
Build info: version: '4.37.0', revision: '3c1da1e342'
System info: os.name: 'Windows 11', os.arch: 'amd64', os.version: '10.0', java.version: '20'
Driver info: org.openqa.selenium.chrome.ChromeDriver
Capabilities {acceptInsecureCerts: false, browserName: chrome, browserVersion: 142.0.7444.60, chrome: {chromedriverVersion: 142.0.7444.59 (4b8153ab58d3..., userDataDir: C:\Users\DELL\AppData\Local...}, fedcm:accounts: true, goog:chromeOptions: {debuggerAddress: localhost:58401}, goog:processID: 9992, networkConnectionEnabled: false, pageLoadStrategy: normal, platformName: windows, proxy: Proxy(), se:cdp: ws://localhost:58401/devtoo..., se:cdpVersion: 142.0.7444.60, setWindowRect: true, strictFileInteractability: false, timeouts: {implicit: 0, pageLoad: 300000, script: 30000}, unhandledPromptBehavior: dismiss and notify, webauthn:extension:credBlob: true, webauthn:extension:largeBlob: true, webauthn:extension:minPinLength: true, webauthn:extension:prf: true, webauthn:virtualAuthenticators: true}
Session ID: 8eb5ed1460ee81d36875b65ac2a25d0d
2025-11-05 22:00:58 [TestNG-test-OrangeHRMTest-1] ERROR ActionDriver - Element is not visible: Expected condition failed: waiting for visibility of element located by By.xpath: //div[@class='oxd-table-body']/div[1]/div/div[4] (tried for 30 second(s) with 500 milliseconds interval)
Build info: version: '4.37.0', revision: '3c1da1e342'
System info: os.name: 'Windows 11', os.arch: 'amd64', os.version: '10.0', java.version: '20'
Driver info: org.openqa.selenium.chrome.ChromeDriver
Capabilities {acceptInsecureCerts: false, browserName: chrome, browserVersion: 142.0.7444.60, chrome: {chromedriverVersion: 142.0.7444.59 (4b8153ab58d3..., userDataDir: C:\Users\DELL\AppData\Local...}, fedcm:accounts: true, goog:chromeOptions: {debuggerAddress: localhost:58401}, goog:processID: 9992, networkConnectionEnabled: false, pageLoadStrategy: normal, platformName: windows, proxy: Proxy(), se:cdp: ws://localhost:58401/devtoo..., se:cdpVersion: 142.0.7444.60, setWindowRect: true, strictFileInteractability: false, timeouts: {implicit: 0, pageLoad: 300000, script: 30000}, unhandledPromptBehavior: dismiss and notify, webauthn:extension:credBlob: true, webauthn:extension:largeBlob: true, webauthn:extension:minPinLength: true, webauthn:extension:prf: true, webauthn:virtualAuthenticators: true}
Session ID: 8eb5ed1460ee81d36875b65ac2a25d0d
2025-11-05 22:00:58 [TestNG-test-OrangeHRMTest-1] ERROR ActionDriver - Unable to compare: Expected condition failed: waiting for visibility of element located by By.xpath: //div[@class='oxd-table-body']/div[1]/div/div[4] (tried for 30 second(s) with 500 milliseconds interval)
Build info: version: '4.37.0', revision: '3c1da1e342'
System info: os.name: 'Windows 11', os.arch: 'amd64', os.version: '10.0', java.version: '20'
Driver info: org.openqa.selenium.chrome.ChromeDriver
Capabilities {acceptInsecureCerts: false, browserName: chrome, browserVersion: 142.0.7444.60, chrome: {chromedriverVersion: 142.0.7444.59 (4b8153ab58d3..., userDataDir: C:\Users\DELL\AppData\Local...}, fedcm:accounts: true, goog:chromeOptions: {debuggerAddress: localhost:58401}, goog:processID: 9992, networkConnectionEnabled: false, pageLoadStrategy: normal, platformName: windows, proxy: Proxy(), se:cdp: ws://localhost:58401/devtoo..., se:cdpVersion: 142.0.7444.60, setWindowRect: true, strictFileInteractability: false, timeouts: {implicit: 0, pageLoad: 300000, script: 30000}, unhandledPromptBehavior: dismiss and notify, webauthn:extension:credBlob: true, webauthn:extension:largeBlob: true, webauthn:extension:minPinLength: true, webauthn:extension:prf: true, webauthn:virtualAuthenticators: true}
Session ID: 8eb5ed1460ee81d36875b65ac2a25d0d
2025-11-05 22:00:59 [TestNG-test-OrangeHRMTest-1] ERROR BaseClass - error message
2025-11-05 22:00:59 [TestNG-test-OrangeHRMTest-1] FATAL BaseClass - fatal message
2025-11-05 22:01:32 [TestNG-test-OrangeHRMTest-1] ERROR ActionDriver - Element is not clickable: Expected condition failed: waiting for element to be clickable: By.xpath: //span[text() = 'PIM'] (tried for 30 second(s) with 500 milliseconds interval)
Build info: version: '4.37.0', revision: '3c1da1e342'
System info: os.name: 'Windows 11', os.arch: 'amd64', os.version: '10.0', java.version: '20'
Driver info: org.openqa.selenium.chrome.ChromeDriver
Capabilities {acceptInsecureCerts: false, browserName: chrome, browserVersion: 142.0.7444.60, chrome: {chromedriverVersion: 142.0.7444.59 (4b8153ab58d3..., userDataDir: C:\Users\DELL\AppData\Local...}, fedcm:accounts: true, goog:chromeOptions: {debuggerAddress: localhost:57472}, goog:processID: 37652, networkConnectionEnabled: false, pageLoadStrategy: normal, platformName: windows, proxy: Proxy(), se:cdp: ws://localhost:57472/devtoo..., se:cdpVersion: 142.0.7444.60, setWindowRect: true, strictFileInteractability: false, timeouts: {implicit: 0, pageLoad: 300000, script: 30000}, unhandledPromptBehavior: dismiss and notify, webauthn:extension:credBlob: true, webauthn:extension:largeBlob: true, webauthn:extension:minPinLength: true, webauthn:extension:prf: true, webauthn:virtualAuthenticators: true}
Session ID: d76d67d235fad15af4cd53295957bf6e
2025-11-05 22:01:32 [TestNG-test-OrangeHRMTest-1] ERROR ActionDriver - Unable to click element: Expected condition failed: waiting for element to be clickable: By.xpath: //span[text() = 'PIM'] (tried for 30 second(s) with 500 milliseconds interval)
Build info: version: '4.37.0', revision: '3c1da1e342'
System info: os.name: 'Windows 11', os.arch: 'amd64', os.version: '10.0', java.version: '20'
Driver info: org.openqa.selenium.chrome.ChromeDriver
Capabilities {acceptInsecureCerts: false, browserName: chrome, browserVersion: 142.0.7444.60, chrome: {chromedriverVersion: 142.0.7444.59 (4b8153ab58d3..., userDataDir: C:\Users\DELL\AppData\Local...}, fedcm:accounts: true, goog:chromeOptions: {debuggerAddress: localhost:57472}, goog:processID: 37652, networkConnectionEnabled: false, pageLoadStrategy: normal, platformName: windows, proxy: Proxy(), se:cdp: ws://localhost:57472/devtoo..., se:cdpVersion: 142.0.7444.60, setWindowRect: true, strictFileInteractability: false, timeouts: {implicit: 0, pageLoad: 300000, script: 30000}, unhandledPromptBehavior: dismiss and notify, webauthn:extension:credBlob: true, webauthn:extension:largeBlob: true, webauthn:extension:minPinLength: true, webauthn:extension:prf: true, webauthn:virtualAuthenticators: true}
Session ID: d76d67d235fad15af4cd53295957bf6e
2025-11-05 22:02:03 [TestNG-test-OrangeHRMTest-1] ERROR ActionDriver - Element is not visible: Expected condition failed: waiting for visibility of element located by By.xpath: //label[text()='Employee Name']/parent::div/following-sibling::div//input (tried for 30 second(s) with 500 milliseconds interval)
Build info: version: '4.37.0', revision: '3c1da1e342'
System info: os.name: 'Windows 11', os.arch: 'amd64', os.version: '10.0', java.version: '20'
Driver info: org.openqa.selenium.chrome.ChromeDriver
Capabilities {acceptInsecureCerts: false, browserName: chrome, browserVersion: 142.0.7444.60, chrome: {chromedriverVersion: 142.0.7444.59 (4b8153ab58d3..., userDataDir: C:\Users\DELL\AppData\Local...}, fedcm:accounts: true, goog:chromeOptions: {debuggerAddress: localhost:57472}, goog:processID: 37652, networkConnectionEnabled: false, pageLoadStrategy: normal, platformName: windows, proxy: Proxy(), se:cdp: ws://localhost:57472/devtoo..., se:cdpVersion: 142.0.7444.60, setWindowRect: true, strictFileInteractability: false, timeouts: {implicit: 0, pageLoad: 300000, script: 30000}, unhandledPromptBehavior: dismiss and notify, webauthn:extension:credBlob: true, webauthn:extension:largeBlob: true, webauthn:extension:minPinLength: true, webauthn:extension:prf: true, webauthn:virtualAuthenticators: true}
Session ID: d76d67d235fad15af4cd53295957bf6e
2025-11-05 22:02:23 [TestNG-test-OrangeHRMTest-1] ERROR ActionDriver - Unable to describe the element: no such element: Unable to locate element: {"method":"xpath","selector":"//label[text()='Employee Name']/parent::div/following-sibling::div//input"}
  (Session info: chrome=142.0.7444.60)
For documentation on this error, please visit: https://www.selenium.dev/documentation/webdriver/troubleshooting/errors#nosuchelementexception
Build info: version: '4.37.0', revision: '3c1da1e342'
System info: os.name: 'Windows 11', os.arch: 'amd64', os.version: '10.0', java.version: '20'
Driver info: org.openqa.selenium.chrome.ChromeDriver
Command: [d76d67d235fad15af4cd53295957bf6e, findElement {value=//label[text()='Employee Name']/parent::div/following-sibling::div//input, using=xpath}]
Capabilities {acceptInsecureCerts: false, browserName: chrome, browserVersion: 142.0.7444.60, chrome: {chromedriverVersion: 142.0.7444.59 (4b8153ab58d3..., userDataDir: C:\Users\DELL\AppData\Local...}, fedcm:accounts: true, goog:chromeOptions: {debuggerAddress: localhost:57472}, goog:processID: 37652, networkConnectionEnabled: false, pageLoadStrategy: normal, platformName: windows, proxy: Proxy(), se:cdp: ws://localhost:57472/devtoo..., se:cdpVersion: 142.0.7444.60, setWindowRect: true, strictFileInteractability: false, timeouts: {implicit: 0, pageLoad: 300000, script: 30000}, unhandledPromptBehavior: dismiss and notify, webauthn:extension:credBlob: true, webauthn:extension:largeBlob: true, webauthn:extension:minPinLength: true, webauthn:extension:prf: true, webauthn:virtualAuthenticators: true}
Session ID: d76d67d235fad15af4cd53295957bf6e
2025-11-05 22:02:23 [TestNG-test-OrangeHRMTest-1] ERROR ActionDriver - Unable to enter the text in to this field: Expected condition failed: waiting for visibility of element located by By.xpath: //label[text()='Employee Name']/parent::div/following-sibling::div//input (tried for 30 second(s) with 500 milliseconds interval)
Build info: version: '4.37.0', revision: '3c1da1e342'
System info: os.name: 'Windows 11', os.arch: 'amd64', os.version: '10.0', java.version: '20'
Driver info: org.openqa.selenium.chrome.ChromeDriver
Capabilities {acceptInsecureCerts: false, browserName: chrome, browserVersion: 142.0.7444.60, chrome: {chromedriverVersion: 142.0.7444.59 (4b8153ab58d3..., userDataDir: C:\Users\DELL\AppData\Local...}, fedcm:accounts: true, goog:chromeOptions: {debuggerAddress: localhost:57472}, goog:processID: 37652, networkConnectionEnabled: false, pageLoadStrategy: normal, platformName: windows, proxy: Proxy(), se:cdp: ws://localhost:57472/devtoo..., se:cdpVersion: 142.0.7444.60, setWindowRect: true, strictFileInteractability: false, timeouts: {implicit: 0, pageLoad: 300000, script: 30000}, unhandledPromptBehavior: dismiss and notify, webauthn:extension:credBlob: true, webauthn:extension:largeBlob: true, webauthn:extension:minPinLength: true, webauthn:extension:prf: true, webauthn:virtualAuthenticators: true}
Session ID: d76d67d235fad15af4cd53295957bf6e
2025-11-05 22:02:55 [TestNG-test-OrangeHRMTest-1] ERROR ActionDriver - Element is not clickable: Expected condition failed: waiting for element to be clickable: By.xpath: //button[@type='submit'] (tried for 30 second(s) with 500 milliseconds interval)
Build info: version: '4.37.0', revision: '3c1da1e342'
System info: os.name: 'Windows 11', os.arch: 'amd64', os.version: '10.0', java.version: '20'
Driver info: org.openqa.selenium.chrome.ChromeDriver
Capabilities {acceptInsecureCerts: false, browserName: chrome, browserVersion: 142.0.7444.60, chrome: {chromedriverVersion: 142.0.7444.59 (4b8153ab58d3..., userDataDir: C:\Users\DELL\AppData\Local...}, fedcm:accounts: true, goog:chromeOptions: {debuggerAddress: localhost:57472}, goog:processID: 37652, networkConnectionEnabled: false, pageLoadStrategy: normal, platformName: windows, proxy: Proxy(), se:cdp: ws://localhost:57472/devtoo..., se:cdpVersion: 142.0.7444.60, setWindowRect: true, strictFileInteractability: false, timeouts: {implicit: 0, pageLoad: 300000, script: 30000}, unhandledPromptBehavior: dismiss and notify, webauthn:extension:credBlob: true, webauthn:extension:largeBlob: true, webauthn:extension:minPinLength: true, webauthn:extension:prf: true, webauthn:virtualAuthenticators: true}
Session ID: d76d67d235fad15af4cd53295957bf6e
2025-11-05 22:03:15 [TestNG-test-OrangeHRMTest-1] ERROR ActionDriver - Unable to describe the element: no such element: Unable to locate element: {"method":"xpath","selector":"//button[@type='submit']"}
  (Session info: chrome=142.0.7444.60)
For documentation on this error, please visit: https://www.selenium.dev/documentation/webdriver/troubleshooting/errors#nosuchelementexception
Build info: version: '4.37.0', revision: '3c1da1e342'
System info: os.name: 'Windows 11', os.arch: 'amd64', os.version: '10.0', java.version: '20'
Driver info: org.openqa.selenium.chrome.ChromeDriver
Command: [d76d67d235fad15af4cd53295957bf6e, findElement {value=//button[@type='submit'], using=xpath}]
Capabilities {acceptInsecureCerts: false, browserName: chrome, browserVersion: 142.0.7444.60, chrome: {chromedriverVersion: 142.0.7444.59 (4b8153ab58d3..., userDataDir: C:\Users\DELL\AppData\Local...}, fedcm:accounts: true, goog:chromeOptions: {debuggerAddress: localhost:57472}, goog:processID: 37652, networkConnectionEnabled: false, pageLoadStrategy: normal, platformName: windows, proxy: Proxy(), se:cdp: ws://localhost:57472/devtoo..., se:cdpVersion: 142.0.7444.60, setWindowRect: true, strictFileInteractability: false, timeouts: {implicit: 0, pageLoad: 300000, script: 30000}, unhandledPromptBehavior: dismiss and notify, webauthn:extension:credBlob: true, webauthn:extension:largeBlob: true, webauthn:extension:minPinLength: true, webauthn:extension:prf: true, webauthn:virtualAuthenticators: true}
Session ID: d76d67d235fad15af4cd53295957bf6e
2025-11-05 22:03:15 [TestNG-test-OrangeHRMTest-1] ERROR ActionDriver - Unable to click element: Expected condition failed: waiting for element to be clickable: By.xpath: //button[@type='submit'] (tried for 30 second(s) with 500 milliseconds interval)
Build info: version: '4.37.0', revision: '3c1da1e342'
System info: os.name: 'Windows 11', os.arch: 'amd64', os.version: '10.0', java.version: '20'
Driver info: org.openqa.selenium.chrome.ChromeDriver
Capabilities {acceptInsecureCerts: false, browserName: chrome, browserVersion: 142.0.7444.60, chrome: {chromedriverVersion: 142.0.7444.59 (4b8153ab58d3..., userDataDir: C:\Users\DELL\AppData\Local...}, fedcm:accounts: true, goog:chromeOptions: {debuggerAddress: localhost:57472}, goog:processID: 37652, networkConnectionEnabled: false, pageLoadStrategy: normal, platformName: windows, proxy: Proxy(), se:cdp: ws://localhost:57472/devtoo..., se:cdpVersion: 142.0.7444.60, setWindowRect: true, strictFileInteractability: false, timeouts: {implicit: 0, pageLoad: 300000, script: 30000}, unhandledPromptBehavior: dismiss and notify, webauthn:extension:credBlob: true, webauthn:extension:largeBlob: true, webauthn:extension:minPinLength: true, webauthn:extension:prf: true, webauthn:virtualAuthenticators: true}
Session ID: d76d67d235fad15af4cd53295957bf6e
2025-11-05 22:03:25 [TestNG-test-OrangeHRMTest-1] ERROR ActionDriver - Unable to scroll to an Element: no such element: Unable to locate element: {"method":"xpath","selector":"//div[@class='oxd-table-body']/div[1]/div/div[3]"}
  (Session info: chrome=142.0.7444.60)
For documentation on this error, please visit: https://www.selenium.dev/documentation/webdriver/troubleshooting/errors#nosuchelementexception
Build info: version: '4.37.0', revision: '3c1da1e342'
System info: os.name: 'Windows 11', os.arch: 'amd64', os.version: '10.0', java.version: '20'
Driver info: org.openqa.selenium.chrome.ChromeDriver
Command: [d76d67d235fad15af4cd53295957bf6e, findElement {value=//div[@class='oxd-table-body']/div[1]/div/div[3], using=xpath}]
Capabilities {acceptInsecureCerts: false, browserName: chrome, browserVersion: 142.0.7444.60, chrome: {chromedriverVersion: 142.0.7444.59 (4b8153ab58d3..., userDataDir: C:\Users\DELL\AppData\Local...}, fedcm:accounts: true, goog:chromeOptions: {debuggerAddress: localhost:57472}, goog:processID: 37652, networkConnectionEnabled: false, pageLoadStrategy: normal, platformName: windows, proxy: Proxy(), se:cdp: ws://localhost:57472/devtoo..., se:cdpVersion: 142.0.7444.60, setWindowRect: true, strictFileInteractability: false, timeouts: {implicit: 0, pageLoad: 300000, script: 30000}, unhandledPromptBehavior: dismiss and notify, webauthn:extension:credBlob: true, webauthn:extension:largeBlob: true, webauthn:extension:minPinLength: true, webauthn:extension:prf: true, webauthn:virtualAuthenticators: true}
Session ID: d76d67d235fad15af4cd53295957bf6e
2025-11-05 22:03:56 [TestNG-test-OrangeHRMTest-1] ERROR ActionDriver - Element is not visible: Expected condition failed: waiting for visibility of element located by By.xpath: //div[@class='oxd-table-body']/div[1]/div/div[3] (tried for 30 second(s) with 500 milliseconds interval)
Build info: version: '4.37.0', revision: '3c1da1e342'
System info: os.name: 'Windows 11', os.arch: 'amd64', os.version: '10.0', java.version: '20'
Driver info: org.openqa.selenium.chrome.ChromeDriver
Capabilities {acceptInsecureCerts: false, browserName: chrome, browserVersion: 142.0.7444.60, chrome: {chromedriverVersion: 142.0.7444.59 (4b8153ab58d3..., userDataDir: C:\Users\DELL\AppData\Local...}, fedcm:accounts: true, goog:chromeOptions: {debuggerAddress: localhost:57472}, goog:processID: 37652, networkConnectionEnabled: false, pageLoadStrategy: normal, platformName: windows, proxy: Proxy(), se:cdp: ws://localhost:57472/devtoo..., se:cdpVersion: 142.0.7444.60, setWindowRect: true, strictFileInteractability: false, timeouts: {implicit: 0, pageLoad: 300000, script: 30000}, unhandledPromptBehavior: dismiss and notify, webauthn:extension:credBlob: true, webauthn:extension:largeBlob: true, webauthn:extension:minPinLength: true, webauthn:extension:prf: true, webauthn:virtualAuthenticators: true}
Session ID: d76d67d235fad15af4cd53295957bf6e
2025-11-05 22:03:56 [TestNG-test-OrangeHRMTest-1] ERROR ActionDriver - Unable to compare: Expected condition failed: waiting for visibility of element located by By.xpath: //div[@class='oxd-table-body']/div[1]/div/div[3] (tried for 30 second(s) with 500 milliseconds interval)
Build info: version: '4.37.0', revision: '3c1da1e342'
System info: os.name: 'Windows 11', os.arch: 'amd64', os.version: '10.0', java.version: '20'
Driver info: org.openqa.selenium.chrome.ChromeDriver
Capabilities {acceptInsecureCerts: false, browserName: chrome, browserVersion: 142.0.7444.60, chrome: {chromedriverVersion: 142.0.7444.59 (4b8153ab58d3..., userDataDir: C:\Users\DELL\AppData\Local...}, fedcm:accounts: true, goog:chromeOptions: {debuggerAddress: localhost:57472}, goog:processID: 37652, networkConnectionEnabled: false, pageLoadStrategy: normal, platformName: windows, proxy: Proxy(), se:cdp: ws://localhost:57472/devtoo..., se:cdpVersion: 142.0.7444.60, setWindowRect: true, strictFileInteractability: false, timeouts: {implicit: 0, pageLoad: 300000, script: 30000}, unhandledPromptBehavior: dismiss and notify, webauthn:extension:credBlob: true, webauthn:extension:largeBlob: true, webauthn:extension:minPinLength: true, webauthn:extension:prf: true, webauthn:virtualAuthenticators: true}
Session ID: d76d67d235fad15af4cd53295957bf6e
2025-11-05 22:04:27 [TestNG-test-OrangeHRMTest-1] ERROR ActionDriver - Element is not visible: Expected condition failed: waiting for visibility of element located by By.xpath: //div[@class='oxd-table-body']/div[1]/div/div[4] (tried for 30 second(s) with 500 milliseconds interval)
Build info: version: '4.37.0', revision: '3c1da1e342'
System info: os.name: 'Windows 11', os.arch: 'amd64', os.version: '10.0', java.version: '20'
Driver info: org.openqa.selenium.chrome.ChromeDriver
Capabilities {acceptInsecureCerts: false, browserName: chrome, browserVersion: 142.0.7444.60, chrome: {chromedriverVersion: 142.0.7444.59 (4b8153ab58d3..., userDataDir: C:\Users\DELL\AppData\Local...}, fedcm:accounts: true, goog:chromeOptions: {debuggerAddress: localhost:57472}, goog:processID: 37652, networkConnectionEnabled: false, pageLoadStrategy: normal, platformName: windows, proxy: Proxy(), se:cdp: ws://localhost:57472/devtoo..., se:cdpVersion: 142.0.7444.60, setWindowRect: true, strictFileInteractability: false, timeouts: {implicit: 0, pageLoad: 300000, script: 30000}, unhandledPromptBehavior: dismiss and notify, webauthn:extension:credBlob: true, webauthn:extension:largeBlob: true, webauthn:extension:minPinLength: true, webauthn:extension:prf: true, webauthn:virtualAuthenticators: true}
Session ID: d76d67d235fad15af4cd53295957bf6e
2025-11-05 22:04:27 [TestNG-test-OrangeHRMTest-1] ERROR ActionDriver - Unable to compare: Expected condition failed: waiting for visibility of element located by By.xpath: //div[@class='oxd-table-body']/div[1]/div/div[4] (tried for 30 second(s) with 500 milliseconds interval)
Build info: version: '4.37.0', revision: '3c1da1e342'
System info: os.name: 'Windows 11', os.arch: 'amd64', os.version: '10.0', java.version: '20'
Driver info: org.openqa.selenium.chrome.ChromeDriver
Capabilities {acceptInsecureCerts: false, browserName: chrome, browserVersion: 142.0.7444.60, chrome: {chromedriverVersion: 142.0.7444.59 (4b8153ab58d3..., userDataDir: C:\Users\DELL\AppData\Local...}, fedcm:accounts: true, goog:chromeOptions: {debuggerAddress: localhost:57472}, goog:processID: 37652, networkConnectionEnabled: false, pageLoadStrategy: normal, platformName: windows, proxy: Proxy(), se:cdp: ws://localhost:57472/devtoo..., se:cdpVersion: 142.0.7444.60, setWindowRect: true, strictFileInteractability: false, timeouts: {implicit: 0, pageLoad: 300000, script: 30000}, unhandledPromptBehavior: dismiss and notify, webauthn:extension:credBlob: true, webauthn:extension:largeBlob: true, webauthn:extension:minPinLength: true, webauthn:extension:prf: true, webauthn:virtualAuthenticators: true}
Session ID: d76d67d235fad15af4cd53295957bf6e
2025-11-06 20:09:14 [TestNG-test-OrangeHRMTest-1] ERROR BaseClass - error message
2025-11-06 20:09:14 [TestNG-test-OrangeHRMTest-1] FATAL BaseClass - fatal message
2025-11-06 20:09:28 [TestNG-test-OrangeHRMTest-1] ERROR BaseClass - error message
2025-11-06 20:09:28 [TestNG-test-OrangeHRMTest-1] FATAL BaseClass - fatal message
2025-11-06 20:09:59 [TestNG-test-OrangeHRMTest-1] ERROR ActionDriver - Element is not visible: Expected condition failed: waiting for visibility of element located by By.xpath: //p[contains(., "Invalid credentials")] (tried for 30 second(s) with 500 milliseconds interval)
Build info: version: '4.37.0', revision: '3c1da1e342'
System info: os.name: 'Windows 11', os.arch: 'amd64', os.version: '10.0', java.version: '20'
Driver info: org.openqa.selenium.chrome.ChromeDriver
Capabilities {acceptInsecureCerts: false, browserName: chrome, browserVersion: 142.0.7444.60, chrome: {chromedriverVersion: 142.0.7444.61 (9884f628acbc..., userDataDir: C:\Users\DELL\AppData\Local...}, fedcm:accounts: true, goog:chromeOptions: {debuggerAddress: localhost:58253}, goog:processID: 19720, networkConnectionEnabled: false, pageLoadStrategy: normal, platformName: windows, proxy: Proxy(), se:cdp: ws://localhost:58253/devtoo..., se:cdpVersion: 142.0.7444.60, setWindowRect: true, strictFileInteractability: false, timeouts: {implicit: 0, pageLoad: 300000, script: 30000}, unhandledPromptBehavior: dismiss and notify, webauthn:extension:credBlob: true, webauthn:extension:largeBlob: true, webauthn:extension:minPinLength: true, webauthn:extension:prf: true, webauthn:virtualAuthenticators: true}
Session ID: 9fdcd35d75d764fd796af36e1f0f2462
2025-11-06 20:09:59 [TestNG-test-OrangeHRMTest-1] ERROR ActionDriver - Unable to compare: Expected condition failed: waiting for visibility of element located by By.xpath: //p[contains(., "Invalid credentials")] (tried for 30 second(s) with 500 milliseconds interval)
Build info: version: '4.37.0', revision: '3c1da1e342'
System info: os.name: 'Windows 11', os.arch: 'amd64', os.version: '10.0', java.version: '20'
Driver info: org.openqa.selenium.chrome.ChromeDriver
Capabilities {acceptInsecureCerts: false, browserName: chrome, browserVersion: 142.0.7444.60, chrome: {chromedriverVersion: 142.0.7444.61 (9884f628acbc..., userDataDir: C:\Users\DELL\AppData\Local...}, fedcm:accounts: true, goog:chromeOptions: {debuggerAddress: localhost:58253}, goog:processID: 19720, networkConnectionEnabled: false, pageLoadStrategy: normal, platformName: windows, proxy: Proxy(), se:cdp: ws://localhost:58253/devtoo..., se:cdpVersion: 142.0.7444.60, setWindowRect: true, strictFileInteractability: false, timeouts: {implicit: 0, pageLoad: 300000, script: 30000}, unhandledPromptBehavior: dismiss and notify, webauthn:extension:credBlob: true, webauthn:extension:largeBlob: true, webauthn:extension:minPinLength: true, webauthn:extension:prf: true, webauthn:virtualAuthenticators: true}
Session ID: 9fdcd35d75d764fd796af36e1f0f2462
2025-11-06 20:10:04 [TestNG-test-OrangeHRMTest-1] ERROR BaseClass - error message
2025-11-06 20:10:04 [TestNG-test-OrangeHRMTest-1] FATAL BaseClass - fatal message
2025-11-06 20:10:35 [TestNG-test-OrangeHRMTest-1] ERROR ActionDriver - Element is not visible: Expected condition failed: waiting for visibility of element located by By.xpath: //p[contains(., "Invalid credentials")] (tried for 30 second(s) with 500 milliseconds interval)
Build info: version: '4.37.0', revision: '3c1da1e342'
System info: os.name: 'Windows 11', os.arch: 'amd64', os.version: '10.0', java.version: '20'
Driver info: org.openqa.selenium.chrome.ChromeDriver
Capabilities {acceptInsecureCerts: false, browserName: chrome, browserVersion: 142.0.7444.60, chrome: {chromedriverVersion: 142.0.7444.61 (9884f628acbc..., userDataDir: C:\Users\DELL\AppData\Local...}, fedcm:accounts: true, goog:chromeOptions: {debuggerAddress: localhost:60176}, goog:processID: 9656, networkConnectionEnabled: false, pageLoadStrategy: normal, platformName: windows, proxy: Proxy(), se:cdp: ws://localhost:60176/devtoo..., se:cdpVersion: 142.0.7444.60, setWindowRect: true, strictFileInteractability: false, timeouts: {implicit: 0, pageLoad: 300000, script: 30000}, unhandledPromptBehavior: dismiss and notify, webauthn:extension:credBlob: true, webauthn:extension:largeBlob: true, webauthn:extension:minPinLength: true, webauthn:extension:prf: true, webauthn:virtualAuthenticators: true}
Session ID: ee0e2f49f6488f61c4bbe9542043dfed
2025-11-06 20:10:36 [TestNG-test-OrangeHRMTest-1] ERROR ActionDriver - Unable to compare: Expected condition failed: waiting for visibility of element located by By.xpath: //p[contains(., "Invalid credentials")] (tried for 30 second(s) with 500 milliseconds interval)
Build info: version: '4.37.0', revision: '3c1da1e342'
System info: os.name: 'Windows 11', os.arch: 'amd64', os.version: '10.0', java.version: '20'
Driver info: org.openqa.selenium.chrome.ChromeDriver
Capabilities {acceptInsecureCerts: false, browserName: chrome, browserVersion: 142.0.7444.60, chrome: {chromedriverVersion: 142.0.7444.61 (9884f628acbc..., userDataDir: C:\Users\DELL\AppData\Local...}, fedcm:accounts: true, goog:chromeOptions: {debuggerAddress: localhost:60176}, goog:processID: 9656, networkConnectionEnabled: false, pageLoadStrategy: normal, platformName: windows, proxy: Proxy(), se:cdp: ws://localhost:60176/devtoo..., se:cdpVersion: 142.0.7444.60, setWindowRect: true, strictFileInteractability: false, timeouts: {implicit: 0, pageLoad: 300000, script: 30000}, unhandledPromptBehavior: dismiss and notify, webauthn:extension:credBlob: true, webauthn:extension:largeBlob: true, webauthn:extension:minPinLength: true, webauthn:extension:prf: true, webauthn:virtualAuthenticators: true}
Session ID: ee0e2f49f6488f61c4bbe9542043dfed
2025-11-06 20:10:52 [TestNG-test-OrangeHRMTest-1] ERROR BaseClass - error message
2025-11-06 20:10:52 [TestNG-test-OrangeHRMTest-1] FATAL BaseClass - fatal message
2025-11-06 20:11:23 [TestNG-test-OrangeHRMTest-1] ERROR ActionDriver - Element is not visible: Expected condition failed: waiting for visibility of element located by By.xpath: //p[contains(., "Invalid credentials")] (tried for 30 second(s) with 500 milliseconds interval)
Build info: version: '4.37.0', revision: '3c1da1e342'
System info: os.name: 'Windows 11', os.arch: 'amd64', os.version: '10.0', java.version: '20'
Driver info: org.openqa.selenium.chrome.ChromeDriver
Capabilities {acceptInsecureCerts: false, browserName: chrome, browserVersion: 142.0.7444.60, chrome: {chromedriverVersion: 142.0.7444.61 (9884f628acbc..., userDataDir: C:\Users\DELL\AppData\Local...}, fedcm:accounts: true, goog:chromeOptions: {debuggerAddress: localhost:56672}, goog:processID: 21220, networkConnectionEnabled: false, pageLoadStrategy: normal, platformName: windows, proxy: Proxy(), se:cdp: ws://localhost:56672/devtoo..., se:cdpVersion: 142.0.7444.60, setWindowRect: true, strictFileInteractability: false, timeouts: {implicit: 0, pageLoad: 300000, script: 30000}, unhandledPromptBehavior: dismiss and notify, webauthn:extension:credBlob: true, webauthn:extension:largeBlob: true, webauthn:extension:minPinLength: true, webauthn:extension:prf: true, webauthn:virtualAuthenticators: true}
Session ID: 2aa3684cc39bb6cf2b10ff0f9962597e
2025-11-06 20:11:23 [TestNG-test-OrangeHRMTest-1] ERROR ActionDriver - Unable to compare: Expected condition failed: waiting for visibility of element located by By.xpath: //p[contains(., "Invalid credentials")] (tried for 30 second(s) with 500 milliseconds interval)
Build info: version: '4.37.0', revision: '3c1da1e342'
System info: os.name: 'Windows 11', os.arch: 'amd64', os.version: '10.0', java.version: '20'
Driver info: org.openqa.selenium.chrome.ChromeDriver
Capabilities {acceptInsecureCerts: false, browserName: chrome, browserVersion: 142.0.7444.60, chrome: {chromedriverVersion: 142.0.7444.61 (9884f628acbc..., userDataDir: C:\Users\DELL\AppData\Local...}, fedcm:accounts: true, goog:chromeOptions: {debuggerAddress: localhost:56672}, goog:processID: 21220, networkConnectionEnabled: false, pageLoadStrategy: normal, platformName: windows, proxy: Proxy(), se:cdp: ws://localhost:56672/devtoo..., se:cdpVersion: 142.0.7444.60, setWindowRect: true, strictFileInteractability: false, timeouts: {implicit: 0, pageLoad: 300000, script: 30000}, unhandledPromptBehavior: dismiss and notify, webauthn:extension:credBlob: true, webauthn:extension:largeBlob: true, webauthn:extension:minPinLength: true, webauthn:extension:prf: true, webauthn:virtualAuthenticators: true}
Session ID: 2aa3684cc39bb6cf2b10ff0f9962597e
2025-11-06 20:12:36 [TestNG-test-OrangeHRMTest-1] ERROR BaseClass - error message
2025-11-06 20:12:36 [TestNG-test-OrangeHRMTest-1] FATAL BaseClass - fatal message
2025-11-06 20:12:55 [TestNG-test-OrangeHRMTest-1] ERROR BaseClass - error message
2025-11-06 20:12:55 [TestNG-test-OrangeHRMTest-1] FATAL BaseClass - fatal message
2025-11-06 20:13:04 [TestNG-test-OrangeHRMTest-1] ERROR BaseClass - error message
2025-11-06 20:13:04 [TestNG-test-OrangeHRMTest-1] FATAL BaseClass - fatal message
2025-11-06 20:13:14 [TestNG-test-OrangeHRMTest-1] ERROR BaseClass - error message
2025-11-06 20:13:14 [TestNG-test-OrangeHRMTest-1] FATAL BaseClass - fatal message
2025-11-06 20:13:22 [TestNG-test-OrangeHRMTest-1] ERROR BaseClass - error message
2025-11-06 20:13:22 [TestNG-test-OrangeHRMTest-1] FATAL BaseClass - fatal message
2025-11-06 20:13:56 [TestNG-test-OrangeHRMTest-1] ERROR ActionDriver - Element is not visible: Expected condition failed: waiting for visibility of element located by By.xpath: //span[text() = 'Admin'] (tried for 30 second(s) with 500 milliseconds interval)
Build info: version: '4.37.0', revision: '3c1da1e342'
System info: os.name: 'Windows 11', os.arch: 'amd64', os.version: '10.0', java.version: '20'
Driver info: org.openqa.selenium.chrome.ChromeDriver
Capabilities {acceptInsecureCerts: false, browserName: chrome, browserVersion: 142.0.7444.60, chrome: {chromedriverVersion: 142.0.7444.61 (9884f628acbc..., userDataDir: C:\Users\DELL\AppData\Local...}, fedcm:accounts: true, goog:chromeOptions: {debuggerAddress: localhost:56096}, goog:processID: 20092, networkConnectionEnabled: false, pageLoadStrategy: normal, platformName: windows, proxy: Proxy(), se:cdp: ws://localhost:56096/devtoo..., se:cdpVersion: 142.0.7444.60, setWindowRect: true, strictFileInteractability: false, timeouts: {implicit: 0, pageLoad: 300000, script: 30000}, unhandledPromptBehavior: dismiss and notify, webauthn:extension:credBlob: true, webauthn:extension:largeBlob: true, webauthn:extension:minPinLength: true, webauthn:extension:prf: true, webauthn:virtualAuthenticators: true}
Session ID: 91d1e5cdff437eba77097a55e70ebc00
2025-11-06 20:13:56 [TestNG-test-OrangeHRMTest-1] ERROR ActionDriver - There an error: Expected condition failed: waiting for visibility of element located by By.xpath: //span[text() = 'Admin'] (tried for 30 second(s) with 500 milliseconds interval)
Build info: version: '4.37.0', revision: '3c1da1e342'
System info: os.name: 'Windows 11', os.arch: 'amd64', os.version: '10.0', java.version: '20'
Driver info: org.openqa.selenium.chrome.ChromeDriver
Capabilities {acceptInsecureCerts: false, browserName: chrome, browserVersion: 142.0.7444.60, chrome: {chromedriverVersion: 142.0.7444.61 (9884f628acbc..., userDataDir: C:\Users\DELL\AppData\Local...}, fedcm:accounts: true, goog:chromeOptions: {debuggerAddress: localhost:56096}, goog:processID: 20092, networkConnectionEnabled: false, pageLoadStrategy: normal, platformName: windows, proxy: Proxy(), se:cdp: ws://localhost:56096/devtoo..., se:cdpVersion: 142.0.7444.60, setWindowRect: true, strictFileInteractability: false, timeouts: {implicit: 0, pageLoad: 300000, script: 30000}, unhandledPromptBehavior: dismiss and notify, webauthn:extension:credBlob: true, webauthn:extension:largeBlob: true, webauthn:extension:minPinLength: true, webauthn:extension:prf: true, webauthn:virtualAuthenticators: true}
Session ID: 91d1e5cdff437eba77097a55e70ebc00
2025-11-06 20:14:12 [TestNG-test-OrangeHRMTest-1] ERROR BaseClass - error message
2025-11-06 20:14:12 [TestNG-test-OrangeHRMTest-1] FATAL BaseClass - fatal message
2025-11-06 20:14:47 [TestNG-test-OrangeHRMTest-1] ERROR ActionDriver - Element is not visible: Expected condition failed: waiting for visibility of element located by By.xpath: //span[text() = 'Admin'] (tried for 30 second(s) with 500 milliseconds interval)
Build info: version: '4.37.0', revision: '3c1da1e342'
System info: os.name: 'Windows 11', os.arch: 'amd64', os.version: '10.0', java.version: '20'
Driver info: org.openqa.selenium.chrome.ChromeDriver
Capabilities {acceptInsecureCerts: false, browserName: chrome, browserVersion: 142.0.7444.60, chrome: {chromedriverVersion: 142.0.7444.61 (9884f628acbc..., userDataDir: C:\Users\DELL\AppData\Local...}, fedcm:accounts: true, goog:chromeOptions: {debuggerAddress: localhost:58538}, goog:processID: 39600, networkConnectionEnabled: false, pageLoadStrategy: normal, platformName: windows, proxy: Proxy(), se:cdp: ws://localhost:58538/devtoo..., se:cdpVersion: 142.0.7444.60, setWindowRect: true, strictFileInteractability: false, timeouts: {implicit: 0, pageLoad: 300000, script: 30000}, unhandledPromptBehavior: dismiss and notify, webauthn:extension:credBlob: true, webauthn:extension:largeBlob: true, webauthn:extension:minPinLength: true, webauthn:extension:prf: true, webauthn:virtualAuthenticators: true}
Session ID: a0150811b48533b39dc978013113434a
2025-11-06 20:14:48 [TestNG-test-OrangeHRMTest-1] ERROR ActionDriver - There an error: Expected condition failed: waiting for visibility of element located by By.xpath: //span[text() = 'Admin'] (tried for 30 second(s) with 500 milliseconds interval)
Build info: version: '4.37.0', revision: '3c1da1e342'
System info: os.name: 'Windows 11', os.arch: 'amd64', os.version: '10.0', java.version: '20'
Driver info: org.openqa.selenium.chrome.ChromeDriver
Capabilities {acceptInsecureCerts: false, browserName: chrome, browserVersion: 142.0.7444.60, chrome: {chromedriverVersion: 142.0.7444.61 (9884f628acbc..., userDataDir: C:\Users\DELL\AppData\Local...}, fedcm:accounts: true, goog:chromeOptions: {debuggerAddress: localhost:58538}, goog:processID: 39600, networkConnectionEnabled: false, pageLoadStrategy: normal, platformName: windows, proxy: Proxy(), se:cdp: ws://localhost:58538/devtoo..., se:cdpVersion: 142.0.7444.60, setWindowRect: true, strictFileInteractability: false, timeouts: {implicit: 0, pageLoad: 300000, script: 30000}, unhandledPromptBehavior: dismiss and notify, webauthn:extension:credBlob: true, webauthn:extension:largeBlob: true, webauthn:extension:minPinLength: true, webauthn:extension:prf: true, webauthn:virtualAuthenticators: true}
Session ID: a0150811b48533b39dc978013113434a
2025-11-06 20:14:51 [TestNG-test-OrangeHRMTest-1] ERROR BaseClass - error message
2025-11-06 20:14:51 [TestNG-test-OrangeHRMTest-1] FATAL BaseClass - fatal message
2025-11-06 20:15:25 [TestNG-test-OrangeHRMTest-1] ERROR ActionDriver - Element is not visible: Expected condition failed: waiting for visibility of element located by By.xpath: //span[text() = 'Admin'] (tried for 30 second(s) with 500 milliseconds interval)
Build info: version: '4.37.0', revision: '3c1da1e342'
System info: os.name: 'Windows 11', os.arch: 'amd64', os.version: '10.0', java.version: '20'
Driver info: org.openqa.selenium.chrome.ChromeDriver
Capabilities {acceptInsecureCerts: false, browserName: chrome, browserVersion: 142.0.7444.60, chrome: {chromedriverVersion: 142.0.7444.61 (9884f628acbc..., userDataDir: C:\Users\DELL\AppData\Local...}, fedcm:accounts: true, goog:chromeOptions: {debuggerAddress: localhost:50309}, goog:processID: 30140, networkConnectionEnabled: false, pageLoadStrategy: normal, platformName: windows, proxy: Proxy(), se:cdp: ws://localhost:50309/devtoo..., se:cdpVersion: 142.0.7444.60, setWindowRect: true, strictFileInteractability: false, timeouts: {implicit: 0, pageLoad: 300000, script: 30000}, unhandledPromptBehavior: dismiss and notify, webauthn:extension:credBlob: true, webauthn:extension:largeBlob: true, webauthn:extension:minPinLength: true, webauthn:extension:prf: true, webauthn:virtualAuthenticators: true}
Session ID: 542360c50456b4648e6ac1b6231ee407
2025-11-06 20:15:25 [TestNG-test-OrangeHRMTest-1] ERROR ActionDriver - There an error: Expected condition failed: waiting for visibility of element located by By.xpath: //span[text() = 'Admin'] (tried for 30 second(s) with 500 milliseconds interval)
Build info: version: '4.37.0', revision: '3c1da1e342'
System info: os.name: 'Windows 11', os.arch: 'amd64', os.version: '10.0', java.version: '20'
Driver info: org.openqa.selenium.chrome.ChromeDriver
Capabilities {acceptInsecureCerts: false, browserName: chrome, browserVersion: 142.0.7444.60, chrome: {chromedriverVersion: 142.0.7444.61 (9884f628acbc..., userDataDir: C:\Users\DELL\AppData\Local...}, fedcm:accounts: true, goog:chromeOptions: {debuggerAddress: localhost:50309}, goog:processID: 30140, networkConnectionEnabled: false, pageLoadStrategy: normal, platformName: windows, proxy: Proxy(), se:cdp: ws://localhost:50309/devtoo..., se:cdpVersion: 142.0.7444.60, setWindowRect: true, strictFileInteractability: false, timeouts: {implicit: 0, pageLoad: 300000, script: 30000}, unhandledPromptBehavior: dismiss and notify, webauthn:extension:credBlob: true, webauthn:extension:largeBlob: true, webauthn:extension:minPinLength: true, webauthn:extension:prf: true, webauthn:virtualAuthenticators: true}
Session ID: 542360c50456b4648e6ac1b6231ee407
2025-11-06 20:15:30 [TestNG-test-OrangeHRMTest-1] ERROR BaseClass - error message
2025-11-06 20:15:30 [TestNG-test-OrangeHRMTest-1] FATAL BaseClass - fatal message
2025-11-06 20:16:03 [TestNG-test-OrangeHRMTest-1] ERROR ActionDriver - Element is not visible: Expected condition failed: waiting for visibility of element located by By.xpath: //span[text() = 'Admin'] (tried for 30 second(s) with 500 milliseconds interval)
Build info: version: '4.37.0', revision: '3c1da1e342'
System info: os.name: 'Windows 11', os.arch: 'amd64', os.version: '10.0', java.version: '20'
Driver info: org.openqa.selenium.chrome.ChromeDriver
Capabilities {acceptInsecureCerts: false, browserName: chrome, browserVersion: 142.0.7444.60, chrome: {chromedriverVersion: 142.0.7444.61 (9884f628acbc..., userDataDir: C:\Users\DELL\AppData\Local...}, fedcm:accounts: true, goog:chromeOptions: {debuggerAddress: localhost:56154}, goog:processID: 25244, networkConnectionEnabled: false, pageLoadStrategy: normal, platformName: windows, proxy: Proxy(), se:cdp: ws://localhost:56154/devtoo..., se:cdpVersion: 142.0.7444.60, setWindowRect: true, strictFileInteractability: false, timeouts: {implicit: 0, pageLoad: 300000, script: 30000}, unhandledPromptBehavior: dismiss and notify, webauthn:extension:credBlob: true, webauthn:extension:largeBlob: true, webauthn:extension:minPinLength: true, webauthn:extension:prf: true, webauthn:virtualAuthenticators: true}
Session ID: 7dbdfcb4a7fc963aa7118cbaca2a6a02
2025-11-06 20:16:03 [TestNG-test-OrangeHRMTest-1] ERROR ActionDriver - There an error: Expected condition failed: waiting for visibility of element located by By.xpath: //span[text() = 'Admin'] (tried for 30 second(s) with 500 milliseconds interval)
Build info: version: '4.37.0', revision: '3c1da1e342'
System info: os.name: 'Windows 11', os.arch: 'amd64', os.version: '10.0', java.version: '20'
Driver info: org.openqa.selenium.chrome.ChromeDriver
Capabilities {acceptInsecureCerts: false, browserName: chrome, browserVersion: 142.0.7444.60, chrome: {chromedriverVersion: 142.0.7444.61 (9884f628acbc..., userDataDir: C:\Users\DELL\AppData\Local...}, fedcm:accounts: true, goog:chromeOptions: {debuggerAddress: localhost:56154}, goog:processID: 25244, networkConnectionEnabled: false, pageLoadStrategy: normal, platformName: windows, proxy: Proxy(), se:cdp: ws://localhost:56154/devtoo..., se:cdpVersion: 142.0.7444.60, setWindowRect: true, strictFileInteractability: false, timeouts: {implicit: 0, pageLoad: 300000, script: 30000}, unhandledPromptBehavior: dismiss and notify, webauthn:extension:credBlob: true, webauthn:extension:largeBlob: true, webauthn:extension:minPinLength: true, webauthn:extension:prf: true, webauthn:virtualAuthenticators: true}
Session ID: 7dbdfcb4a7fc963aa7118cbaca2a6a02
2025-11-06 20:16:10 [TestNG-test-OrangeHRMTest-1] ERROR BaseClass - error message
2025-11-06 20:16:10 [TestNG-test-OrangeHRMTest-1] FATAL BaseClass - fatal message
2025-11-06 20:16:43 [TestNG-test-OrangeHRMTest-1] ERROR ActionDriver - Element is not visible: Expected condition failed: waiting for visibility of element located by By.xpath: //div[@class='oxd-brand-banner']/img (tried for 30 second(s) with 500 milliseconds interval)
Build info: version: '4.37.0', revision: '3c1da1e342'
System info: os.name: 'Windows 11', os.arch: 'amd64', os.version: '10.0', java.version: '20'
Driver info: org.openqa.selenium.chrome.ChromeDriver
Capabilities {acceptInsecureCerts: false, browserName: chrome, browserVersion: 142.0.7444.60, chrome: {chromedriverVersion: 142.0.7444.61 (9884f628acbc..., userDataDir: C:\Users\DELL\AppData\Local...}, fedcm:accounts: true, goog:chromeOptions: {debuggerAddress: localhost:58320}, goog:processID: 25188, networkConnectionEnabled: false, pageLoadStrategy: normal, platformName: windows, proxy: Proxy(), se:cdp: ws://localhost:58320/devtoo..., se:cdpVersion: 142.0.7444.60, setWindowRect: true, strictFileInteractability: false, timeouts: {implicit: 0, pageLoad: 300000, script: 30000}, unhandledPromptBehavior: dismiss and notify, webauthn:extension:credBlob: true, webauthn:extension:largeBlob: true, webauthn:extension:minPinLength: true, webauthn:extension:prf: true, webauthn:virtualAuthenticators: true}
Session ID: d543f33640bec0aac7bf9ed86b5ef000
2025-11-06 20:16:43 [TestNG-test-OrangeHRMTest-1] ERROR ActionDriver - There an error: Expected condition failed: waiting for visibility of element located by By.xpath: //div[@class='oxd-brand-banner']/img (tried for 30 second(s) with 500 milliseconds interval)
Build info: version: '4.37.0', revision: '3c1da1e342'
System info: os.name: 'Windows 11', os.arch: 'amd64', os.version: '10.0', java.version: '20'
Driver info: org.openqa.selenium.chrome.ChromeDriver
Capabilities {acceptInsecureCerts: false, browserName: chrome, browserVersion: 142.0.7444.60, chrome: {chromedriverVersion: 142.0.7444.61 (9884f628acbc..., userDataDir: C:\Users\DELL\AppData\Local...}, fedcm:accounts: true, goog:chromeOptions: {debuggerAddress: localhost:58320}, goog:processID: 25188, networkConnectionEnabled: false, pageLoadStrategy: normal, platformName: windows, proxy: Proxy(), se:cdp: ws://localhost:58320/devtoo..., se:cdpVersion: 142.0.7444.60, setWindowRect: true, strictFileInteractability: false, timeouts: {implicit: 0, pageLoad: 300000, script: 30000}, unhandledPromptBehavior: dismiss and notify, webauthn:extension:credBlob: true, webauthn:extension:largeBlob: true, webauthn:extension:minPinLength: true, webauthn:extension:prf: true, webauthn:virtualAuthenticators: true}
Session ID: d543f33640bec0aac7bf9ed86b5ef000
2025-11-06 20:16:48 [TestNG-test-OrangeHRMTest-1] ERROR BaseClass - error message
2025-11-06 20:16:48 [TestNG-test-OrangeHRMTest-1] FATAL BaseClass - fatal message
2025-11-06 20:17:22 [TestNG-test-OrangeHRMTest-1] ERROR ActionDriver - Element is not visible: Expected condition failed: waiting for visibility of element located by By.xpath: //div[@class='oxd-brand-banner']/img (tried for 30 second(s) with 500 milliseconds interval)
Build info: version: '4.37.0', revision: '3c1da1e342'
System info: os.name: 'Windows 11', os.arch: 'amd64', os.version: '10.0', java.version: '20'
Driver info: org.openqa.selenium.chrome.ChromeDriver
Capabilities {acceptInsecureCerts: false, browserName: chrome, browserVersion: 142.0.7444.60, chrome: {chromedriverVersion: 142.0.7444.61 (9884f628acbc..., userDataDir: C:\Users\DELL\AppData\Local...}, fedcm:accounts: true, goog:chromeOptions: {debuggerAddress: localhost:63207}, goog:processID: 19088, networkConnectionEnabled: false, pageLoadStrategy: normal, platformName: windows, proxy: Proxy(), se:cdp: ws://localhost:63207/devtoo..., se:cdpVersion: 142.0.7444.60, setWindowRect: true, strictFileInteractability: false, timeouts: {implicit: 0, pageLoad: 300000, script: 30000}, unhandledPromptBehavior: dismiss and notify, webauthn:extension:credBlob: true, webauthn:extension:largeBlob: true, webauthn:extension:minPinLength: true, webauthn:extension:prf: true, webauthn:virtualAuthenticators: true}
Session ID: 42367476b250469422fab095a7f08c47
2025-11-06 20:17:23 [TestNG-test-OrangeHRMTest-1] ERROR ActionDriver - There an error: Expected condition failed: waiting for visibility of element located by By.xpath: //div[@class='oxd-brand-banner']/img (tried for 30 second(s) with 500 milliseconds interval)
Build info: version: '4.37.0', revision: '3c1da1e342'
System info: os.name: 'Windows 11', os.arch: 'amd64', os.version: '10.0', java.version: '20'
Driver info: org.openqa.selenium.chrome.ChromeDriver
Capabilities {acceptInsecureCerts: false, browserName: chrome, browserVersion: 142.0.7444.60, chrome: {chromedriverVersion: 142.0.7444.61 (9884f628acbc..., userDataDir: C:\Users\DELL\AppData\Local...}, fedcm:accounts: true, goog:chromeOptions: {debuggerAddress: localhost:63207}, goog:processID: 19088, networkConnectionEnabled: false, pageLoadStrategy: normal, platformName: windows, proxy: Proxy(), se:cdp: ws://localhost:63207/devtoo..., se:cdpVersion: 142.0.7444.60, setWindowRect: true, strictFileInteractability: false, timeouts: {implicit: 0, pageLoad: 300000, script: 30000}, unhandledPromptBehavior: dismiss and notify, webauthn:extension:credBlob: true, webauthn:extension:largeBlob: true, webauthn:extension:minPinLength: true, webauthn:extension:prf: true, webauthn:virtualAuthenticators: true}
Session ID: 42367476b250469422fab095a7f08c47
2025-11-06 20:17:39 [TestNG-test-OrangeHRMTest-1] ERROR BaseClass - error message
2025-11-06 20:17:39 [TestNG-test-OrangeHRMTest-1] FATAL BaseClass - fatal message
2025-11-06 20:18:14 [TestNG-test-OrangeHRMTest-1] ERROR ActionDriver - Element is not visible: Expected condition failed: waiting for visibility of element located by By.xpath: //div[@class='oxd-brand-banner']/img (tried for 30 second(s) with 500 milliseconds interval)
Build info: version: '4.37.0', revision: '3c1da1e342'
System info: os.name: 'Windows 11', os.arch: 'amd64', os.version: '10.0', java.version: '20'
Driver info: org.openqa.selenium.chrome.ChromeDriver
Capabilities {acceptInsecureCerts: false, browserName: chrome, browserVersion: 142.0.7444.60, chrome: {chromedriverVersion: 142.0.7444.61 (9884f628acbc..., userDataDir: C:\Users\DELL\AppData\Local...}, fedcm:accounts: true, goog:chromeOptions: {debuggerAddress: localhost:61309}, goog:processID: 36428, networkConnectionEnabled: false, pageLoadStrategy: normal, platformName: windows, proxy: Proxy(), se:cdp: ws://localhost:61309/devtoo..., se:cdpVersion: 142.0.7444.60, setWindowRect: true, strictFileInteractability: false, timeouts: {implicit: 0, pageLoad: 300000, script: 30000}, unhandledPromptBehavior: dismiss and notify, webauthn:extension:credBlob: true, webauthn:extension:largeBlob: true, webauthn:extension:minPinLength: true, webauthn:extension:prf: true, webauthn:virtualAuthenticators: true}
Session ID: c4e730b3f2d6d394df9dbbe2950a2fd0
2025-11-06 20:18:14 [TestNG-test-OrangeHRMTest-1] ERROR ActionDriver - There an error: Expected condition failed: waiting for visibility of element located by By.xpath: //div[@class='oxd-brand-banner']/img (tried for 30 second(s) with 500 milliseconds interval)
Build info: version: '4.37.0', revision: '3c1da1e342'
System info: os.name: 'Windows 11', os.arch: 'amd64', os.version: '10.0', java.version: '20'
Driver info: org.openqa.selenium.chrome.ChromeDriver
Capabilities {acceptInsecureCerts: false, browserName: chrome, browserVersion: 142.0.7444.60, chrome: {chromedriverVersion: 142.0.7444.61 (9884f628acbc..., userDataDir: C:\Users\DELL\AppData\Local...}, fedcm:accounts: true, goog:chromeOptions: {debuggerAddress: localhost:61309}, goog:processID: 36428, networkConnectionEnabled: false, pageLoadStrategy: normal, platformName: windows, proxy: Proxy(), se:cdp: ws://localhost:61309/devtoo..., se:cdpVersion: 142.0.7444.60, setWindowRect: true, strictFileInteractability: false, timeouts: {implicit: 0, pageLoad: 300000, script: 30000}, unhandledPromptBehavior: dismiss and notify, webauthn:extension:credBlob: true, webauthn:extension:largeBlob: true, webauthn:extension:minPinLength: true, webauthn:extension:prf: true, webauthn:virtualAuthenticators: true}
Session ID: c4e730b3f2d6d394df9dbbe2950a2fd0
2025-11-06 20:18:31 [TestNG-test-OrangeHRMTest-1] ERROR BaseClass - error message
2025-11-06 20:18:31 [TestNG-test-OrangeHRMTest-1] FATAL BaseClass - fatal message
2025-11-06 20:19:07 [TestNG-test-OrangeHRMTest-1] ERROR ActionDriver - Element is not visible: Expected condition failed: waiting for visibility of element located by By.xpath: //div[@class='oxd-brand-banner']/img (tried for 30 second(s) with 500 milliseconds interval)
Build info: version: '4.37.0', revision: '3c1da1e342'
System info: os.name: 'Windows 11', os.arch: 'amd64', os.version: '10.0', java.version: '20'
Driver info: org.openqa.selenium.chrome.ChromeDriver
Capabilities {acceptInsecureCerts: false, browserName: chrome, browserVersion: 142.0.7444.60, chrome: {chromedriverVersion: 142.0.7444.61 (9884f628acbc..., userDataDir: C:\Users\DELL\AppData\Local...}, fedcm:accounts: true, goog:chromeOptions: {debuggerAddress: localhost:61765}, goog:processID: 8884, networkConnectionEnabled: false, pageLoadStrategy: normal, platformName: windows, proxy: Proxy(), se:cdp: ws://localhost:61765/devtoo..., se:cdpVersion: 142.0.7444.60, setWindowRect: true, strictFileInteractability: false, timeouts: {implicit: 0, pageLoad: 300000, script: 30000}, unhandledPromptBehavior: dismiss and notify, webauthn:extension:credBlob: true, webauthn:extension:largeBlob: true, webauthn:extension:minPinLength: true, webauthn:extension:prf: true, webauthn:virtualAuthenticators: true}
Session ID: 5d1ff05cfe4213907b3e3bf2fa34e615
2025-11-06 20:19:08 [TestNG-test-OrangeHRMTest-1] ERROR ActionDriver - There an error: Expected condition failed: waiting for visibility of element located by By.xpath: //div[@class='oxd-brand-banner']/img (tried for 30 second(s) with 500 milliseconds interval)
Build info: version: '4.37.0', revision: '3c1da1e342'
System info: os.name: 'Windows 11', os.arch: 'amd64', os.version: '10.0', java.version: '20'
Driver info: org.openqa.selenium.chrome.ChromeDriver
Capabilities {acceptInsecureCerts: false, browserName: chrome, browserVersion: 142.0.7444.60, chrome: {chromedriverVersion: 142.0.7444.61 (9884f628acbc..., userDataDir: C:\Users\DELL\AppData\Local...}, fedcm:accounts: true, goog:chromeOptions: {debuggerAddress: localhost:61765}, goog:processID: 8884, networkConnectionEnabled: false, pageLoadStrategy: normal, platformName: windows, proxy: Proxy(), se:cdp: ws://localhost:61765/devtoo..., se:cdpVersion: 142.0.7444.60, setWindowRect: true, strictFileInteractability: false, timeouts: {implicit: 0, pageLoad: 300000, script: 30000}, unhandledPromptBehavior: dismiss and notify, webauthn:extension:credBlob: true, webauthn:extension:largeBlob: true, webauthn:extension:minPinLength: true, webauthn:extension:prf: true, webauthn:virtualAuthenticators: true}
Session ID: 5d1ff05cfe4213907b3e3bf2fa34e615
2025-11-06 20:31:19 [TestNG-test-OrangeHRMTest-1] ERROR BaseClass - error message
2025-11-06 20:31:19 [TestNG-test-OrangeHRMTest-1] FATAL BaseClass - fatal message
2025-11-06 20:31:29 [TestNG-test-OrangeHRMTest-1] ERROR BaseClass - error message
2025-11-06 20:31:29 [TestNG-test-OrangeHRMTest-1] FATAL BaseClass - fatal message
2025-11-06 20:32:01 [TestNG-test-OrangeHRMTest-1] ERROR BaseClass - error message
2025-11-06 20:32:01 [TestNG-test-OrangeHRMTest-1] FATAL BaseClass - fatal message
2025-11-06 20:32:13 [TestNG-test-OrangeHRMTest-1] ERROR BaseClass - error message
2025-11-06 20:32:13 [TestNG-test-OrangeHRMTest-1] FATAL BaseClass - fatal message
2025-11-06 20:32:48 [TestNG-test-OrangeHRMTest-1] ERROR ActionDriver - Element is not visible: Expected condition failed: waiting for visibility of element located by By.xpath: //span[text() = 'Admin'] (tried for 30 second(s) with 500 milliseconds interval)
Build info: version: '4.37.0', revision: '3c1da1e342'
System info: os.name: 'Windows 11', os.arch: 'amd64', os.version: '10.0', java.version: '20'
Driver info: org.openqa.selenium.chrome.ChromeDriver
Capabilities {acceptInsecureCerts: false, browserName: chrome, browserVersion: 142.0.7444.60, chrome: {chromedriverVersion: 142.0.7444.61 (9884f628acbc..., userDataDir: C:\Users\DELL\AppData\Local...}, fedcm:accounts: true, goog:chromeOptions: {debuggerAddress: localhost:53364}, goog:processID: 9404, networkConnectionEnabled: false, pageLoadStrategy: normal, platformName: windows, proxy: Proxy(), se:cdp: ws://localhost:53364/devtoo..., se:cdpVersion: 142.0.7444.60, setWindowRect: true, strictFileInteractability: false, timeouts: {implicit: 0, pageLoad: 300000, script: 30000}, unhandledPromptBehavior: dismiss and notify, webauthn:extension:credBlob: true, webauthn:extension:largeBlob: true, webauthn:extension:minPinLength: true, webauthn:extension:prf: true, webauthn:virtualAuthenticators: true}
Session ID: 5ee5f2bf624c8830dc297b54c5ad5ba6
2025-11-06 20:32:49 [TestNG-test-OrangeHRMTest-1] ERROR ActionDriver - There an error: Expected condition failed: waiting for visibility of element located by By.xpath: //span[text() = 'Admin'] (tried for 30 second(s) with 500 milliseconds interval)
Build info: version: '4.37.0', revision: '3c1da1e342'
System info: os.name: 'Windows 11', os.arch: 'amd64', os.version: '10.0', java.version: '20'
Driver info: org.openqa.selenium.chrome.ChromeDriver
Capabilities {acceptInsecureCerts: false, browserName: chrome, browserVersion: 142.0.7444.60, chrome: {chromedriverVersion: 142.0.7444.61 (9884f628acbc..., userDataDir: C:\Users\DELL\AppData\Local...}, fedcm:accounts: true, goog:chromeOptions: {debuggerAddress: localhost:53364}, goog:processID: 9404, networkConnectionEnabled: false, pageLoadStrategy: normal, platformName: windows, proxy: Proxy(), se:cdp: ws://localhost:53364/devtoo..., se:cdpVersion: 142.0.7444.60, setWindowRect: true, strictFileInteractability: false, timeouts: {implicit: 0, pageLoad: 300000, script: 30000}, unhandledPromptBehavior: dismiss and notify, webauthn:extension:credBlob: true, webauthn:extension:largeBlob: true, webauthn:extension:minPinLength: true, webauthn:extension:prf: true, webauthn:virtualAuthenticators: true}
Session ID: 5ee5f2bf624c8830dc297b54c5ad5ba6
2025-11-06 20:33:14 [TestNG-test-OrangeHRMTest-1] ERROR BaseClass - error message
2025-11-06 20:33:14 [TestNG-test-OrangeHRMTest-1] FATAL BaseClass - fatal message
2025-11-06 20:33:51 [TestNG-test-OrangeHRMTest-1] ERROR ActionDriver - Element is not visible: Expected condition failed: waiting for visibility of element located by By.xpath: //span[text() = 'Admin'] (tried for 30 second(s) with 500 milliseconds interval)
Build info: version: '4.37.0', revision: '3c1da1e342'
System info: os.name: 'Windows 11', os.arch: 'amd64', os.version: '10.0', java.version: '20'
Driver info: org.openqa.selenium.chrome.ChromeDriver
Capabilities {acceptInsecureCerts: false, browserName: chrome, browserVersion: 142.0.7444.60, chrome: {chromedriverVersion: 142.0.7444.61 (9884f628acbc..., userDataDir: C:\Users\DELL\AppData\Local...}, fedcm:accounts: true, goog:chromeOptions: {debuggerAddress: localhost:52687}, goog:processID: 4012, networkConnectionEnabled: false, pageLoadStrategy: normal, platformName: windows, proxy: Proxy(), se:cdp: ws://localhost:52687/devtoo..., se:cdpVersion: 142.0.7444.60, setWindowRect: true, strictFileInteractability: false, timeouts: {implicit: 0, pageLoad: 300000, script: 30000}, unhandledPromptBehavior: dismiss and notify, webauthn:extension:credBlob: true, webauthn:extension:largeBlob: true, webauthn:extension:minPinLength: true, webauthn:extension:prf: true, webauthn:virtualAuthenticators: true}
Session ID: 773b00c75ce6f340158a17e91dd90977
2025-11-06 20:33:52 [TestNG-test-OrangeHRMTest-1] ERROR ActionDriver - There an error: Expected condition failed: waiting for visibility of element located by By.xpath: //span[text() = 'Admin'] (tried for 30 second(s) with 500 milliseconds interval)
Build info: version: '4.37.0', revision: '3c1da1e342'
System info: os.name: 'Windows 11', os.arch: 'amd64', os.version: '10.0', java.version: '20'
Driver info: org.openqa.selenium.chrome.ChromeDriver
Capabilities {acceptInsecureCerts: false, browserName: chrome, browserVersion: 142.0.7444.60, chrome: {chromedriverVersion: 142.0.7444.61 (9884f628acbc..., userDataDir: C:\Users\DELL\AppData\Local...}, fedcm:accounts: true, goog:chromeOptions: {debuggerAddress: localhost:52687}, goog:processID: 4012, networkConnectionEnabled: false, pageLoadStrategy: normal, platformName: windows, proxy: Proxy(), se:cdp: ws://localhost:52687/devtoo..., se:cdpVersion: 142.0.7444.60, setWindowRect: true, strictFileInteractability: false, timeouts: {implicit: 0, pageLoad: 300000, script: 30000}, unhandledPromptBehavior: dismiss and notify, webauthn:extension:credBlob: true, webauthn:extension:largeBlob: true, webauthn:extension:minPinLength: true, webauthn:extension:prf: true, webauthn:virtualAuthenticators: true}
Session ID: 773b00c75ce6f340158a17e91dd90977
2025-11-06 20:34:04 [TestNG-test-OrangeHRMTest-1] ERROR BaseClass - error message
2025-11-06 20:34:04 [TestNG-test-OrangeHRMTest-1] FATAL BaseClass - fatal message
2025-11-06 20:34:42 [TestNG-test-OrangeHRMTest-1] ERROR ActionDriver - Element is not visible: Expected condition failed: waiting for visibility of element located by By.xpath: //span[text() = 'Admin'] (tried for 30 second(s) with 500 milliseconds interval)
Build info: version: '4.37.0', revision: '3c1da1e342'
System info: os.name: 'Windows 11', os.arch: 'amd64', os.version: '10.0', java.version: '20'
Driver info: org.openqa.selenium.chrome.ChromeDriver
Capabilities {acceptInsecureCerts: false, browserName: chrome, browserVersion: 142.0.7444.60, chrome: {chromedriverVersion: 142.0.7444.61 (9884f628acbc..., userDataDir: C:\Users\DELL\AppData\Local...}, fedcm:accounts: true, goog:chromeOptions: {debuggerAddress: localhost:58057}, goog:processID: 46900, networkConnectionEnabled: false, pageLoadStrategy: normal, platformName: windows, proxy: Proxy(), se:cdp: ws://localhost:58057/devtoo..., se:cdpVersion: 142.0.7444.60, setWindowRect: true, strictFileInteractability: false, timeouts: {implicit: 0, pageLoad: 300000, script: 30000}, unhandledPromptBehavior: dismiss and notify, webauthn:extension:credBlob: true, webauthn:extension:largeBlob: true, webauthn:extension:minPinLength: true, webauthn:extension:prf: true, webauthn:virtualAuthenticators: true}
Session ID: f9a3b1cec6ec8f6730e27cdaca0021c2
2025-11-06 20:34:42 [TestNG-test-OrangeHRMTest-1] ERROR ActionDriver - There an error: Expected condition failed: waiting for visibility of element located by By.xpath: //span[text() = 'Admin'] (tried for 30 second(s) with 500 milliseconds interval)
Build info: version: '4.37.0', revision: '3c1da1e342'
System info: os.name: 'Windows 11', os.arch: 'amd64', os.version: '10.0', java.version: '20'
Driver info: org.openqa.selenium.chrome.ChromeDriver
Capabilities {acceptInsecureCerts: false, browserName: chrome, browserVersion: 142.0.7444.60, chrome: {chromedriverVersion: 142.0.7444.61 (9884f628acbc..., userDataDir: C:\Users\DELL\AppData\Local...}, fedcm:accounts: true, goog:chromeOptions: {debuggerAddress: localhost:58057}, goog:processID: 46900, networkConnectionEnabled: false, pageLoadStrategy: normal, platformName: windows, proxy: Proxy(), se:cdp: ws://localhost:58057/devtoo..., se:cdpVersion: 142.0.7444.60, setWindowRect: true, strictFileInteractability: false, timeouts: {implicit: 0, pageLoad: 300000, script: 30000}, unhandledPromptBehavior: dismiss and notify, webauthn:extension:credBlob: true, webauthn:extension:largeBlob: true, webauthn:extension:minPinLength: true, webauthn:extension:prf: true, webauthn:virtualAuthenticators: true}
Session ID: f9a3b1cec6ec8f6730e27cdaca0021c2
2025-11-06 20:34:52 [TestNG-test-OrangeHRMTest-1] ERROR BaseClass - error message
2025-11-06 20:34:52 [TestNG-test-OrangeHRMTest-1] FATAL BaseClass - fatal message
2025-11-06 20:35:26 [TestNG-test-OrangeHRMTest-1] ERROR ActionDriver - Element is not visible: Expected condition failed: waiting for visibility of element located by By.xpath: //span[text() = 'Admin'] (tried for 30 second(s) with 500 milliseconds interval)
Build info: version: '4.37.0', revision: '3c1da1e342'
System info: os.name: 'Windows 11', os.arch: 'amd64', os.version: '10.0', java.version: '20'
Driver info: org.openqa.selenium.chrome.ChromeDriver
Capabilities {acceptInsecureCerts: false, browserName: chrome, browserVersion: 142.0.7444.60, chrome: {chromedriverVersion: 142.0.7444.61 (9884f628acbc..., userDataDir: C:\Users\DELL\AppData\Local...}, fedcm:accounts: true, goog:chromeOptions: {debuggerAddress: localhost:56269}, goog:processID: 20748, networkConnectionEnabled: false, pageLoadStrategy: normal, platformName: windows, proxy: Proxy(), se:cdp: ws://localhost:56269/devtoo..., se:cdpVersion: 142.0.7444.60, setWindowRect: true, strictFileInteractability: false, timeouts: {implicit: 0, pageLoad: 300000, script: 30000}, unhandledPromptBehavior: dismiss and notify, webauthn:extension:credBlob: true, webauthn:extension:largeBlob: true, webauthn:extension:minPinLength: true, webauthn:extension:prf: true, webauthn:virtualAuthenticators: true}
Session ID: 24f51d598eb8edb5b27449c67e75262d
2025-11-06 20:35:26 [TestNG-test-OrangeHRMTest-1] ERROR ActionDriver - There an error: Expected condition failed: waiting for visibility of element located by By.xpath: //span[text() = 'Admin'] (tried for 30 second(s) with 500 milliseconds interval)
Build info: version: '4.37.0', revision: '3c1da1e342'
System info: os.name: 'Windows 11', os.arch: 'amd64', os.version: '10.0', java.version: '20'
Driver info: org.openqa.selenium.chrome.ChromeDriver
Capabilities {acceptInsecureCerts: false, browserName: chrome, browserVersion: 142.0.7444.60, chrome: {chromedriverVersion: 142.0.7444.61 (9884f628acbc..., userDataDir: C:\Users\DELL\AppData\Local...}, fedcm:accounts: true, goog:chromeOptions: {debuggerAddress: localhost:56269}, goog:processID: 20748, networkConnectionEnabled: false, pageLoadStrategy: normal, platformName: windows, proxy: Proxy(), se:cdp: ws://localhost:56269/devtoo..., se:cdpVersion: 142.0.7444.60, setWindowRect: true, strictFileInteractability: false, timeouts: {implicit: 0, pageLoad: 300000, script: 30000}, unhandledPromptBehavior: dismiss and notify, webauthn:extension:credBlob: true, webauthn:extension:largeBlob: true, webauthn:extension:minPinLength: true, webauthn:extension:prf: true, webauthn:virtualAuthenticators: true}
Session ID: 24f51d598eb8edb5b27449c67e75262d
2025-11-06 20:35:31 [TestNG-test-OrangeHRMTest-1] ERROR BaseClass - error message
2025-11-06 20:35:31 [TestNG-test-OrangeHRMTest-1] FATAL BaseClass - fatal message
2025-11-06 20:36:08 [TestNG-test-OrangeHRMTest-1] ERROR ActionDriver - Element is not visible: Expected condition failed: waiting for visibility of element located by By.xpath: //span[text() = 'Admin'] (tried for 30 second(s) with 500 milliseconds interval)
Build info: version: '4.37.0', revision: '3c1da1e342'
System info: os.name: 'Windows 11', os.arch: 'amd64', os.version: '10.0', java.version: '20'
Driver info: org.openqa.selenium.chrome.ChromeDriver
Capabilities {acceptInsecureCerts: false, browserName: chrome, browserVersion: 142.0.7444.60, chrome: {chromedriverVersion: 142.0.7444.61 (9884f628acbc..., userDataDir: C:\Users\DELL\AppData\Local...}, fedcm:accounts: true, goog:chromeOptions: {debuggerAddress: localhost:51464}, goog:processID: 12988, networkConnectionEnabled: false, pageLoadStrategy: normal, platformName: windows, proxy: Proxy(), se:cdp: ws://localhost:51464/devtoo..., se:cdpVersion: 142.0.7444.60, setWindowRect: true, strictFileInteractability: false, timeouts: {implicit: 0, pageLoad: 300000, script: 30000}, unhandledPromptBehavior: dismiss and notify, webauthn:extension:credBlob: true, webauthn:extension:largeBlob: true, webauthn:extension:minPinLength: true, webauthn:extension:prf: true, webauthn:virtualAuthenticators: true}
Session ID: c904c012998aa859ea7d4a67e9f11e49
2025-11-06 20:36:08 [TestNG-test-OrangeHRMTest-1] ERROR ActionDriver - There an error: Expected condition failed: waiting for visibility of element located by By.xpath: //span[text() = 'Admin'] (tried for 30 second(s) with 500 milliseconds interval)
Build info: version: '4.37.0', revision: '3c1da1e342'
System info: os.name: 'Windows 11', os.arch: 'amd64', os.version: '10.0', java.version: '20'
Driver info: org.openqa.selenium.chrome.ChromeDriver
Capabilities {acceptInsecureCerts: false, browserName: chrome, browserVersion: 142.0.7444.60, chrome: {chromedriverVersion: 142.0.7444.61 (9884f628acbc..., userDataDir: C:\Users\DELL\AppData\Local...}, fedcm:accounts: true, goog:chromeOptions: {debuggerAddress: localhost:51464}, goog:processID: 12988, networkConnectionEnabled: false, pageLoadStrategy: normal, platformName: windows, proxy: Proxy(), se:cdp: ws://localhost:51464/devtoo..., se:cdpVersion: 142.0.7444.60, setWindowRect: true, strictFileInteractability: false, timeouts: {implicit: 0, pageLoad: 300000, script: 30000}, unhandledPromptBehavior: dismiss and notify, webauthn:extension:credBlob: true, webauthn:extension:largeBlob: true, webauthn:extension:minPinLength: true, webauthn:extension:prf: true, webauthn:virtualAuthenticators: true}
Session ID: c904c012998aa859ea7d4a67e9f11e49
2025-11-06 20:36:13 [TestNG-test-OrangeHRMTest-1] ERROR BaseClass - error message
2025-11-06 20:36:13 [TestNG-test-OrangeHRMTest-1] FATAL BaseClass - fatal message
2025-11-06 20:36:47 [TestNG-test-OrangeHRMTest-1] ERROR ActionDriver - Element is not visible: Expected condition failed: waiting for visibility of element located by By.xpath: //span[text() = 'Admin'] (tried for 30 second(s) with 500 milliseconds interval)
Build info: version: '4.37.0', revision: '3c1da1e342'
System info: os.name: 'Windows 11', os.arch: 'amd64', os.version: '10.0', java.version: '20'
Driver info: org.openqa.selenium.chrome.ChromeDriver
Capabilities {acceptInsecureCerts: false, browserName: chrome, browserVersion: 142.0.7444.60, chrome: {chromedriverVersion: 142.0.7444.61 (9884f628acbc..., userDataDir: C:\Users\DELL\AppData\Local...}, fedcm:accounts: true, goog:chromeOptions: {debuggerAddress: localhost:62275}, goog:processID: 35444, networkConnectionEnabled: false, pageLoadStrategy: normal, platformName: windows, proxy: Proxy(), se:cdp: ws://localhost:62275/devtoo..., se:cdpVersion: 142.0.7444.60, setWindowRect: true, strictFileInteractability: false, timeouts: {implicit: 0, pageLoad: 300000, script: 30000}, unhandledPromptBehavior: dismiss and notify, webauthn:extension:credBlob: true, webauthn:extension:largeBlob: true, webauthn:extension:minPinLength: true, webauthn:extension:prf: true, webauthn:virtualAuthenticators: true}
Session ID: e161b2326207a78af9a15fcbbcc56b47
2025-11-06 20:36:47 [TestNG-test-OrangeHRMTest-1] ERROR ActionDriver - There an error: Expected condition failed: waiting for visibility of element located by By.xpath: //span[text() = 'Admin'] (tried for 30 second(s) with 500 milliseconds interval)
Build info: version: '4.37.0', revision: '3c1da1e342'
System info: os.name: 'Windows 11', os.arch: 'amd64', os.version: '10.0', java.version: '20'
Driver info: org.openqa.selenium.chrome.ChromeDriver
Capabilities {acceptInsecureCerts: false, browserName: chrome, browserVersion: 142.0.7444.60, chrome: {chromedriverVersion: 142.0.7444.61 (9884f628acbc..., userDataDir: C:\Users\DELL\AppData\Local...}, fedcm:accounts: true, goog:chromeOptions: {debuggerAddress: localhost:62275}, goog:processID: 35444, networkConnectionEnabled: false, pageLoadStrategy: normal, platformName: windows, proxy: Proxy(), se:cdp: ws://localhost:62275/devtoo..., se:cdpVersion: 142.0.7444.60, setWindowRect: true, strictFileInteractability: false, timeouts: {implicit: 0, pageLoad: 300000, script: 30000}, unhandledPromptBehavior: dismiss and notify, webauthn:extension:credBlob: true, webauthn:extension:largeBlob: true, webauthn:extension:minPinLength: true, webauthn:extension:prf: true, webauthn:virtualAuthenticators: true}
Session ID: e161b2326207a78af9a15fcbbcc56b47
2025-11-06 20:46:35 [TestNG-test-OrangeHRMTest-1] ERROR BaseClass - error message
2025-11-06 20:46:35 [TestNG-test-OrangeHRMTest-1] FATAL BaseClass - fatal message
2025-11-06 20:47:02 [TestNG-test-OrangeHRMTest-1] ERROR BaseClass - error message
2025-11-06 20:47:02 [TestNG-test-OrangeHRMTest-1] FATAL BaseClass - fatal message
2025-11-06 20:47:20 [TestNG-test-OrangeHRMTest-1] ERROR BaseClass - error message
2025-11-06 20:47:20 [TestNG-test-OrangeHRMTest-1] FATAL BaseClass - fatal message
2025-11-06 20:47:40 [TestNG-test-OrangeHRMTest-1] ERROR BaseClass - error message
2025-11-06 20:47:40 [TestNG-test-OrangeHRMTest-1] FATAL BaseClass - fatal message
2025-11-06 20:48:16 [TestNG-test-OrangeHRMTest-1] ERROR ActionDriver - Element is not visible: Expected condition failed: waiting for visibility of element located by By.xpath: //span[text() = 'Admin'] (tried for 30 second(s) with 500 milliseconds interval)
Build info: version: '4.37.0', revision: '3c1da1e342'
System info: os.name: 'Windows 11', os.arch: 'amd64', os.version: '10.0', java.version: '20'
Driver info: org.openqa.selenium.chrome.ChromeDriver
Capabilities {acceptInsecureCerts: false, browserName: chrome, browserVersion: 142.0.7444.60, chrome: {chromedriverVersion: 142.0.7444.61 (9884f628acbc..., userDataDir: C:\Users\DELL\AppData\Local...}, fedcm:accounts: true, goog:chromeOptions: {debuggerAddress: localhost:65499}, goog:processID: 21940, networkConnectionEnabled: false, pageLoadStrategy: normal, platformName: windows, proxy: Proxy(), se:cdp: ws://localhost:65499/devtoo..., se:cdpVersion: 142.0.7444.60, setWindowRect: true, strictFileInteractability: false, timeouts: {implicit: 0, pageLoad: 300000, script: 30000}, unhandledPromptBehavior: dismiss and notify, webauthn:extension:credBlob: true, webauthn:extension:largeBlob: true, webauthn:extension:minPinLength: true, webauthn:extension:prf: true, webauthn:virtualAuthenticators: true}
Session ID: 4801278f0e7782e8057cc40e3121a6ed
2025-11-06 20:48:16 [TestNG-test-OrangeHRMTest-1] ERROR ActionDriver - There an error: Expected condition failed: waiting for visibility of element located by By.xpath: //span[text() = 'Admin'] (tried for 30 second(s) with 500 milliseconds interval)
Build info: version: '4.37.0', revision: '3c1da1e342'
System info: os.name: 'Windows 11', os.arch: 'amd64', os.version: '10.0', java.version: '20'
Driver info: org.openqa.selenium.chrome.ChromeDriver
Capabilities {acceptInsecureCerts: false, browserName: chrome, browserVersion: 142.0.7444.60, chrome: {chromedriverVersion: 142.0.7444.61 (9884f628acbc..., userDataDir: C:\Users\DELL\AppData\Local...}, fedcm:accounts: true, goog:chromeOptions: {debuggerAddress: localhost:65499}, goog:processID: 21940, networkConnectionEnabled: false, pageLoadStrategy: normal, platformName: windows, proxy: Proxy(), se:cdp: ws://localhost:65499/devtoo..., se:cdpVersion: 142.0.7444.60, setWindowRect: true, strictFileInteractability: false, timeouts: {implicit: 0, pageLoad: 300000, script: 30000}, unhandledPromptBehavior: dismiss and notify, webauthn:extension:credBlob: true, webauthn:extension:largeBlob: true, webauthn:extension:minPinLength: true, webauthn:extension:prf: true, webauthn:virtualAuthenticators: true}
Session ID: 4801278f0e7782e8057cc40e3121a6ed
2025-11-06 20:48:45 [TestNG-test-OrangeHRMTest-1] ERROR BaseClass - error message
2025-11-06 20:48:45 [TestNG-test-OrangeHRMTest-1] FATAL BaseClass - fatal message
2025-11-06 20:49:24 [TestNG-test-OrangeHRMTest-1] ERROR ActionDriver - Element is not visible: Expected condition failed: waiting for visibility of element located by By.xpath: //span[text() = 'Admin'] (tried for 30 second(s) with 500 milliseconds interval)
Build info: version: '4.37.0', revision: '3c1da1e342'
System info: os.name: 'Windows 11', os.arch: 'amd64', os.version: '10.0', java.version: '20'
Driver info: org.openqa.selenium.chrome.ChromeDriver
Capabilities {acceptInsecureCerts: false, browserName: chrome, browserVersion: 142.0.7444.60, chrome: {chromedriverVersion: 142.0.7444.61 (9884f628acbc..., userDataDir: C:\Users\DELL\AppData\Local...}, fedcm:accounts: true, goog:chromeOptions: {debuggerAddress: localhost:50893}, goog:processID: 26000, networkConnectionEnabled: false, pageLoadStrategy: normal, platformName: windows, proxy: Proxy(), se:cdp: ws://localhost:50893/devtoo..., se:cdpVersion: 142.0.7444.60, setWindowRect: true, strictFileInteractability: false, timeouts: {implicit: 0, pageLoad: 300000, script: 30000}, unhandledPromptBehavior: dismiss and notify, webauthn:extension:credBlob: true, webauthn:extension:largeBlob: true, webauthn:extension:minPinLength: true, webauthn:extension:prf: true, webauthn:virtualAuthenticators: true}
Session ID: 90ee14b1bff67e2e6bbd8995accef189
2025-11-06 20:49:24 [TestNG-test-OrangeHRMTest-1] ERROR ActionDriver - There an error: Expected condition failed: waiting for visibility of element located by By.xpath: //span[text() = 'Admin'] (tried for 30 second(s) with 500 milliseconds interval)
Build info: version: '4.37.0', revision: '3c1da1e342'
System info: os.name: 'Windows 11', os.arch: 'amd64', os.version: '10.0', java.version: '20'
Driver info: org.openqa.selenium.chrome.ChromeDriver
Capabilities {acceptInsecureCerts: false, browserName: chrome, browserVersion: 142.0.7444.60, chrome: {chromedriverVersion: 142.0.7444.61 (9884f628acbc..., userDataDir: C:\Users\DELL\AppData\Local...}, fedcm:accounts: true, goog:chromeOptions: {debuggerAddress: localhost:50893}, goog:processID: 26000, networkConnectionEnabled: false, pageLoadStrategy: normal, platformName: windows, proxy: Proxy(), se:cdp: ws://localhost:50893/devtoo..., se:cdpVersion: 142.0.7444.60, setWindowRect: true, strictFileInteractability: false, timeouts: {implicit: 0, pageLoad: 300000, script: 30000}, unhandledPromptBehavior: dismiss and notify, webauthn:extension:credBlob: true, webauthn:extension:largeBlob: true, webauthn:extension:minPinLength: true, webauthn:extension:prf: true, webauthn:virtualAuthenticators: true}
Session ID: 90ee14b1bff67e2e6bbd8995accef189
2025-11-06 20:49:47 [TestNG-test-OrangeHRMTest-1] ERROR BaseClass - error message
2025-11-06 20:49:47 [TestNG-test-OrangeHRMTest-1] FATAL BaseClass - fatal message
2025-11-06 20:50:27 [TestNG-test-OrangeHRMTest-1] ERROR ActionDriver - Element is not visible: Expected condition failed: waiting for visibility of element located by By.xpath: //span[text() = 'Admin'] (tried for 30 second(s) with 500 milliseconds interval)
Build info: version: '4.37.0', revision: '3c1da1e342'
System info: os.name: 'Windows 11', os.arch: 'amd64', os.version: '10.0', java.version: '20'
Driver info: org.openqa.selenium.chrome.ChromeDriver
Capabilities {acceptInsecureCerts: false, browserName: chrome, browserVersion: 142.0.7444.60, chrome: {chromedriverVersion: 142.0.7444.61 (9884f628acbc..., userDataDir: C:\Users\DELL\AppData\Local...}, fedcm:accounts: true, goog:chromeOptions: {debuggerAddress: localhost:62771}, goog:processID: 1840, networkConnectionEnabled: false, pageLoadStrategy: normal, platformName: windows, proxy: Proxy(), se:cdp: ws://localhost:62771/devtoo..., se:cdpVersion: 142.0.7444.60, setWindowRect: true, strictFileInteractability: false, timeouts: {implicit: 0, pageLoad: 300000, script: 30000}, unhandledPromptBehavior: dismiss and notify, webauthn:extension:credBlob: true, webauthn:extension:largeBlob: true, webauthn:extension:minPinLength: true, webauthn:extension:prf: true, webauthn:virtualAuthenticators: true}
Session ID: 8da70f86394e2629837faba0c1d7bf75
2025-11-06 20:50:27 [TestNG-test-OrangeHRMTest-1] ERROR ActionDriver - There an error: Expected condition failed: waiting for visibility of element located by By.xpath: //span[text() = 'Admin'] (tried for 30 second(s) with 500 milliseconds interval)
Build info: version: '4.37.0', revision: '3c1da1e342'
System info: os.name: 'Windows 11', os.arch: 'amd64', os.version: '10.0', java.version: '20'
Driver info: org.openqa.selenium.chrome.ChromeDriver
Capabilities {acceptInsecureCerts: false, browserName: chrome, browserVersion: 142.0.7444.60, chrome: {chromedriverVersion: 142.0.7444.61 (9884f628acbc..., userDataDir: C:\Users\DELL\AppData\Local...}, fedcm:accounts: true, goog:chromeOptions: {debuggerAddress: localhost:62771}, goog:processID: 1840, networkConnectionEnabled: false, pageLoadStrategy: normal, platformName: windows, proxy: Proxy(), se:cdp: ws://localhost:62771/devtoo..., se:cdpVersion: 142.0.7444.60, setWindowRect: true, strictFileInteractability: false, timeouts: {implicit: 0, pageLoad: 300000, script: 30000}, unhandledPromptBehavior: dismiss and notify, webauthn:extension:credBlob: true, webauthn:extension:largeBlob: true, webauthn:extension:minPinLength: true, webauthn:extension:prf: true, webauthn:virtualAuthenticators: true}
Session ID: 8da70f86394e2629837faba0c1d7bf75
2025-11-06 20:50:51 [TestNG-test-OrangeHRMTest-1] ERROR BaseClass - error message
2025-11-06 20:50:51 [TestNG-test-OrangeHRMTest-1] FATAL BaseClass - fatal message
2025-11-06 20:51:26 [TestNG-test-OrangeHRMTest-1] ERROR ActionDriver - Element is not visible: Expected condition failed: waiting for visibility of element located by By.xpath: //span[text() = 'Admin'] (tried for 30 second(s) with 500 milliseconds interval)
Build info: version: '4.37.0', revision: '3c1da1e342'
System info: os.name: 'Windows 11', os.arch: 'amd64', os.version: '10.0', java.version: '20'
Driver info: org.openqa.selenium.chrome.ChromeDriver
Capabilities {acceptInsecureCerts: false, browserName: chrome, browserVersion: 142.0.7444.60, chrome: {chromedriverVersion: 142.0.7444.61 (9884f628acbc..., userDataDir: C:\Users\DELL\AppData\Local...}, fedcm:accounts: true, goog:chromeOptions: {debuggerAddress: localhost:58203}, goog:processID: 32076, networkConnectionEnabled: false, pageLoadStrategy: normal, platformName: windows, proxy: Proxy(), se:cdp: ws://localhost:58203/devtoo..., se:cdpVersion: 142.0.7444.60, setWindowRect: true, strictFileInteractability: false, timeouts: {implicit: 0, pageLoad: 300000, script: 30000}, unhandledPromptBehavior: dismiss and notify, webauthn:extension:credBlob: true, webauthn:extension:largeBlob: true, webauthn:extension:minPinLength: true, webauthn:extension:prf: true, webauthn:virtualAuthenticators: true}
Session ID: 9a59833aaac455b9fdecf0056d828c3d
2025-11-06 20:51:27 [TestNG-test-OrangeHRMTest-1] ERROR ActionDriver - There an error: Expected condition failed: waiting for visibility of element located by By.xpath: //span[text() = 'Admin'] (tried for 30 second(s) with 500 milliseconds interval)
Build info: version: '4.37.0', revision: '3c1da1e342'
System info: os.name: 'Windows 11', os.arch: 'amd64', os.version: '10.0', java.version: '20'
Driver info: org.openqa.selenium.chrome.ChromeDriver
Capabilities {acceptInsecureCerts: false, browserName: chrome, browserVersion: 142.0.7444.60, chrome: {chromedriverVersion: 142.0.7444.61 (9884f628acbc..., userDataDir: C:\Users\DELL\AppData\Local...}, fedcm:accounts: true, goog:chromeOptions: {debuggerAddress: localhost:58203}, goog:processID: 32076, networkConnectionEnabled: false, pageLoadStrategy: normal, platformName: windows, proxy: Proxy(), se:cdp: ws://localhost:58203/devtoo..., se:cdpVersion: 142.0.7444.60, setWindowRect: true, strictFileInteractability: false, timeouts: {implicit: 0, pageLoad: 300000, script: 30000}, unhandledPromptBehavior: dismiss and notify, webauthn:extension:credBlob: true, webauthn:extension:largeBlob: true, webauthn:extension:minPinLength: true, webauthn:extension:prf: true, webauthn:virtualAuthenticators: true}
Session ID: 9a59833aaac455b9fdecf0056d828c3d
2025-11-06 20:51:59 [TestNG-test-OrangeHRMTest-1] ERROR BaseClass - error message
2025-11-06 20:51:59 [TestNG-test-OrangeHRMTest-1] FATAL BaseClass - fatal message
2025-11-06 20:52:40 [TestNG-test-OrangeHRMTest-1] ERROR ActionDriver - Element is not visible: Expected condition failed: waiting for visibility of element located by By.xpath: //span[text() = 'Admin'] (tried for 30 second(s) with 500 milliseconds interval)
Build info: version: '4.37.0', revision: '3c1da1e342'
System info: os.name: 'Windows 11', os.arch: 'amd64', os.version: '10.0', java.version: '20'
Driver info: org.openqa.selenium.chrome.ChromeDriver
Capabilities {acceptInsecureCerts: false, browserName: chrome, browserVersion: 142.0.7444.60, chrome: {chromedriverVersion: 142.0.7444.61 (9884f628acbc..., userDataDir: C:\Users\DELL\AppData\Local...}, fedcm:accounts: true, goog:chromeOptions: {debuggerAddress: localhost:53714}, goog:processID: 34232, networkConnectionEnabled: false, pageLoadStrategy: normal, platformName: windows, proxy: Proxy(), se:cdp: ws://localhost:53714/devtoo..., se:cdpVersion: 142.0.7444.60, setWindowRect: true, strictFileInteractability: false, timeouts: {implicit: 0, pageLoad: 300000, script: 30000}, unhandledPromptBehavior: dismiss and notify, webauthn:extension:credBlob: true, webauthn:extension:largeBlob: true, webauthn:extension:minPinLength: true, webauthn:extension:prf: true, webauthn:virtualAuthenticators: true}
Session ID: 0fa3d1d7c9cd70e6437fd74b1a306c64
2025-11-06 20:52:40 [TestNG-test-OrangeHRMTest-1] ERROR ActionDriver - There an error: Expected condition failed: waiting for visibility of element located by By.xpath: //span[text() = 'Admin'] (tried for 30 second(s) with 500 milliseconds interval)
Build info: version: '4.37.0', revision: '3c1da1e342'
System info: os.name: 'Windows 11', os.arch: 'amd64', os.version: '10.0', java.version: '20'
Driver info: org.openqa.selenium.chrome.ChromeDriver
Capabilities {acceptInsecureCerts: false, browserName: chrome, browserVersion: 142.0.7444.60, chrome: {chromedriverVersion: 142.0.7444.61 (9884f628acbc..., userDataDir: C:\Users\DELL\AppData\Local...}, fedcm:accounts: true, goog:chromeOptions: {debuggerAddress: localhost:53714}, goog:processID: 34232, networkConnectionEnabled: false, pageLoadStrategy: normal, platformName: windows, proxy: Proxy(), se:cdp: ws://localhost:53714/devtoo..., se:cdpVersion: 142.0.7444.60, setWindowRect: true, strictFileInteractability: false, timeouts: {implicit: 0, pageLoad: 300000, script: 30000}, unhandledPromptBehavior: dismiss and notify, webauthn:extension:credBlob: true, webauthn:extension:largeBlob: true, webauthn:extension:minPinLength: true, webauthn:extension:prf: true, webauthn:virtualAuthenticators: true}
Session ID: 0fa3d1d7c9cd70e6437fd74b1a306c64
2025-11-06 20:52:47 [TestNG-test-OrangeHRMTest-1] ERROR BaseClass - error message
2025-11-06 20:52:47 [TestNG-test-OrangeHRMTest-1] FATAL BaseClass - fatal message
2025-11-06 20:53:22 [TestNG-test-OrangeHRMTest-1] ERROR ActionDriver - Element is not visible: Expected condition failed: waiting for visibility of element located by By.xpath: //span[text() = 'Admin'] (tried for 30 second(s) with 500 milliseconds interval)
Build info: version: '4.37.0', revision: '3c1da1e342'
System info: os.name: 'Windows 11', os.arch: 'amd64', os.version: '10.0', java.version: '20'
Driver info: org.openqa.selenium.chrome.ChromeDriver
Capabilities {acceptInsecureCerts: false, browserName: chrome, browserVersion: 142.0.7444.60, chrome: {chromedriverVersion: 142.0.7444.61 (9884f628acbc..., userDataDir: C:\Users\DELL\AppData\Local...}, fedcm:accounts: true, goog:chromeOptions: {debuggerAddress: localhost:58870}, goog:processID: 12396, networkConnectionEnabled: false, pageLoadStrategy: normal, platformName: windows, proxy: Proxy(), se:cdp: ws://localhost:58870/devtoo..., se:cdpVersion: 142.0.7444.60, setWindowRect: true, strictFileInteractability: false, timeouts: {implicit: 0, pageLoad: 300000, script: 30000}, unhandledPromptBehavior: dismiss and notify, webauthn:extension:credBlob: true, webauthn:extension:largeBlob: true, webauthn:extension:minPinLength: true, webauthn:extension:prf: true, webauthn:virtualAuthenticators: true}
Session ID: c3191fdf29d7c7f03483a99c845ce209
2025-11-06 20:53:22 [TestNG-test-OrangeHRMTest-1] ERROR ActionDriver - There an error: Expected condition failed: waiting for visibility of element located by By.xpath: //span[text() = 'Admin'] (tried for 30 second(s) with 500 milliseconds interval)
Build info: version: '4.37.0', revision: '3c1da1e342'
System info: os.name: 'Windows 11', os.arch: 'amd64', os.version: '10.0', java.version: '20'
Driver info: org.openqa.selenium.chrome.ChromeDriver
Capabilities {acceptInsecureCerts: false, browserName: chrome, browserVersion: 142.0.7444.60, chrome: {chromedriverVersion: 142.0.7444.61 (9884f628acbc..., userDataDir: C:\Users\DELL\AppData\Local...}, fedcm:accounts: true, goog:chromeOptions: {debuggerAddress: localhost:58870}, goog:processID: 12396, networkConnectionEnabled: false, pageLoadStrategy: normal, platformName: windows, proxy: Proxy(), se:cdp: ws://localhost:58870/devtoo..., se:cdpVersion: 142.0.7444.60, setWindowRect: true, strictFileInteractability: false, timeouts: {implicit: 0, pageLoad: 300000, script: 30000}, unhandledPromptBehavior: dismiss and notify, webauthn:extension:credBlob: true, webauthn:extension:largeBlob: true, webauthn:extension:minPinLength: true, webauthn:extension:prf: true, webauthn:virtualAuthenticators: true}
Session ID: c3191fdf29d7c7f03483a99c845ce209
2025-11-06 20:57:30 [TestNG-test-OrangeHRMTest-1] ERROR BaseClass - error message
2025-11-06 20:57:30 [TestNG-test-OrangeHRMTest-1] FATAL BaseClass - fatal message
2025-11-06 20:57:44 [TestNG-test-OrangeHRMTest-1] ERROR BaseClass - error message
2025-11-06 20:57:44 [TestNG-test-OrangeHRMTest-1] FATAL BaseClass - fatal message
2025-11-06 20:58:12 [TestNG-test-OrangeHRMTest-1] ERROR BaseClass - error message
2025-11-06 20:58:12 [TestNG-test-OrangeHRMTest-1] FATAL BaseClass - fatal message
2025-11-06 20:58:29 [TestNG-test-OrangeHRMTest-1] ERROR BaseClass - error message
2025-11-06 20:58:29 [TestNG-test-OrangeHRMTest-1] FATAL BaseClass - fatal message
2025-11-06 20:58:51 [TestNG-test-OrangeHRMTest-1] ERROR BaseClass - error message
2025-11-06 20:58:51 [TestNG-test-OrangeHRMTest-1] FATAL BaseClass - fatal message
2025-11-06 20:59:56 [TestNG-test-OrangeHRMTest-1] ERROR BaseClass - error message
2025-11-06 20:59:56 [TestNG-test-OrangeHRMTest-1] FATAL BaseClass - fatal message
2025-11-06 21:00:15 [TestNG-test-OrangeHRMTest-1] ERROR BaseClass - error message
2025-11-06 21:00:15 [TestNG-test-OrangeHRMTest-1] FATAL BaseClass - fatal message
2025-11-06 21:00:32 [TestNG-test-OrangeHRMTest-1] ERROR BaseClass - error message
2025-11-06 21:00:32 [TestNG-test-OrangeHRMTest-1] FATAL BaseClass - fatal message
2025-11-06 21:00:50 [TestNG-test-OrangeHRMTest-1] ERROR BaseClass - error message
2025-11-06 21:00:50 [TestNG-test-OrangeHRMTest-1] FATAL BaseClass - fatal message
2025-11-06 21:01:11 [TestNG-test-OrangeHRMTest-1] ERROR BaseClass - error message
2025-11-06 21:01:11 [TestNG-test-OrangeHRMTest-1] FATAL BaseClass - fatal message
2025-11-06 21:01:27 [TestNG-test-OrangeHRMTest-1] ERROR BaseClass - error message
2025-11-06 21:01:27 [TestNG-test-OrangeHRMTest-1] FATAL BaseClass - fatal message
2025-11-06 21:01:45 [TestNG-test-OrangeHRMTest-1] ERROR BaseClass - error message
2025-11-06 21:01:45 [TestNG-test-OrangeHRMTest-1] FATAL BaseClass - fatal message
2025-11-06 21:02:21 [TestNG-test-OrangeHRMTest-1] ERROR ActionDriver - Element is not visible: Expected condition failed: waiting for visibility of element located by By.xpath: //span[text() = 'Admin'] (tried for 30 second(s) with 500 milliseconds interval)
Build info: version: '4.37.0', revision: '3c1da1e342'
System info: os.name: 'Windows 11', os.arch: 'amd64', os.version: '10.0', java.version: '20'
Driver info: org.openqa.selenium.chrome.ChromeDriver
Capabilities {acceptInsecureCerts: false, browserName: chrome, browserVersion: 142.0.7444.60, chrome: {chromedriverVersion: 142.0.7444.61 (9884f628acbc..., userDataDir: C:\Users\DELL\AppData\Local...}, fedcm:accounts: true, goog:chromeOptions: {debuggerAddress: localhost:52942}, goog:processID: 37480, networkConnectionEnabled: false, pageLoadStrategy: normal, platformName: windows, proxy: Proxy(), se:cdp: ws://localhost:52942/devtoo..., se:cdpVersion: 142.0.7444.60, setWindowRect: true, strictFileInteractability: false, timeouts: {implicit: 0, pageLoad: 300000, script: 30000}, unhandledPromptBehavior: dismiss and notify, webauthn:extension:credBlob: true, webauthn:extension:largeBlob: true, webauthn:extension:minPinLength: true, webauthn:extension:prf: true, webauthn:virtualAuthenticators: true}
Session ID: d60d88a16ab5eb73ee8c82e9b93e73a4
2025-11-06 21:02:42 [TestNG-test-OrangeHRMTest-1] ERROR ActionDriver - Unable to describe the element: no such element: Unable to locate element: {"method":"xpath","selector":"//span[text() = 'Admin']"}
  (Session info: chrome=142.0.7444.60)
For documentation on this error, please visit: https://www.selenium.dev/documentation/webdriver/troubleshooting/errors#nosuchelementexception
Build info: version: '4.37.0', revision: '3c1da1e342'
System info: os.name: 'Windows 11', os.arch: 'amd64', os.version: '10.0', java.version: '20'
Driver info: org.openqa.selenium.chrome.ChromeDriver
Command: [d60d88a16ab5eb73ee8c82e9b93e73a4, findElement {using=xpath, value=//span[text() = 'Admin']}]
Capabilities {acceptInsecureCerts: false, browserName: chrome, browserVersion: 142.0.7444.60, chrome: {chromedriverVersion: 142.0.7444.61 (9884f628acbc..., userDataDir: C:\Users\DELL\AppData\Local...}, fedcm:accounts: true, goog:chromeOptions: {debuggerAddress: localhost:52942}, goog:processID: 37480, networkConnectionEnabled: false, pageLoadStrategy: normal, platformName: windows, proxy: Proxy(), se:cdp: ws://localhost:52942/devtoo..., se:cdpVersion: 142.0.7444.60, setWindowRect: true, strictFileInteractability: false, timeouts: {implicit: 0, pageLoad: 300000, script: 30000}, unhandledPromptBehavior: dismiss and notify, webauthn:extension:credBlob: true, webauthn:extension:largeBlob: true, webauthn:extension:minPinLength: true, webauthn:extension:prf: true, webauthn:virtualAuthenticators: true}
Session ID: d60d88a16ab5eb73ee8c82e9b93e73a4
2025-11-06 21:02:42 [TestNG-test-OrangeHRMTest-1] ERROR ActionDriver - There an error: Expected condition failed: waiting for visibility of element located by By.xpath: //span[text() = 'Admin'] (tried for 30 second(s) with 500 milliseconds interval)
Build info: version: '4.37.0', revision: '3c1da1e342'
System info: os.name: 'Windows 11', os.arch: 'amd64', os.version: '10.0', java.version: '20'
Driver info: org.openqa.selenium.chrome.ChromeDriver
Capabilities {acceptInsecureCerts: false, browserName: chrome, browserVersion: 142.0.7444.60, chrome: {chromedriverVersion: 142.0.7444.61 (9884f628acbc..., userDataDir: C:\Users\DELL\AppData\Local...}, fedcm:accounts: true, goog:chromeOptions: {debuggerAddress: localhost:52942}, goog:processID: 37480, networkConnectionEnabled: false, pageLoadStrategy: normal, platformName: windows, proxy: Proxy(), se:cdp: ws://localhost:52942/devtoo..., se:cdpVersion: 142.0.7444.60, setWindowRect: true, strictFileInteractability: false, timeouts: {implicit: 0, pageLoad: 300000, script: 30000}, unhandledPromptBehavior: dismiss and notify, webauthn:extension:credBlob: true, webauthn:extension:largeBlob: true, webauthn:extension:minPinLength: true, webauthn:extension:prf: true, webauthn:virtualAuthenticators: true}
Session ID: d60d88a16ab5eb73ee8c82e9b93e73a4
2025-11-06 21:02:54 [TestNG-test-OrangeHRMTest-1] ERROR BaseClass - error message
2025-11-06 21:02:54 [TestNG-test-OrangeHRMTest-1] FATAL BaseClass - fatal message
2025-11-06 21:03:34 [TestNG-test-OrangeHRMTest-1] ERROR ActionDriver - Element is not visible: Expected condition failed: waiting for visibility of element located by By.xpath: //span[text() = 'Admin'] (tried for 30 second(s) with 500 milliseconds interval)
Build info: version: '4.37.0', revision: '3c1da1e342'
System info: os.name: 'Windows 11', os.arch: 'amd64', os.version: '10.0', java.version: '20'
Driver info: org.openqa.selenium.chrome.ChromeDriver
Capabilities {acceptInsecureCerts: false, browserName: chrome, browserVersion: 142.0.7444.60, chrome: {chromedriverVersion: 142.0.7444.61 (9884f628acbc..., userDataDir: C:\Users\DELL\AppData\Local...}, fedcm:accounts: true, goog:chromeOptions: {debuggerAddress: localhost:51474}, goog:processID: 12184, networkConnectionEnabled: false, pageLoadStrategy: normal, platformName: windows, proxy: Proxy(), se:cdp: ws://localhost:51474/devtoo..., se:cdpVersion: 142.0.7444.60, setWindowRect: true, strictFileInteractability: false, timeouts: {implicit: 0, pageLoad: 300000, script: 30000}, unhandledPromptBehavior: dismiss and notify, webauthn:extension:credBlob: true, webauthn:extension:largeBlob: true, webauthn:extension:minPinLength: true, webauthn:extension:prf: true, webauthn:virtualAuthenticators: true}
Session ID: 5d48ee91ea757851065658168c8fd0de
2025-11-06 21:03:55 [TestNG-test-OrangeHRMTest-1] ERROR ActionDriver - Unable to describe the element: no such element: Unable to locate element: {"method":"xpath","selector":"//span[text() = 'Admin']"}
  (Session info: chrome=142.0.7444.60)
For documentation on this error, please visit: https://www.selenium.dev/documentation/webdriver/troubleshooting/errors#nosuchelementexception
Build info: version: '4.37.0', revision: '3c1da1e342'
System info: os.name: 'Windows 11', os.arch: 'amd64', os.version: '10.0', java.version: '20'
Driver info: org.openqa.selenium.chrome.ChromeDriver
Command: [5d48ee91ea757851065658168c8fd0de, findElement {using=xpath, value=//span[text() = 'Admin']}]
Capabilities {acceptInsecureCerts: false, browserName: chrome, browserVersion: 142.0.7444.60, chrome: {chromedriverVersion: 142.0.7444.61 (9884f628acbc..., userDataDir: C:\Users\DELL\AppData\Local...}, fedcm:accounts: true, goog:chromeOptions: {debuggerAddress: localhost:51474}, goog:processID: 12184, networkConnectionEnabled: false, pageLoadStrategy: normal, platformName: windows, proxy: Proxy(), se:cdp: ws://localhost:51474/devtoo..., se:cdpVersion: 142.0.7444.60, setWindowRect: true, strictFileInteractability: false, timeouts: {implicit: 0, pageLoad: 300000, script: 30000}, unhandledPromptBehavior: dismiss and notify, webauthn:extension:credBlob: true, webauthn:extension:largeBlob: true, webauthn:extension:minPinLength: true, webauthn:extension:prf: true, webauthn:virtualAuthenticators: true}
Session ID: 5d48ee91ea757851065658168c8fd0de
2025-11-06 21:03:55 [TestNG-test-OrangeHRMTest-1] ERROR ActionDriver - There an error: Expected condition failed: waiting for visibility of element located by By.xpath: //span[text() = 'Admin'] (tried for 30 second(s) with 500 milliseconds interval)
Build info: version: '4.37.0', revision: '3c1da1e342'
System info: os.name: 'Windows 11', os.arch: 'amd64', os.version: '10.0', java.version: '20'
Driver info: org.openqa.selenium.chrome.ChromeDriver
Capabilities {acceptInsecureCerts: false, browserName: chrome, browserVersion: 142.0.7444.60, chrome: {chromedriverVersion: 142.0.7444.61 (9884f628acbc..., userDataDir: C:\Users\DELL\AppData\Local...}, fedcm:accounts: true, goog:chromeOptions: {debuggerAddress: localhost:51474}, goog:processID: 12184, networkConnectionEnabled: false, pageLoadStrategy: normal, platformName: windows, proxy: Proxy(), se:cdp: ws://localhost:51474/devtoo..., se:cdpVersion: 142.0.7444.60, setWindowRect: true, strictFileInteractability: false, timeouts: {implicit: 0, pageLoad: 300000, script: 30000}, unhandledPromptBehavior: dismiss and notify, webauthn:extension:credBlob: true, webauthn:extension:largeBlob: true, webauthn:extension:minPinLength: true, webauthn:extension:prf: true, webauthn:virtualAuthenticators: true}
Session ID: 5d48ee91ea757851065658168c8fd0de
2025-11-06 21:04:10 [TestNG-test-OrangeHRMTest-1] ERROR BaseClass - error message
2025-11-06 21:04:10 [TestNG-test-OrangeHRMTest-1] FATAL BaseClass - fatal message
2025-11-06 21:04:48 [TestNG-test-OrangeHRMTest-1] ERROR ActionDriver - Element is not visible: Expected condition failed: waiting for visibility of element located by By.xpath: //span[text() = 'Admin'] (tried for 30 second(s) with 500 milliseconds interval)
Build info: version: '4.37.0', revision: '3c1da1e342'
System info: os.name: 'Windows 11', os.arch: 'amd64', os.version: '10.0', java.version: '20'
Driver info: org.openqa.selenium.chrome.ChromeDriver
Capabilities {acceptInsecureCerts: false, browserName: chrome, browserVersion: 142.0.7444.60, chrome: {chromedriverVersion: 142.0.7444.61 (9884f628acbc..., userDataDir: C:\Users\DELL\AppData\Local...}, fedcm:accounts: true, goog:chromeOptions: {debuggerAddress: localhost:56531}, goog:processID: 30528, networkConnectionEnabled: false, pageLoadStrategy: normal, platformName: windows, proxy: Proxy(), se:cdp: ws://localhost:56531/devtoo..., se:cdpVersion: 142.0.7444.60, setWindowRect: true, strictFileInteractability: false, timeouts: {implicit: 0, pageLoad: 300000, script: 30000}, unhandledPromptBehavior: dismiss and notify, webauthn:extension:credBlob: true, webauthn:extension:largeBlob: true, webauthn:extension:minPinLength: true, webauthn:extension:prf: true, webauthn:virtualAuthenticators: true}
Session ID: b3bc3405fcd833ea6b2857e9a17e5b32
2025-11-06 21:05:08 [TestNG-test-OrangeHRMTest-1] ERROR ActionDriver - Unable to describe the element: no such element: Unable to locate element: {"method":"xpath","selector":"//span[text() = 'Admin']"}
  (Session info: chrome=142.0.7444.60)
For documentation on this error, please visit: https://www.selenium.dev/documentation/webdriver/troubleshooting/errors#nosuchelementexception
Build info: version: '4.37.0', revision: '3c1da1e342'
System info: os.name: 'Windows 11', os.arch: 'amd64', os.version: '10.0', java.version: '20'
Driver info: org.openqa.selenium.chrome.ChromeDriver
Command: [b3bc3405fcd833ea6b2857e9a17e5b32, findElement {using=xpath, value=//span[text() = 'Admin']}]
Capabilities {acceptInsecureCerts: false, browserName: chrome, browserVersion: 142.0.7444.60, chrome: {chromedriverVersion: 142.0.7444.61 (9884f628acbc..., userDataDir: C:\Users\DELL\AppData\Local...}, fedcm:accounts: true, goog:chromeOptions: {debuggerAddress: localhost:56531}, goog:processID: 30528, networkConnectionEnabled: false, pageLoadStrategy: normal, platformName: windows, proxy: Proxy(), se:cdp: ws://localhost:56531/devtoo..., se:cdpVersion: 142.0.7444.60, setWindowRect: true, strictFileInteractability: false, timeouts: {implicit: 0, pageLoad: 300000, script: 30000}, unhandledPromptBehavior: dismiss and notify, webauthn:extension:credBlob: true, webauthn:extension:largeBlob: true, webauthn:extension:minPinLength: true, webauthn:extension:prf: true, webauthn:virtualAuthenticators: true}
Session ID: b3bc3405fcd833ea6b2857e9a17e5b32
2025-11-06 21:05:09 [TestNG-test-OrangeHRMTest-1] ERROR ActionDriver - There an error: Expected condition failed: waiting for visibility of element located by By.xpath: //span[text() = 'Admin'] (tried for 30 second(s) with 500 milliseconds interval)
Build info: version: '4.37.0', revision: '3c1da1e342'
System info: os.name: 'Windows 11', os.arch: 'amd64', os.version: '10.0', java.version: '20'
Driver info: org.openqa.selenium.chrome.ChromeDriver
Capabilities {acceptInsecureCerts: false, browserName: chrome, browserVersion: 142.0.7444.60, chrome: {chromedriverVersion: 142.0.7444.61 (9884f628acbc..., userDataDir: C:\Users\DELL\AppData\Local...}, fedcm:accounts: true, goog:chromeOptions: {debuggerAddress: localhost:56531}, goog:processID: 30528, networkConnectionEnabled: false, pageLoadStrategy: normal, platformName: windows, proxy: Proxy(), se:cdp: ws://localhost:56531/devtoo..., se:cdpVersion: 142.0.7444.60, setWindowRect: true, strictFileInteractability: false, timeouts: {implicit: 0, pageLoad: 300000, script: 30000}, unhandledPromptBehavior: dismiss and notify, webauthn:extension:credBlob: true, webauthn:extension:largeBlob: true, webauthn:extension:minPinLength: true, webauthn:extension:prf: true, webauthn:virtualAuthenticators: true}
Session ID: b3bc3405fcd833ea6b2857e9a17e5b32
2025-11-06 21:05:26 [TestNG-test-OrangeHRMTest-1] ERROR BaseClass - error message
2025-11-06 21:05:26 [TestNG-test-OrangeHRMTest-1] FATAL BaseClass - fatal message
2025-11-06 21:06:03 [TestNG-test-OrangeHRMTest-1] ERROR BaseClass - error message
2025-11-06 21:06:03 [TestNG-test-OrangeHRMTest-1] FATAL BaseClass - fatal message
2025-11-06 21:06:42 [TestNG-test-OrangeHRMTest-1] ERROR ActionDriver - Element is not visible: Expected condition failed: waiting for visibility of element located by By.xpath: //div[@class='oxd-brand-banner']/img (tried for 30 second(s) with 500 milliseconds interval)
Build info: version: '4.37.0', revision: '3c1da1e342'
System info: os.name: 'Windows 11', os.arch: 'amd64', os.version: '10.0', java.version: '20'
Driver info: org.openqa.selenium.chrome.ChromeDriver
Capabilities {acceptInsecureCerts: false, browserName: chrome, browserVersion: 142.0.7444.60, chrome: {chromedriverVersion: 142.0.7444.61 (9884f628acbc..., userDataDir: C:\Users\DELL\AppData\Local...}, fedcm:accounts: true, goog:chromeOptions: {debuggerAddress: localhost:63538}, goog:processID: 16644, networkConnectionEnabled: false, pageLoadStrategy: normal, platformName: windows, proxy: Proxy(), se:cdp: ws://localhost:63538/devtoo..., se:cdpVersion: 142.0.7444.60, setWindowRect: true, strictFileInteractability: false, timeouts: {implicit: 0, pageLoad: 300000, script: 30000}, unhandledPromptBehavior: dismiss and notify, webauthn:extension:credBlob: true, webauthn:extension:largeBlob: true, webauthn:extension:minPinLength: true, webauthn:extension:prf: true, webauthn:virtualAuthenticators: true}
Session ID: 2689c5ee7a585a2f5d40cedd16063bd1
2025-11-06 21:07:02 [TestNG-test-OrangeHRMTest-1] ERROR ActionDriver - Unable to describe the element: no such element: Unable to locate element: {"method":"xpath","selector":"//div[@class='oxd-brand-banner']/img"}
  (Session info: chrome=142.0.7444.60)
For documentation on this error, please visit: https://www.selenium.dev/documentation/webdriver/troubleshooting/errors#nosuchelementexception
Build info: version: '4.37.0', revision: '3c1da1e342'
System info: os.name: 'Windows 11', os.arch: 'amd64', os.version: '10.0', java.version: '20'
Driver info: org.openqa.selenium.chrome.ChromeDriver
Command: [2689c5ee7a585a2f5d40cedd16063bd1, findElement {using=xpath, value=//div[@class='oxd-brand-banner']/img}]
Capabilities {acceptInsecureCerts: false, browserName: chrome, browserVersion: 142.0.7444.60, chrome: {chromedriverVersion: 142.0.7444.61 (9884f628acbc..., userDataDir: C:\Users\DELL\AppData\Local...}, fedcm:accounts: true, goog:chromeOptions: {debuggerAddress: localhost:63538}, goog:processID: 16644, networkConnectionEnabled: false, pageLoadStrategy: normal, platformName: windows, proxy: Proxy(), se:cdp: ws://localhost:63538/devtoo..., se:cdpVersion: 142.0.7444.60, setWindowRect: true, strictFileInteractability: false, timeouts: {implicit: 0, pageLoad: 300000, script: 30000}, unhandledPromptBehavior: dismiss and notify, webauthn:extension:credBlob: true, webauthn:extension:largeBlob: true, webauthn:extension:minPinLength: true, webauthn:extension:prf: true, webauthn:virtualAuthenticators: true}
Session ID: 2689c5ee7a585a2f5d40cedd16063bd1
2025-11-06 21:07:02 [TestNG-test-OrangeHRMTest-1] ERROR ActionDriver - There an error: Expected condition failed: waiting for visibility of element located by By.xpath: //div[@class='oxd-brand-banner']/img (tried for 30 second(s) with 500 milliseconds interval)
Build info: version: '4.37.0', revision: '3c1da1e342'
System info: os.name: 'Windows 11', os.arch: 'amd64', os.version: '10.0', java.version: '20'
Driver info: org.openqa.selenium.chrome.ChromeDriver
Capabilities {acceptInsecureCerts: false, browserName: chrome, browserVersion: 142.0.7444.60, chrome: {chromedriverVersion: 142.0.7444.61 (9884f628acbc..., userDataDir: C:\Users\DELL\AppData\Local...}, fedcm:accounts: true, goog:chromeOptions: {debuggerAddress: localhost:63538}, goog:processID: 16644, networkConnectionEnabled: false, pageLoadStrategy: normal, platformName: windows, proxy: Proxy(), se:cdp: ws://localhost:63538/devtoo..., se:cdpVersion: 142.0.7444.60, setWindowRect: true, strictFileInteractability: false, timeouts: {implicit: 0, pageLoad: 300000, script: 30000}, unhandledPromptBehavior: dismiss and notify, webauthn:extension:credBlob: true, webauthn:extension:largeBlob: true, webauthn:extension:minPinLength: true, webauthn:extension:prf: true, webauthn:virtualAuthenticators: true}
Session ID: 2689c5ee7a585a2f5d40cedd16063bd1
2025-11-06 21:07:20 [TestNG-test-OrangeHRMTest-1] ERROR BaseClass - error message
2025-11-06 21:07:20 [TestNG-test-OrangeHRMTest-1] FATAL BaseClass - fatal message
2025-11-06 21:07:58 [TestNG-test-OrangeHRMTest-1] ERROR ActionDriver - Element is not visible: Expected condition failed: waiting for visibility of element located by By.xpath: //div[@class='oxd-brand-banner']/img (tried for 30 second(s) with 500 milliseconds interval)
Build info: version: '4.37.0', revision: '3c1da1e342'
System info: os.name: 'Windows 11', os.arch: 'amd64', os.version: '10.0', java.version: '20'
Driver info: org.openqa.selenium.chrome.ChromeDriver
Capabilities {acceptInsecureCerts: false, browserName: chrome, browserVersion: 142.0.7444.60, chrome: {chromedriverVersion: 142.0.7444.61 (9884f628acbc..., userDataDir: C:\Users\DELL\AppData\Local...}, fedcm:accounts: true, goog:chromeOptions: {debuggerAddress: localhost:61699}, goog:processID: 21372, networkConnectionEnabled: false, pageLoadStrategy: normal, platformName: windows, proxy: Proxy(), se:cdp: ws://localhost:61699/devtoo..., se:cdpVersion: 142.0.7444.60, setWindowRect: true, strictFileInteractability: false, timeouts: {implicit: 0, pageLoad: 300000, script: 30000}, unhandledPromptBehavior: dismiss and notify, webauthn:extension:credBlob: true, webauthn:extension:largeBlob: true, webauthn:extension:minPinLength: true, webauthn:extension:prf: true, webauthn:virtualAuthenticators: true}
Session ID: a57f913389b2ad7a7a0338a5b82a5762
2025-11-06 21:08:18 [TestNG-test-OrangeHRMTest-1] ERROR ActionDriver - Unable to describe the element: no such element: Unable to locate element: {"method":"xpath","selector":"//div[@class='oxd-brand-banner']/img"}
  (Session info: chrome=142.0.7444.60)
For documentation on this error, please visit: https://www.selenium.dev/documentation/webdriver/troubleshooting/errors#nosuchelementexception
Build info: version: '4.37.0', revision: '3c1da1e342'
System info: os.name: 'Windows 11', os.arch: 'amd64', os.version: '10.0', java.version: '20'
Driver info: org.openqa.selenium.chrome.ChromeDriver
Command: [a57f913389b2ad7a7a0338a5b82a5762, findElement {using=xpath, value=//div[@class='oxd-brand-banner']/img}]
Capabilities {acceptInsecureCerts: false, browserName: chrome, browserVersion: 142.0.7444.60, chrome: {chromedriverVersion: 142.0.7444.61 (9884f628acbc..., userDataDir: C:\Users\DELL\AppData\Local...}, fedcm:accounts: true, goog:chromeOptions: {debuggerAddress: localhost:61699}, goog:processID: 21372, networkConnectionEnabled: false, pageLoadStrategy: normal, platformName: windows, proxy: Proxy(), se:cdp: ws://localhost:61699/devtoo..., se:cdpVersion: 142.0.7444.60, setWindowRect: true, strictFileInteractability: false, timeouts: {implicit: 0, pageLoad: 300000, script: 30000}, unhandledPromptBehavior: dismiss and notify, webauthn:extension:credBlob: true, webauthn:extension:largeBlob: true, webauthn:extension:minPinLength: true, webauthn:extension:prf: true, webauthn:virtualAuthenticators: true}
Session ID: a57f913389b2ad7a7a0338a5b82a5762
2025-11-06 21:08:18 [TestNG-test-OrangeHRMTest-1] ERROR ActionDriver - There an error: Expected condition failed: waiting for visibility of element located by By.xpath: //div[@class='oxd-brand-banner']/img (tried for 30 second(s) with 500 milliseconds interval)
Build info: version: '4.37.0', revision: '3c1da1e342'
System info: os.name: 'Windows 11', os.arch: 'amd64', os.version: '10.0', java.version: '20'
Driver info: org.openqa.selenium.chrome.ChromeDriver
Capabilities {acceptInsecureCerts: false, browserName: chrome, browserVersion: 142.0.7444.60, chrome: {chromedriverVersion: 142.0.7444.61 (9884f628acbc..., userDataDir: C:\Users\DELL\AppData\Local...}, fedcm:accounts: true, goog:chromeOptions: {debuggerAddress: localhost:61699}, goog:processID: 21372, networkConnectionEnabled: false, pageLoadStrategy: normal, platformName: windows, proxy: Proxy(), se:cdp: ws://localhost:61699/devtoo..., se:cdpVersion: 142.0.7444.60, setWindowRect: true, strictFileInteractability: false, timeouts: {implicit: 0, pageLoad: 300000, script: 30000}, unhandledPromptBehavior: dismiss and notify, webauthn:extension:credBlob: true, webauthn:extension:largeBlob: true, webauthn:extension:minPinLength: true, webauthn:extension:prf: true, webauthn:virtualAuthenticators: true}
Session ID: a57f913389b2ad7a7a0338a5b82a5762
2025-11-06 21:08:35 [TestNG-test-OrangeHRMTest-1] ERROR BaseClass - error message
2025-11-06 21:08:35 [TestNG-test-OrangeHRMTest-1] FATAL BaseClass - fatal message
2025-11-06 21:09:16 [TestNG-test-OrangeHRMTest-1] ERROR ActionDriver - Element is not visible: Expected condition failed: waiting for visibility of element located by By.xpath: //div[@class='oxd-brand-banner']/img (tried for 30 second(s) with 500 milliseconds interval)
Build info: version: '4.37.0', revision: '3c1da1e342'
System info: os.name: 'Windows 11', os.arch: 'amd64', os.version: '10.0', java.version: '20'
Driver info: org.openqa.selenium.chrome.ChromeDriver
Capabilities {acceptInsecureCerts: false, browserName: chrome, browserVersion: 142.0.7444.60, chrome: {chromedriverVersion: 142.0.7444.61 (9884f628acbc..., userDataDir: C:\Users\DELL\AppData\Local...}, fedcm:accounts: true, goog:chromeOptions: {debuggerAddress: localhost:57917}, goog:processID: 19848, networkConnectionEnabled: false, pageLoadStrategy: normal, platformName: windows, proxy: Proxy(), se:cdp: ws://localhost:57917/devtoo..., se:cdpVersion: 142.0.7444.60, setWindowRect: true, strictFileInteractability: false, timeouts: {implicit: 0, pageLoad: 300000, script: 30000}, unhandledPromptBehavior: dismiss and notify, webauthn:extension:credBlob: true, webauthn:extension:largeBlob: true, webauthn:extension:minPinLength: true, webauthn:extension:prf: true, webauthn:virtualAuthenticators: true}
Session ID: 2c3fd4422262a90a4688421637d62a09
2025-11-06 21:09:36 [TestNG-test-OrangeHRMTest-1] ERROR ActionDriver - Unable to describe the element: no such element: Unable to locate element: {"method":"xpath","selector":"//div[@class='oxd-brand-banner']/img"}
  (Session info: chrome=142.0.7444.60)
For documentation on this error, please visit: https://www.selenium.dev/documentation/webdriver/troubleshooting/errors#nosuchelementexception
Build info: version: '4.37.0', revision: '3c1da1e342'
System info: os.name: 'Windows 11', os.arch: 'amd64', os.version: '10.0', java.version: '20'
Driver info: org.openqa.selenium.chrome.ChromeDriver
Command: [2c3fd4422262a90a4688421637d62a09, findElement {using=xpath, value=//div[@class='oxd-brand-banner']/img}]
Capabilities {acceptInsecureCerts: false, browserName: chrome, browserVersion: 142.0.7444.60, chrome: {chromedriverVersion: 142.0.7444.61 (9884f628acbc..., userDataDir: C:\Users\DELL\AppData\Local...}, fedcm:accounts: true, goog:chromeOptions: {debuggerAddress: localhost:57917}, goog:processID: 19848, networkConnectionEnabled: false, pageLoadStrategy: normal, platformName: windows, proxy: Proxy(), se:cdp: ws://localhost:57917/devtoo..., se:cdpVersion: 142.0.7444.60, setWindowRect: true, strictFileInteractability: false, timeouts: {implicit: 0, pageLoad: 300000, script: 30000}, unhandledPromptBehavior: dismiss and notify, webauthn:extension:credBlob: true, webauthn:extension:largeBlob: true, webauthn:extension:minPinLength: true, webauthn:extension:prf: true, webauthn:virtualAuthenticators: true}
Session ID: 2c3fd4422262a90a4688421637d62a09
2025-11-06 21:09:36 [TestNG-test-OrangeHRMTest-1] ERROR ActionDriver - There an error: Expected condition failed: waiting for visibility of element located by By.xpath: //div[@class='oxd-brand-banner']/img (tried for 30 second(s) with 500 milliseconds interval)
Build info: version: '4.37.0', revision: '3c1da1e342'
System info: os.name: 'Windows 11', os.arch: 'amd64', os.version: '10.0', java.version: '20'
Driver info: org.openqa.selenium.chrome.ChromeDriver
Capabilities {acceptInsecureCerts: false, browserName: chrome, browserVersion: 142.0.7444.60, chrome: {chromedriverVersion: 142.0.7444.61 (9884f628acbc..., userDataDir: C:\Users\DELL\AppData\Local...}, fedcm:accounts: true, goog:chromeOptions: {debuggerAddress: localhost:57917}, goog:processID: 19848, networkConnectionEnabled: false, pageLoadStrategy: normal, platformName: windows, proxy: Proxy(), se:cdp: ws://localhost:57917/devtoo..., se:cdpVersion: 142.0.7444.60, setWindowRect: true, strictFileInteractability: false, timeouts: {implicit: 0, pageLoad: 300000, script: 30000}, unhandledPromptBehavior: dismiss and notify, webauthn:extension:credBlob: true, webauthn:extension:largeBlob: true, webauthn:extension:minPinLength: true, webauthn:extension:prf: true, webauthn:virtualAuthenticators: true}
Session ID: 2c3fd4422262a90a4688421637d62a09
2025-11-08 10:45:33 [TestNG-test-OrangeHRMTest-1] ERROR BaseClass - error message
2025-11-08 10:45:33 [TestNG-test-OrangeHRMTest-1] FATAL BaseClass - fatal message
2025-11-08 10:45:38 [TestNG-test-OrangeHRMTest-1] ERROR BaseClass - error message
2025-11-08 10:45:38 [TestNG-test-OrangeHRMTest-1] FATAL BaseClass - fatal message
2025-11-08 10:45:44 [TestNG-test-OrangeHRMTest-1] ERROR BaseClass - error message
2025-11-08 10:45:44 [TestNG-test-OrangeHRMTest-1] FATAL BaseClass - fatal message
2025-11-08 10:45:51 [TestNG-test-OrangeHRMTest-1] ERROR BaseClass - error message
2025-11-08 10:45:51 [TestNG-test-OrangeHRMTest-1] FATAL BaseClass - fatal message
2025-11-08 10:45:58 [TestNG-test-OrangeHRMTest-1] ERROR BaseClass - error message
2025-11-08 10:45:58 [TestNG-test-OrangeHRMTest-1] FATAL BaseClass - fatal message
2025-11-08 10:46:05 [TestNG-test-OrangeHRMTest-1] ERROR BaseClass - error message
2025-11-08 10:46:05 [TestNG-test-OrangeHRMTest-1] FATAL BaseClass - fatal message
2025-11-08 10:46:14 [TestNG-test-OrangeHRMTest-2] ERROR BaseClass - error message
2025-11-08 10:46:14 [TestNG-test-OrangeHRMTest-2] FATAL BaseClass - fatal message
2025-11-08 15:41:02 [TestNG-test-OrangeHRMTest-1] ERROR BaseClass - error message
2025-11-08 15:41:02 [TestNG-test-OrangeHRMTest-1] FATAL BaseClass - fatal message
2025-11-08 15:41:09 [TestNG-test-OrangeHRMTest-1] ERROR BaseClass - error message
2025-11-08 15:41:09 [TestNG-test-OrangeHRMTest-1] FATAL BaseClass - fatal message
2025-11-08 15:41:17 [TestNG-test-OrangeHRMTest-1] ERROR BaseClass - error message
2025-11-08 15:41:17 [TestNG-test-OrangeHRMTest-1] FATAL BaseClass - fatal message
2025-11-08 15:41:24 [TestNG-test-OrangeHRMTest-1] ERROR BaseClass - error message
2025-11-08 15:41:24 [TestNG-test-OrangeHRMTest-1] FATAL BaseClass - fatal message
2025-11-08 15:59:38 [TestNG-test-OrangeHRMTest-1] ERROR BaseClass - error message
2025-11-08 15:59:38 [TestNG-test-OrangeHRMTest-1] FATAL BaseClass - fatal message
2025-11-08 15:59:46 [TestNG-test-OrangeHRMTest-1] ERROR BaseClass - error message
2025-11-08 15:59:46 [TestNG-test-OrangeHRMTest-1] FATAL BaseClass - fatal message
2025-11-08 15:59:53 [TestNG-test-OrangeHRMTest-1] ERROR BaseClass - error message
2025-11-08 15:59:53 [TestNG-test-OrangeHRMTest-1] FATAL BaseClass - fatal message
2025-11-08 15:59:59 [TestNG-test-OrangeHRMTest-1] ERROR BaseClass - error message
2025-11-08 15:59:59 [TestNG-test-OrangeHRMTest-1] FATAL BaseClass - fatal message
2025-11-08 16:05:40 [TestNG-test-OrangeHRMTest-1] ERROR BaseClass - error message
2025-11-08 16:05:40 [TestNG-test-OrangeHRMTest-1] FATAL BaseClass - fatal message
2025-11-08 16:05:47 [TestNG-test-OrangeHRMTest-1] ERROR BaseClass - error message
2025-11-08 16:05:47 [TestNG-test-OrangeHRMTest-1] FATAL BaseClass - fatal message
2025-11-08 16:05:55 [TestNG-test-OrangeHRMTest-1] ERROR BaseClass - error message
2025-11-08 16:05:55 [TestNG-test-OrangeHRMTest-1] FATAL BaseClass - fatal message
2025-11-08 16:06:04 [TestNG-test-OrangeHRMTest-1] ERROR BaseClass - error message
2025-11-08 16:06:04 [TestNG-test-OrangeHRMTest-1] FATAL BaseClass - fatal message
2025-11-08 16:11:43 [TestNG-test-OrangeHRMTest-1] ERROR BaseClass - error message
2025-11-08 16:11:43 [TestNG-test-OrangeHRMTest-1] FATAL BaseClass - fatal message
2025-11-08 16:12:03 [TestNG-test-OrangeHRMTest-1] ERROR BaseClass - error message
2025-11-08 16:12:03 [TestNG-test-OrangeHRMTest-1] FATAL BaseClass - fatal message
2025-11-08 16:12:11 [TestNG-test-OrangeHRMTest-1] ERROR BaseClass - error message
2025-11-08 16:12:11 [TestNG-test-OrangeHRMTest-1] FATAL BaseClass - fatal message
2025-11-08 16:12:18 [TestNG-test-OrangeHRMTest-1] ERROR BaseClass - error message
2025-11-08 16:12:18 [TestNG-test-OrangeHRMTest-1] FATAL BaseClass - fatal message
2025-11-08 16:26:41 [TestNG-test-OrangeHRMTest-1] ERROR BaseClass - error message
2025-11-08 16:26:41 [TestNG-test-OrangeHRMTest-1] FATAL BaseClass - fatal message
2025-11-08 16:26:49 [TestNG-test-OrangeHRMTest-1] ERROR BaseClass - error message
2025-11-08 16:26:49 [TestNG-test-OrangeHRMTest-1] FATAL BaseClass - fatal message
2025-11-08 16:26:56 [TestNG-test-OrangeHRMTest-1] ERROR BaseClass - error message
2025-11-08 16:26:56 [TestNG-test-OrangeHRMTest-1] FATAL BaseClass - fatal message
2025-11-08 16:27:03 [TestNG-test-OrangeHRMTest-1] ERROR BaseClass - error message
2025-11-08 16:27:03 [TestNG-test-OrangeHRMTest-1] FATAL BaseClass - fatal message
2025-11-08 16:32:37 [TestNG-test-OrangeHRMTest-1] ERROR BaseClass - error message
2025-11-08 16:32:37 [TestNG-test-OrangeHRMTest-1] FATAL BaseClass - fatal message
2025-11-08 16:32:45 [TestNG-test-OrangeHRMTest-1] ERROR BaseClass - error message
2025-11-08 16:32:45 [TestNG-test-OrangeHRMTest-1] FATAL BaseClass - fatal message
2025-11-08 16:32:53 [TestNG-test-OrangeHRMTest-1] ERROR BaseClass - error message
2025-11-08 16:32:53 [TestNG-test-OrangeHRMTest-1] FATAL BaseClass - fatal message
2025-11-08 16:33:00 [TestNG-test-OrangeHRMTest-1] ERROR BaseClass - error message
2025-11-08 16:33:00 [TestNG-test-OrangeHRMTest-1] FATAL BaseClass - fatal message
2025-11-08 16:33:06 [TestNG-test-OrangeHRMTest-1] ERROR BaseClass - Driver is not initialized: java.lang.IllegalStateException: Driver is not initialized
2025-11-08 16:47:00 [TestNG-test-OrangeHRMTest-1] ERROR BaseClass - error message
2025-11-08 16:47:00 [TestNG-test-OrangeHRMTest-1] FATAL BaseClass - fatal message
2025-11-08 16:48:44 [TestNG-test-OrangeHRMTest-1] ERROR BaseClass - error message
2025-11-08 16:48:44 [TestNG-test-OrangeHRMTest-1] FATAL BaseClass - fatal message
2025-11-08 16:50:11 [TestNG-test-OrangeHRMTest-1] ERROR BaseClass - error message
2025-11-08 16:50:11 [TestNG-test-OrangeHRMTest-1] FATAL BaseClass - fatal message
2025-11-08 16:53:10 [TestNG-test-OrangeHRMTest-1] ERROR BaseClass - error message
2025-11-08 16:53:10 [TestNG-test-OrangeHRMTest-1] FATAL BaseClass - fatal message
2025-11-08 16:54:43 [TestNG-test-OrangeHRMTest-1] ERROR BaseClass - Driver is not initialized: java.lang.IllegalStateException: Driver is not initialized
2025-11-08 16:55:30 [TestNG-test-OrangeHRMTest-1] ERROR BaseClass - error message
2025-11-08 16:55:30 [TestNG-test-OrangeHRMTest-1] FATAL BaseClass - fatal message
2025-11-08 16:57:27 [TestNG-test-OrangeHRMTest-1] ERROR BaseClass - error message
2025-11-08 16:57:27 [TestNG-test-OrangeHRMTest-1] FATAL BaseClass - fatal message
2025-11-08 16:59:37 [TestNG-test-OrangeHRMTest-1] ERROR BaseClass - error message
2025-11-08 16:59:37 [TestNG-test-OrangeHRMTest-1] FATAL BaseClass - fatal message
2025-11-08 16:59:43 [TestNG-test-OrangeHRMTest-1] ERROR BaseClass - Driver is not initialized: java.lang.IllegalStateException: Driver is not initialized
2025-11-08 17:00:43 [TestNG-test-OrangeHRMTest-1] ERROR BaseClass - error message
2025-11-08 17:00:43 [TestNG-test-OrangeHRMTest-1] FATAL BaseClass - fatal message
2025-11-08 17:22:20 [TestNG-test-OrangeHRMTest-1] ERROR BaseClass - Driver is not initialized: java.lang.IllegalStateException: Driver is not initialized
2025-11-08 17:24:13 [TestNG-test-OrangeHRMTest-1] ERROR BaseClass - error message
2025-11-08 17:24:13 [TestNG-test-OrangeHRMTest-1] FATAL BaseClass - fatal message
2025-11-08 17:25:49 [TestNG-test-OrangeHRMTest-2] ERROR BaseClass - error message
2025-11-08 17:25:49 [TestNG-test-OrangeHRMTest-2] FATAL BaseClass - fatal message
2025-11-08 17:25:52 [TestNG-test-OrangeHRMTest-1] ERROR BaseClass - error message
2025-11-08 17:25:52 [TestNG-test-OrangeHRMTest-1] FATAL BaseClass - fatal message
2025-11-08 17:25:53 [TestNG-test-OrangeHRMTest-4] ERROR BaseClass - error message
2025-11-08 17:25:53 [TestNG-test-OrangeHRMTest-4] FATAL BaseClass - fatal message
2025-11-08 17:25:53 [TestNG-test-OrangeHRMTest-3] ERROR BaseClass - error message
2025-11-08 17:25:53 [TestNG-test-OrangeHRMTest-3] FATAL BaseClass - fatal message
2025-11-08 17:39:27 [TestNG-test-OrangeHRMTest-1] ERROR BaseClass - error message
2025-11-08 17:39:27 [TestNG-test-OrangeHRMTest-2] ERROR BaseClass - error message
2025-11-08 17:39:27 [TestNG-test-OrangeHRMTest-1] FATAL BaseClass - fatal message
2025-11-08 17:39:27 [TestNG-test-OrangeHRMTest-2] FATAL BaseClass - fatal message
2025-11-08 17:39:28 [TestNG-test-OrangeHRMTest-4] ERROR BaseClass - error message
2025-11-08 17:39:28 [TestNG-test-OrangeHRMTest-4] FATAL BaseClass - fatal message
2025-11-08 17:39:31 [TestNG-test-OrangeHRMTest-3] ERROR BaseClass - error message
2025-11-08 17:39:31 [TestNG-test-OrangeHRMTest-3] FATAL BaseClass - fatal message
2025-11-08 17:39:41 [TestNG-test-OrangeHRMTest-3] ERROR BaseClass - error message
2025-11-08 17:39:41 [TestNG-test-OrangeHRMTest-3] FATAL BaseClass - fatal message
2025-11-08 17:39:51 [TestNG-test-OrangeHRMTest-3] ERROR BaseClass - error message
2025-11-08 17:39:51 [TestNG-test-OrangeHRMTest-3] FATAL BaseClass - fatal message
2025-11-08 17:39:57 [TestNG-test-OrangeHRMTest-3] ERROR BaseClass - error message
2025-11-08 17:39:57 [TestNG-test-OrangeHRMTest-3] FATAL BaseClass - fatal message
2025-11-09 10:48:58 [TestNG-tests-1] ERROR BaseClass - error message
2025-11-09 10:48:58 [TestNG-tests-1] FATAL BaseClass - fatal message
2025-11-09 10:49:00 [TestNG-tests-2] ERROR BaseClass - error message
2025-11-09 10:49:00 [TestNG-tests-2] FATAL BaseClass - fatal message
2025-11-09 10:49:06 [TestNG-tests-1] ERROR BaseClass - error message
2025-11-09 10:49:06 [TestNG-tests-1] FATAL BaseClass - fatal message
2025-11-09 10:49:07 [TestNG-tests-3] ERROR BaseClass - error message
2025-11-09 10:49:07 [TestNG-tests-3] FATAL BaseClass - fatal message
2025-11-09 10:49:11 [TestNG-tests-2] ERROR BaseClass - error message
2025-11-09 10:49:11 [TestNG-tests-2] FATAL BaseClass - fatal message
2025-11-09 10:49:14 [TestNG-tests-1] ERROR BaseClass - error message
2025-11-09 10:49:14 [TestNG-tests-1] FATAL BaseClass - fatal message
2025-11-09 10:49:17 [TestNG-tests-2] ERROR BaseClass - error message
2025-11-09 10:49:17 [TestNG-tests-2] FATAL BaseClass - fatal message
2025-11-09 10:49:19 [TestNG-tests-1] ERROR BaseClass - error message
2025-11-09 10:49:19 [TestNG-tests-1] FATAL BaseClass - fatal message
2025-11-09 10:49:20 [TestNG-tests-3] ERROR BaseClass - error message
2025-11-09 10:49:20 [TestNG-tests-3] FATAL BaseClass - fatal message
2025-11-09 10:49:21 [TestNG-tests-2] ERROR BaseClass - error message
2025-11-09 10:49:21 [TestNG-tests-2] FATAL BaseClass - fatal message
2025-11-09 10:49:30 [TestNG-tests-3] ERROR BaseClass - error message
2025-11-09 10:49:30 [TestNG-tests-3] FATAL BaseClass - fatal message
2025-11-09 10:49:33 [TestNG-tests-1] ERROR BaseClass - error message
2025-11-09 10:49:33 [TestNG-tests-1] FATAL BaseClass - fatal message
2025-11-09 10:49:39 [TestNG-tests-2] ERROR BaseClass - error message
2025-11-09 10:49:39 [TestNG-tests-2] FATAL BaseClass - fatal message
2025-11-09 10:49:43 [TestNG-tests-1] ERROR BaseClass - error message
2025-11-09 10:49:43 [TestNG-tests-1] FATAL BaseClass - fatal message
2025-11-09 10:49:49 [TestNG-tests-3] ERROR BaseClass - error message
2025-11-09 10:49:49 [TestNG-tests-3] FATAL BaseClass - fatal message
2025-11-09 10:49:51 [TestNG-tests-2] ERROR BaseClass - error message
2025-11-09 10:49:51 [TestNG-tests-2] FATAL BaseClass - fatal message
2025-11-09 10:49:57 [TestNG-tests-1] ERROR BaseClass - error message
2025-11-09 10:49:57 [TestNG-tests-1] FATAL BaseClass - fatal message
2025-11-09 10:50:02 [TestNG-tests-2] ERROR BaseClass - error message
2025-11-09 10:50:02 [TestNG-tests-2] FATAL BaseClass - fatal message
2025-11-09 10:50:04 [TestNG-tests-3] ERROR BaseClass - error message
2025-11-09 10:50:04 [TestNG-tests-3] FATAL BaseClass - fatal message
2025-11-09 10:50:11 [TestNG-tests-1] ERROR BaseClass - error message
2025-11-09 10:50:11 [TestNG-tests-1] FATAL BaseClass - fatal message
2025-11-09 10:50:18 [TestNG-tests-2] ERROR BaseClass - error message
2025-11-09 10:50:18 [TestNG-tests-2] FATAL BaseClass - fatal message
2025-11-09 10:50:21 [TestNG-tests-3] ERROR BaseClass - error message
2025-11-09 10:50:21 [TestNG-tests-3] FATAL BaseClass - fatal message
2025-11-09 10:50:38 [TestNG-tests-3] ERROR BaseClass - error message
2025-11-09 10:50:38 [TestNG-tests-3] FATAL BaseClass - fatal message
2025-11-09 10:50:53 [TestNG-tests-3] ERROR BaseClass - error message
2025-11-09 10:50:53 [TestNG-tests-3] FATAL BaseClass - fatal message
2025-11-09 10:53:09 [TestNG-tests-2] ERROR BaseClass - error message
2025-11-09 10:53:09 [TestNG-tests-2] FATAL BaseClass - fatal message
2025-11-09 10:53:26 [TestNG-tests-1] ERROR BaseClass - error message
2025-11-09 10:53:26 [TestNG-tests-1] FATAL BaseClass - fatal message
2025-11-09 10:53:30 [TestNG-tests-3] ERROR BaseClass - error message
2025-11-09 10:53:30 [TestNG-tests-3] FATAL BaseClass - fatal message
2025-11-09 10:53:31 [TestNG-tests-2] ERROR BaseClass - error message
2025-11-09 10:53:31 [TestNG-tests-2] FATAL BaseClass - fatal message
2025-11-09 10:53:31 [TestNG-tests-1] ERROR BaseClass - error message
2025-11-09 10:53:31 [TestNG-tests-1] FATAL BaseClass - fatal message
2025-11-09 10:53:37 [TestNG-tests-2] ERROR BaseClass - error message
2025-11-09 10:53:37 [TestNG-tests-2] FATAL BaseClass - fatal message
2025-11-09 10:53:39 [TestNG-tests-1] ERROR BaseClass - error message
2025-11-09 10:53:39 [TestNG-tests-1] FATAL BaseClass - fatal message
2025-11-09 10:53:43 [TestNG-tests-3] ERROR BaseClass - error message
2025-11-09 10:53:43 [TestNG-tests-3] FATAL BaseClass - fatal message
2025-11-09 10:53:46 [TestNG-tests-1] ERROR BaseClass - error message
2025-11-09 10:53:46 [TestNG-tests-1] FATAL BaseClass - fatal message
2025-11-09 10:53:47 [TestNG-tests-2] ERROR BaseClass - error message
2025-11-09 10:53:47 [TestNG-tests-2] FATAL BaseClass - fatal message
2025-11-09 10:53:52 [TestNG-tests-3] ERROR BaseClass - error message
2025-11-09 10:53:52 [TestNG-tests-3] FATAL BaseClass - fatal message
2025-11-09 10:53:57 [TestNG-tests-1] ERROR BaseClass - error message
2025-11-09 10:53:57 [TestNG-tests-1] FATAL BaseClass - fatal message
2025-11-09 10:54:00 [TestNG-tests-2] ERROR BaseClass - error message
2025-11-09 10:54:00 [TestNG-tests-2] FATAL BaseClass - fatal message
2025-11-09 10:54:04 [TestNG-tests-3] ERROR BaseClass - error message
2025-11-09 10:54:04 [TestNG-tests-3] FATAL BaseClass - fatal message
2025-11-09 10:54:07 [TestNG-tests-1] ERROR BaseClass - error message
2025-11-09 10:54:07 [TestNG-tests-1] FATAL BaseClass - fatal message
2025-11-09 10:54:11 [TestNG-tests-2] ERROR BaseClass - error message
2025-11-09 10:54:11 [TestNG-tests-2] FATAL BaseClass - fatal message
2025-11-09 10:54:18 [TestNG-tests-3] ERROR BaseClass - error message
2025-11-09 10:54:18 [TestNG-tests-3] FATAL BaseClass - fatal message
2025-11-09 10:54:21 [TestNG-tests-1] ERROR BaseClass - error message
2025-11-09 10:54:21 [TestNG-tests-1] FATAL BaseClass - fatal message
2025-11-09 10:54:24 [TestNG-tests-2] ERROR BaseClass - error message
2025-11-09 10:54:24 [TestNG-tests-2] FATAL BaseClass - fatal message
2025-11-09 10:54:35 [TestNG-tests-1] ERROR BaseClass - error message
2025-11-09 10:54:35 [TestNG-tests-1] FATAL BaseClass - fatal message
2025-11-09 10:54:36 [TestNG-tests-3] ERROR BaseClass - error message
2025-11-09 10:54:36 [TestNG-tests-3] FATAL BaseClass - fatal message
2025-11-09 10:54:38 [TestNG-tests-2] ERROR BaseClass - error message
2025-11-09 10:54:38 [TestNG-tests-2] FATAL BaseClass - fatal message
2025-11-09 10:54:51 [TestNG-tests-3] ERROR BaseClass - error message
2025-11-09 10:54:51 [TestNG-tests-3] FATAL BaseClass - fatal message
2025-11-09 10:55:04 [TestNG-tests-3] ERROR BaseClass - error message
2025-11-09 10:55:04 [TestNG-tests-3] FATAL BaseClass - fatal message
2025-11-09 15:03:28 [TestNG-tests-1] ERROR BaseClass - error message
2025-11-09 15:03:28 [TestNG-tests-1] FATAL BaseClass - fatal message
2025-11-09 15:03:31 [TestNG-tests-3] ERROR BaseClass - error message
2025-11-09 15:03:31 [TestNG-tests-3] FATAL BaseClass - fatal message
2025-11-09 15:03:32 [TestNG-tests-2] ERROR BaseClass - error message
2025-11-09 15:03:32 [TestNG-tests-2] FATAL BaseClass - fatal message
2025-11-09 15:03:37 [TestNG-tests-1] ERROR BaseClass - error message
2025-11-09 15:03:37 [TestNG-tests-1] FATAL BaseClass - fatal message
2025-11-09 15:03:39 [TestNG-tests-2] ERROR BaseClass - error message
2025-11-09 15:03:39 [TestNG-tests-2] FATAL BaseClass - fatal message
2025-11-09 15:03:43 [TestNG-tests-1] ERROR BaseClass - error message
2025-11-09 15:03:43 [TestNG-tests-1] FATAL BaseClass - fatal message
2025-11-09 15:03:46 [TestNG-tests-2] ERROR BaseClass - error message
2025-11-09 15:03:46 [TestNG-tests-2] FATAL BaseClass - fatal message
2025-11-09 15:03:52 [TestNG-tests-3] ERROR BaseClass - error message
2025-11-09 15:03:52 [TestNG-tests-3] FATAL BaseClass - fatal message
2025-11-09 15:03:57 [TestNG-tests-2] ERROR BaseClass - error message
2025-11-09 15:03:57 [TestNG-tests-2] FATAL BaseClass - fatal message
2025-11-09 15:03:57 [TestNG-tests-1] ERROR BaseClass - error message
2025-11-09 15:03:57 [TestNG-tests-1] FATAL BaseClass - fatal message
2025-11-09 15:04:04 [TestNG-tests-3] ERROR BaseClass - error message
2025-11-09 15:04:04 [TestNG-tests-3] FATAL BaseClass - fatal message
2025-11-09 15:04:13 [TestNG-tests-1] ERROR BaseClass - error message
2025-11-09 15:04:13 [TestNG-tests-1] FATAL BaseClass - fatal message
2025-11-09 15:04:14 [TestNG-tests-2] ERROR BaseClass - error message
2025-11-09 15:04:14 [TestNG-tests-2] FATAL BaseClass - fatal message
2025-11-09 15:04:19 [TestNG-tests-3] ERROR BaseClass - error message
2025-11-09 15:04:19 [TestNG-tests-3] FATAL BaseClass - fatal message
2025-11-09 15:04:32 [TestNG-tests-1] ERROR BaseClass - error message
2025-11-09 15:04:32 [TestNG-tests-1] FATAL BaseClass - fatal message
2025-11-09 15:04:41 [TestNG-tests-2] ERROR BaseClass - error message
2025-11-09 15:04:41 [TestNG-tests-2] FATAL BaseClass - fatal message
2025-11-09 15:04:48 [TestNG-tests-3] ERROR BaseClass - error message
2025-11-09 15:04:48 [TestNG-tests-3] FATAL BaseClass - fatal message
2025-11-09 15:04:51 [TestNG-tests-1] ERROR BaseClass - error message
2025-11-09 15:04:51 [TestNG-tests-1] FATAL BaseClass - fatal message
2025-11-09 15:04:54 [TestNG-tests-2] ERROR BaseClass - error message
2025-11-09 15:04:54 [TestNG-tests-2] FATAL BaseClass - fatal message
2025-11-09 15:05:09 [TestNG-tests-3] ERROR BaseClass - error message
2025-11-09 15:05:09 [TestNG-tests-3] FATAL BaseClass - fatal message
2025-11-09 15:05:13 [TestNG-tests-1] ERROR BaseClass - error message
2025-11-09 15:05:13 [TestNG-tests-1] FATAL BaseClass - fatal message
2025-11-09 15:05:25 [TestNG-tests-3] ERROR BaseClass - error message
2025-11-09 15:05:25 [TestNG-tests-3] FATAL BaseClass - fatal message
2025-11-09 15:05:37 [TestNG-tests-2] ERROR BaseClass - error message
2025-11-09 15:05:37 [TestNG-tests-2] FATAL BaseClass - fatal message
2025-11-09 15:05:43 [TestNG-tests-3] ERROR BaseClass - error message
2025-11-09 15:05:43 [TestNG-tests-3] FATAL BaseClass - fatal message
2025-11-27 21:18:50 [main] ERROR ActionDriver - Element is not clickable: Expected condition failed: waiting for element to be clickable: By.xpath: /abc (tried for 30 second(s) with 500 milliseconds interval)
Build info: version: '4.37.0', revision: '3c1da1e342'
System info: os.name: 'Windows 11', os.arch: 'amd64', os.version: '10.0', java.version: '20'
Driver info: org.openqa.selenium.chrome.ChromeDriver
Capabilities {acceptInsecureCerts: false, browserName: chrome, browserVersion: 142.0.7444.176, chrome: {chromedriverVersion: 142.0.7444.175 (302067f14a4..., userDataDir: C:\Users\DELL\AppData\Local...}, fedcm:accounts: true, goog:chromeOptions: {debuggerAddress: localhost:61020}, goog:processID: 17612, networkConnectionEnabled: false, pageLoadStrategy: normal, platformName: windows, proxy: Proxy(), se:cdp: ws://localhost:61020/devtoo..., se:cdpVersion: 142.0.7444.176, setWindowRect: true, strictFileInteractability: false, timeouts: {implicit: 0, pageLoad: 300000, script: 30000}, unhandledPromptBehavior: dismiss and notify, webauthn:extension:credBlob: true, webauthn:extension:largeBlob: true, webauthn:extension:minPinLength: true, webauthn:extension:prf: true, webauthn:virtualAuthenticators: true}
Session ID: 7b7a88034f0c97e5d7a80d1baf25a7dc
2025-11-27 21:19:10 [main] ERROR ActionDriver - Unable to describe the element: no such element: Unable to locate element: {"method":"xpath","selector":"/abc"}
  (Session info: chrome=142.0.7444.176)
For documentation on this error, please visit: https://www.selenium.dev/documentation/webdriver/troubleshooting/errors#nosuchelementexception
Build info: version: '4.37.0', revision: '3c1da1e342'
System info: os.name: 'Windows 11', os.arch: 'amd64', os.version: '10.0', java.version: '20'
Driver info: org.openqa.selenium.chrome.ChromeDriver
Command: [7b7a88034f0c97e5d7a80d1baf25a7dc, findElement {using=xpath, value=/abc}]
Capabilities {acceptInsecureCerts: false, browserName: chrome, browserVersion: 142.0.7444.176, chrome: {chromedriverVersion: 142.0.7444.175 (302067f14a4..., userDataDir: C:\Users\DELL\AppData\Local...}, fedcm:accounts: true, goog:chromeOptions: {debuggerAddress: localhost:61020}, goog:processID: 17612, networkConnectionEnabled: false, pageLoadStrategy: normal, platformName: windows, proxy: Proxy(), se:cdp: ws://localhost:61020/devtoo..., se:cdpVersion: 142.0.7444.176, setWindowRect: true, strictFileInteractability: false, timeouts: {implicit: 0, pageLoad: 300000, script: 30000}, unhandledPromptBehavior: dismiss and notify, webauthn:extension:credBlob: true, webauthn:extension:largeBlob: true, webauthn:extension:minPinLength: true, webauthn:extension:prf: true, webauthn:virtualAuthenticators: true}
Session ID: 7b7a88034f0c97e5d7a80d1baf25a7dc
2025-11-27 21:39:07 [main] ERROR ActionDriver - Element is not clickable: Expected condition failed: waiting for element to be clickable: By.xpath: /abc (tried for 30 second(s) with 500 milliseconds interval)
Build info: version: '4.37.0', revision: '3c1da1e342'
System info: os.name: 'Windows 11', os.arch: 'amd64', os.version: '10.0', java.version: '20'
Driver info: org.openqa.selenium.chrome.ChromeDriver
Capabilities {acceptInsecureCerts: false, browserName: chrome, browserVersion: 142.0.7444.176, chrome: {chromedriverVersion: 142.0.7444.175 (302067f14a4..., userDataDir: C:\Users\DELL\AppData\Local...}, fedcm:accounts: true, goog:chromeOptions: {debuggerAddress: localhost:63146}, goog:processID: 15372, networkConnectionEnabled: false, pageLoadStrategy: normal, platformName: windows, proxy: Proxy(), se:cdp: ws://localhost:63146/devtoo..., se:cdpVersion: 142.0.7444.176, setWindowRect: true, strictFileInteractability: false, timeouts: {implicit: 0, pageLoad: 300000, script: 30000}, unhandledPromptBehavior: dismiss and notify, webauthn:extension:credBlob: true, webauthn:extension:largeBlob: true, webauthn:extension:minPinLength: true, webauthn:extension:prf: true, webauthn:virtualAuthenticators: true}
Session ID: b83949ce3193eb6cb78ca82cc83bc07e
2025-11-27 21:39:28 [main] ERROR ActionDriver - Unable to describe the element: no such element: Unable to locate element: {"method":"xpath","selector":"/abc"}
  (Session info: chrome=142.0.7444.176)
For documentation on this error, please visit: https://www.selenium.dev/documentation/webdriver/troubleshooting/errors#nosuchelementexception
Build info: version: '4.37.0', revision: '3c1da1e342'
System info: os.name: 'Windows 11', os.arch: 'amd64', os.version: '10.0', java.version: '20'
Driver info: org.openqa.selenium.chrome.ChromeDriver
Command: [b83949ce3193eb6cb78ca82cc83bc07e, findElement {value=/abc, using=xpath}]
Capabilities {acceptInsecureCerts: false, browserName: chrome, browserVersion: 142.0.7444.176, chrome: {chromedriverVersion: 142.0.7444.175 (302067f14a4..., userDataDir: C:\Users\DELL\AppData\Local...}, fedcm:accounts: true, goog:chromeOptions: {debuggerAddress: localhost:63146}, goog:processID: 15372, networkConnectionEnabled: false, pageLoadStrategy: normal, platformName: windows, proxy: Proxy(), se:cdp: ws://localhost:63146/devtoo..., se:cdpVersion: 142.0.7444.176, setWindowRect: true, strictFileInteractability: false, timeouts: {implicit: 0, pageLoad: 300000, script: 30000}, unhandledPromptBehavior: dismiss and notify, webauthn:extension:credBlob: true, webauthn:extension:largeBlob: true, webauthn:extension:minPinLength: true, webauthn:extension:prf: true, webauthn:virtualAuthenticators: true}
Session ID: b83949ce3193eb6cb78ca82cc83bc07e
2025-11-27 21:39:29 [main] ERROR ActionDriver - Unable to click element: Expected condition failed: waiting for element to be clickable: By.xpath: /abc (tried for 30 second(s) with 500 milliseconds interval)
Build info: version: '4.37.0', revision: '3c1da1e342'
System info: os.name: 'Windows 11', os.arch: 'amd64', os.version: '10.0', java.version: '20'
Driver info: org.openqa.selenium.chrome.ChromeDriver
Capabilities {acceptInsecureCerts: false, browserName: chrome, browserVersion: 142.0.7444.176, chrome: {chromedriverVersion: 142.0.7444.175 (302067f14a4..., userDataDir: C:\Users\DELL\AppData\Local...}, fedcm:accounts: true, goog:chromeOptions: {debuggerAddress: localhost:63146}, goog:processID: 15372, networkConnectionEnabled: false, pageLoadStrategy: normal, platformName: windows, proxy: Proxy(), se:cdp: ws://localhost:63146/devtoo..., se:cdpVersion: 142.0.7444.176, setWindowRect: true, strictFileInteractability: false, timeouts: {implicit: 0, pageLoad: 300000, script: 30000}, unhandledPromptBehavior: dismiss and notify, webauthn:extension:credBlob: true, webauthn:extension:largeBlob: true, webauthn:extension:minPinLength: true, webauthn:extension:prf: true, webauthn:virtualAuthenticators: true}
Session ID: b83949ce3193eb6cb78ca82cc83bc07e
2025-11-27 21:40:03 [main] ERROR ActionDriver - Element is not visible: Expected condition failed: waiting for visibility of element located by By.xpath: //input[@name='username'] (tried for 30 second(s) with 500 milliseconds interval)
Build info: version: '4.37.0', revision: '3c1da1e342'
System info: os.name: 'Windows 11', os.arch: 'amd64', os.version: '10.0', java.version: '20'
Driver info: org.openqa.selenium.chrome.ChromeDriver
Capabilities {acceptInsecureCerts: false, browserName: chrome, browserVersion: 142.0.7444.176, chrome: {chromedriverVersion: 142.0.7444.175 (302067f14a4..., userDataDir: C:\Users\DELL\AppData\Local...}, fedcm:accounts: true, goog:chromeOptions: {debuggerAddress: localhost:49391}, goog:processID: 9484, networkConnectionEnabled: false, pageLoadStrategy: normal, platformName: windows, proxy: Proxy(), se:cdp: ws://localhost:49391/devtoo..., se:cdpVersion: 142.0.7444.176, setWindowRect: true, strictFileInteractability: false, timeouts: {implicit: 0, pageLoad: 300000, script: 30000}, unhandledPromptBehavior: dismiss and notify, webauthn:extension:credBlob: true, webauthn:extension:largeBlob: true, webauthn:extension:minPinLength: true, webauthn:extension:prf: true, webauthn:virtualAuthenticators: true}
Session ID: 37a7b4b9b037a694fc1ef8b268967938
2025-11-27 21:40:23 [main] ERROR ActionDriver - Unable to describe the element: no such element: Unable to locate element: {"method":"xpath","selector":"//input[@name='username']"}
  (Session info: chrome=142.0.7444.176)
For documentation on this error, please visit: https://www.selenium.dev/documentation/webdriver/troubleshooting/errors#nosuchelementexception
Build info: version: '4.37.0', revision: '3c1da1e342'
System info: os.name: 'Windows 11', os.arch: 'amd64', os.version: '10.0', java.version: '20'
Driver info: org.openqa.selenium.chrome.ChromeDriver
Command: [37a7b4b9b037a694fc1ef8b268967938, findElement {value=//input[@name='username'], using=xpath}]
Capabilities {acceptInsecureCerts: false, browserName: chrome, browserVersion: 142.0.7444.176, chrome: {chromedriverVersion: 142.0.7444.175 (302067f14a4..., userDataDir: C:\Users\DELL\AppData\Local...}, fedcm:accounts: true, goog:chromeOptions: {debuggerAddress: localhost:49391}, goog:processID: 9484, networkConnectionEnabled: false, pageLoadStrategy: normal, platformName: windows, proxy: Proxy(), se:cdp: ws://localhost:49391/devtoo..., se:cdpVersion: 142.0.7444.176, setWindowRect: true, strictFileInteractability: false, timeouts: {implicit: 0, pageLoad: 300000, script: 30000}, unhandledPromptBehavior: dismiss and notify, webauthn:extension:credBlob: true, webauthn:extension:largeBlob: true, webauthn:extension:minPinLength: true, webauthn:extension:prf: true, webauthn:virtualAuthenticators: true}
Session ID: 37a7b4b9b037a694fc1ef8b268967938
2025-11-27 21:40:24 [main] ERROR ActionDriver - Unable to enter the text in to this field: Expected condition failed: waiting for visibility of element located by By.xpath: //input[@name='username'] (tried for 30 second(s) with 500 milliseconds interval)
Build info: version: '4.37.0', revision: '3c1da1e342'
System info: os.name: 'Windows 11', os.arch: 'amd64', os.version: '10.0', java.version: '20'
Driver info: org.openqa.selenium.chrome.ChromeDriver
Capabilities {acceptInsecureCerts: false, browserName: chrome, browserVersion: 142.0.7444.176, chrome: {chromedriverVersion: 142.0.7444.175 (302067f14a4..., userDataDir: C:\Users\DELL\AppData\Local...}, fedcm:accounts: true, goog:chromeOptions: {debuggerAddress: localhost:49391}, goog:processID: 9484, networkConnectionEnabled: false, pageLoadStrategy: normal, platformName: windows, proxy: Proxy(), se:cdp: ws://localhost:49391/devtoo..., se:cdpVersion: 142.0.7444.176, setWindowRect: true, strictFileInteractability: false, timeouts: {implicit: 0, pageLoad: 300000, script: 30000}, unhandledPromptBehavior: dismiss and notify, webauthn:extension:credBlob: true, webauthn:extension:largeBlob: true, webauthn:extension:minPinLength: true, webauthn:extension:prf: true, webauthn:virtualAuthenticators: true}
Session ID: 37a7b4b9b037a694fc1ef8b268967938
2025-11-27 21:40:55 [main] ERROR ActionDriver - Element is not visible: Expected condition failed: waiting for visibility of element located by By.xpath: //input[@name='password'] (tried for 30 second(s) with 500 milliseconds interval)
Build info: version: '4.37.0', revision: '3c1da1e342'
System info: os.name: 'Windows 11', os.arch: 'amd64', os.version: '10.0', java.version: '20'
Driver info: org.openqa.selenium.chrome.ChromeDriver
Capabilities {acceptInsecureCerts: false, browserName: chrome, browserVersion: 142.0.7444.176, chrome: {chromedriverVersion: 142.0.7444.175 (302067f14a4..., userDataDir: C:\Users\DELL\AppData\Local...}, fedcm:accounts: true, goog:chromeOptions: {debuggerAddress: localhost:49391}, goog:processID: 9484, networkConnectionEnabled: false, pageLoadStrategy: normal, platformName: windows, proxy: Proxy(), se:cdp: ws://localhost:49391/devtoo..., se:cdpVersion: 142.0.7444.176, setWindowRect: true, strictFileInteractability: false, timeouts: {implicit: 0, pageLoad: 300000, script: 30000}, unhandledPromptBehavior: dismiss and notify, webauthn:extension:credBlob: true, webauthn:extension:largeBlob: true, webauthn:extension:minPinLength: true, webauthn:extension:prf: true, webauthn:virtualAuthenticators: true}
Session ID: 37a7b4b9b037a694fc1ef8b268967938
2025-11-27 21:41:16 [main] ERROR ActionDriver - Unable to describe the element: no such element: Unable to locate element: {"method":"xpath","selector":"//input[@name='password']"}
  (Session info: chrome=142.0.7444.176)
For documentation on this error, please visit: https://www.selenium.dev/documentation/webdriver/troubleshooting/errors#nosuchelementexception
Build info: version: '4.37.0', revision: '3c1da1e342'
System info: os.name: 'Windows 11', os.arch: 'amd64', os.version: '10.0', java.version: '20'
Driver info: org.openqa.selenium.chrome.ChromeDriver
Command: [37a7b4b9b037a694fc1ef8b268967938, findElement {value=//input[@name='password'], using=xpath}]
Capabilities {acceptInsecureCerts: false, browserName: chrome, browserVersion: 142.0.7444.176, chrome: {chromedriverVersion: 142.0.7444.175 (302067f14a4..., userDataDir: C:\Users\DELL\AppData\Local...}, fedcm:accounts: true, goog:chromeOptions: {debuggerAddress: localhost:49391}, goog:processID: 9484, networkConnectionEnabled: false, pageLoadStrategy: normal, platformName: windows, proxy: Proxy(), se:cdp: ws://localhost:49391/devtoo..., se:cdpVersion: 142.0.7444.176, setWindowRect: true, strictFileInteractability: false, timeouts: {implicit: 0, pageLoad: 300000, script: 30000}, unhandledPromptBehavior: dismiss and notify, webauthn:extension:credBlob: true, webauthn:extension:largeBlob: true, webauthn:extension:minPinLength: true, webauthn:extension:prf: true, webauthn:virtualAuthenticators: true}
Session ID: 37a7b4b9b037a694fc1ef8b268967938
2025-11-27 21:41:17 [main] ERROR ActionDriver - Unable to enter the text in to this field: Expected condition failed: waiting for visibility of element located by By.xpath: //input[@name='password'] (tried for 30 second(s) with 500 milliseconds interval)
Build info: version: '4.37.0', revision: '3c1da1e342'
System info: os.name: 'Windows 11', os.arch: 'amd64', os.version: '10.0', java.version: '20'
Driver info: org.openqa.selenium.chrome.ChromeDriver
Capabilities {acceptInsecureCerts: false, browserName: chrome, browserVersion: 142.0.7444.176, chrome: {chromedriverVersion: 142.0.7444.175 (302067f14a4..., userDataDir: C:\Users\DELL\AppData\Local...}, fedcm:accounts: true, goog:chromeOptions: {debuggerAddress: localhost:49391}, goog:processID: 9484, networkConnectionEnabled: false, pageLoadStrategy: normal, platformName: windows, proxy: Proxy(), se:cdp: ws://localhost:49391/devtoo..., se:cdpVersion: 142.0.7444.176, setWindowRect: true, strictFileInteractability: false, timeouts: {implicit: 0, pageLoad: 300000, script: 30000}, unhandledPromptBehavior: dismiss and notify, webauthn:extension:credBlob: true, webauthn:extension:largeBlob: true, webauthn:extension:minPinLength: true, webauthn:extension:prf: true, webauthn:virtualAuthenticators: true}
Session ID: 37a7b4b9b037a694fc1ef8b268967938
2025-11-27 21:41:50 [main] ERROR ActionDriver - Element is not visible: Expected condition failed: waiting for visibility of element located by By.xpath: //p[contains(., "Invalid credentials")] (tried for 30 second(s) with 500 milliseconds interval)
Build info: version: '4.37.0', revision: '3c1da1e342'
System info: os.name: 'Windows 11', os.arch: 'amd64', os.version: '10.0', java.version: '20'
Driver info: org.openqa.selenium.chrome.ChromeDriver
Capabilities {acceptInsecureCerts: false, browserName: chrome, browserVersion: 142.0.7444.176, chrome: {chromedriverVersion: 142.0.7444.175 (302067f14a4..., userDataDir: C:\Users\DELL\AppData\Local...}, fedcm:accounts: true, goog:chromeOptions: {debuggerAddress: localhost:49391}, goog:processID: 9484, networkConnectionEnabled: false, pageLoadStrategy: normal, platformName: windows, proxy: Proxy(), se:cdp: ws://localhost:49391/devtoo..., se:cdpVersion: 142.0.7444.176, setWindowRect: true, strictFileInteractability: false, timeouts: {implicit: 0, pageLoad: 300000, script: 30000}, unhandledPromptBehavior: dismiss and notify, webauthn:extension:credBlob: true, webauthn:extension:largeBlob: true, webauthn:extension:minPinLength: true, webauthn:extension:prf: true, webauthn:virtualAuthenticators: true}
Session ID: 37a7b4b9b037a694fc1ef8b268967938
2025-11-27 21:42:10 [main] ERROR ActionDriver - Unable to describe the element: no such element: Unable to locate element: {"method":"xpath","selector":"//p[contains(., "Invalid credentials")]"}
  (Session info: chrome=142.0.7444.176)
For documentation on this error, please visit: https://www.selenium.dev/documentation/webdriver/troubleshooting/errors#nosuchelementexception
Build info: version: '4.37.0', revision: '3c1da1e342'
System info: os.name: 'Windows 11', os.arch: 'amd64', os.version: '10.0', java.version: '20'
Driver info: org.openqa.selenium.chrome.ChromeDriver
Command: [37a7b4b9b037a694fc1ef8b268967938, findElement {value=//p[contains(., "Invalid credentials")], using=xpath}]
Capabilities {acceptInsecureCerts: false, browserName: chrome, browserVersion: 142.0.7444.176, chrome: {chromedriverVersion: 142.0.7444.175 (302067f14a4..., userDataDir: C:\Users\DELL\AppData\Local...}, fedcm:accounts: true, goog:chromeOptions: {debuggerAddress: localhost:49391}, goog:processID: 9484, networkConnectionEnabled: false, pageLoadStrategy: normal, platformName: windows, proxy: Proxy(), se:cdp: ws://localhost:49391/devtoo..., se:cdpVersion: 142.0.7444.176, setWindowRect: true, strictFileInteractability: false, timeouts: {implicit: 0, pageLoad: 300000, script: 30000}, unhandledPromptBehavior: dismiss and notify, webauthn:extension:credBlob: true, webauthn:extension:largeBlob: true, webauthn:extension:minPinLength: true, webauthn:extension:prf: true, webauthn:virtualAuthenticators: true}
Session ID: 37a7b4b9b037a694fc1ef8b268967938
2025-11-27 21:42:11 [main] ERROR ActionDriver - There an error: Expected condition failed: waiting for visibility of element located by By.xpath: //p[contains(., "Invalid credentials")] (tried for 30 second(s) with 500 milliseconds interval)
Build info: version: '4.37.0', revision: '3c1da1e342'
System info: os.name: 'Windows 11', os.arch: 'amd64', os.version: '10.0', java.version: '20'
Driver info: org.openqa.selenium.chrome.ChromeDriver
Capabilities {acceptInsecureCerts: false, browserName: chrome, browserVersion: 142.0.7444.176, chrome: {chromedriverVersion: 142.0.7444.175 (302067f14a4..., userDataDir: C:\Users\DELL\AppData\Local...}, fedcm:accounts: true, goog:chromeOptions: {debuggerAddress: localhost:49391}, goog:processID: 9484, networkConnectionEnabled: false, pageLoadStrategy: normal, platformName: windows, proxy: Proxy(), se:cdp: ws://localhost:49391/devtoo..., se:cdpVersion: 142.0.7444.176, setWindowRect: true, strictFileInteractability: false, timeouts: {implicit: 0, pageLoad: 300000, script: 30000}, unhandledPromptBehavior: dismiss and notify, webauthn:extension:credBlob: true, webauthn:extension:largeBlob: true, webauthn:extension:minPinLength: true, webauthn:extension:prf: true, webauthn:virtualAuthenticators: true}
Session ID: 37a7b4b9b037a694fc1ef8b268967938
2025-11-27 21:42:44 [main] ERROR ActionDriver - Element is not visible: Expected condition failed: waiting for visibility of element located by By.xpath: //input[@name='username'] (tried for 30 second(s) with 500 milliseconds interval)
Build info: version: '4.37.0', revision: '3c1da1e342'
System info: os.name: 'Windows 11', os.arch: 'amd64', os.version: '10.0', java.version: '20'
Driver info: org.openqa.selenium.chrome.ChromeDriver
Capabilities {acceptInsecureCerts: false, browserName: chrome, browserVersion: 142.0.7444.176, chrome: {chromedriverVersion: 142.0.7444.175 (302067f14a4..., userDataDir: C:\Users\DELL\AppData\Local...}, fedcm:accounts: true, goog:chromeOptions: {debuggerAddress: localhost:50803}, goog:processID: 8472, networkConnectionEnabled: false, pageLoadStrategy: normal, platformName: windows, proxy: Proxy(), se:cdp: ws://localhost:50803/devtoo..., se:cdpVersion: 142.0.7444.176, setWindowRect: true, strictFileInteractability: false, timeouts: {implicit: 0, pageLoad: 300000, script: 30000}, unhandledPromptBehavior: dismiss and notify, webauthn:extension:credBlob: true, webauthn:extension:largeBlob: true, webauthn:extension:minPinLength: true, webauthn:extension:prf: true, webauthn:virtualAuthenticators: true}
Session ID: 14a2f4c37a6aa727404cd543942e417a
2025-11-27 21:43:05 [main] ERROR ActionDriver - Unable to describe the element: no such element: Unable to locate element: {"method":"xpath","selector":"//input[@name='username']"}
  (Session info: chrome=142.0.7444.176)
For documentation on this error, please visit: https://www.selenium.dev/documentation/webdriver/troubleshooting/errors#nosuchelementexception
Build info: version: '4.37.0', revision: '3c1da1e342'
System info: os.name: 'Windows 11', os.arch: 'amd64', os.version: '10.0', java.version: '20'
Driver info: org.openqa.selenium.chrome.ChromeDriver
Command: [14a2f4c37a6aa727404cd543942e417a, findElement {value=//input[@name='username'], using=xpath}]
Capabilities {acceptInsecureCerts: false, browserName: chrome, browserVersion: 142.0.7444.176, chrome: {chromedriverVersion: 142.0.7444.175 (302067f14a4..., userDataDir: C:\Users\DELL\AppData\Local...}, fedcm:accounts: true, goog:chromeOptions: {debuggerAddress: localhost:50803}, goog:processID: 8472, networkConnectionEnabled: false, pageLoadStrategy: normal, platformName: windows, proxy: Proxy(), se:cdp: ws://localhost:50803/devtoo..., se:cdpVersion: 142.0.7444.176, setWindowRect: true, strictFileInteractability: false, timeouts: {implicit: 0, pageLoad: 300000, script: 30000}, unhandledPromptBehavior: dismiss and notify, webauthn:extension:credBlob: true, webauthn:extension:largeBlob: true, webauthn:extension:minPinLength: true, webauthn:extension:prf: true, webauthn:virtualAuthenticators: true}
Session ID: 14a2f4c37a6aa727404cd543942e417a
2025-11-27 21:43:06 [main] ERROR ActionDriver - Unable to enter the text in to this field: Expected condition failed: waiting for visibility of element located by By.xpath: //input[@name='username'] (tried for 30 second(s) with 500 milliseconds interval)
Build info: version: '4.37.0', revision: '3c1da1e342'
System info: os.name: 'Windows 11', os.arch: 'amd64', os.version: '10.0', java.version: '20'
Driver info: org.openqa.selenium.chrome.ChromeDriver
Capabilities {acceptInsecureCerts: false, browserName: chrome, browserVersion: 142.0.7444.176, chrome: {chromedriverVersion: 142.0.7444.175 (302067f14a4..., userDataDir: C:\Users\DELL\AppData\Local...}, fedcm:accounts: true, goog:chromeOptions: {debuggerAddress: localhost:50803}, goog:processID: 8472, networkConnectionEnabled: false, pageLoadStrategy: normal, platformName: windows, proxy: Proxy(), se:cdp: ws://localhost:50803/devtoo..., se:cdpVersion: 142.0.7444.176, setWindowRect: true, strictFileInteractability: false, timeouts: {implicit: 0, pageLoad: 300000, script: 30000}, unhandledPromptBehavior: dismiss and notify, webauthn:extension:credBlob: true, webauthn:extension:largeBlob: true, webauthn:extension:minPinLength: true, webauthn:extension:prf: true, webauthn:virtualAuthenticators: true}
Session ID: 14a2f4c37a6aa727404cd543942e417a
2025-11-27 21:43:37 [main] ERROR ActionDriver - Element is not visible: Expected condition failed: waiting for visibility of element located by By.xpath: //input[@name='password'] (tried for 30 second(s) with 500 milliseconds interval)
Build info: version: '4.37.0', revision: '3c1da1e342'
System info: os.name: 'Windows 11', os.arch: 'amd64', os.version: '10.0', java.version: '20'
Driver info: org.openqa.selenium.chrome.ChromeDriver
Capabilities {acceptInsecureCerts: false, browserName: chrome, browserVersion: 142.0.7444.176, chrome: {chromedriverVersion: 142.0.7444.175 (302067f14a4..., userDataDir: C:\Users\DELL\AppData\Local...}, fedcm:accounts: true, goog:chromeOptions: {debuggerAddress: localhost:50803}, goog:processID: 8472, networkConnectionEnabled: false, pageLoadStrategy: normal, platformName: windows, proxy: Proxy(), se:cdp: ws://localhost:50803/devtoo..., se:cdpVersion: 142.0.7444.176, setWindowRect: true, strictFileInteractability: false, timeouts: {implicit: 0, pageLoad: 300000, script: 30000}, unhandledPromptBehavior: dismiss and notify, webauthn:extension:credBlob: true, webauthn:extension:largeBlob: true, webauthn:extension:minPinLength: true, webauthn:extension:prf: true, webauthn:virtualAuthenticators: true}
Session ID: 14a2f4c37a6aa727404cd543942e417a
2025-11-27 21:43:58 [main] ERROR ActionDriver - Unable to describe the element: no such element: Unable to locate element: {"method":"xpath","selector":"//input[@name='password']"}
  (Session info: chrome=142.0.7444.176)
For documentation on this error, please visit: https://www.selenium.dev/documentation/webdriver/troubleshooting/errors#nosuchelementexception
Build info: version: '4.37.0', revision: '3c1da1e342'
System info: os.name: 'Windows 11', os.arch: 'amd64', os.version: '10.0', java.version: '20'
Driver info: org.openqa.selenium.chrome.ChromeDriver
Command: [14a2f4c37a6aa727404cd543942e417a, findElement {value=//input[@name='password'], using=xpath}]
Capabilities {acceptInsecureCerts: false, browserName: chrome, browserVersion: 142.0.7444.176, chrome: {chromedriverVersion: 142.0.7444.175 (302067f14a4..., userDataDir: C:\Users\DELL\AppData\Local...}, fedcm:accounts: true, goog:chromeOptions: {debuggerAddress: localhost:50803}, goog:processID: 8472, networkConnectionEnabled: false, pageLoadStrategy: normal, platformName: windows, proxy: Proxy(), se:cdp: ws://localhost:50803/devtoo..., se:cdpVersion: 142.0.7444.176, setWindowRect: true, strictFileInteractability: false, timeouts: {implicit: 0, pageLoad: 300000, script: 30000}, unhandledPromptBehavior: dismiss and notify, webauthn:extension:credBlob: true, webauthn:extension:largeBlob: true, webauthn:extension:minPinLength: true, webauthn:extension:prf: true, webauthn:virtualAuthenticators: true}
Session ID: 14a2f4c37a6aa727404cd543942e417a
2025-11-27 21:43:58 [main] ERROR ActionDriver - Unable to enter the text in to this field: Expected condition failed: waiting for visibility of element located by By.xpath: //input[@name='password'] (tried for 30 second(s) with 500 milliseconds interval)
Build info: version: '4.37.0', revision: '3c1da1e342'
System info: os.name: 'Windows 11', os.arch: 'amd64', os.version: '10.0', java.version: '20'
Driver info: org.openqa.selenium.chrome.ChromeDriver
Capabilities {acceptInsecureCerts: false, browserName: chrome, browserVersion: 142.0.7444.176, chrome: {chromedriverVersion: 142.0.7444.175 (302067f14a4..., userDataDir: C:\Users\DELL\AppData\Local...}, fedcm:accounts: true, goog:chromeOptions: {debuggerAddress: localhost:50803}, goog:processID: 8472, networkConnectionEnabled: false, pageLoadStrategy: normal, platformName: windows, proxy: Proxy(), se:cdp: ws://localhost:50803/devtoo..., se:cdpVersion: 142.0.7444.176, setWindowRect: true, strictFileInteractability: false, timeouts: {implicit: 0, pageLoad: 300000, script: 30000}, unhandledPromptBehavior: dismiss and notify, webauthn:extension:credBlob: true, webauthn:extension:largeBlob: true, webauthn:extension:minPinLength: true, webauthn:extension:prf: true, webauthn:virtualAuthenticators: true}
Session ID: 14a2f4c37a6aa727404cd543942e417a
2025-11-27 21:44:32 [main] ERROR ActionDriver - Element is not visible: Expected condition failed: waiting for visibility of element located by By.xpath: //p[contains(., "Invalid credentials")] (tried for 30 second(s) with 500 milliseconds interval)
Build info: version: '4.37.0', revision: '3c1da1e342'
System info: os.name: 'Windows 11', os.arch: 'amd64', os.version: '10.0', java.version: '20'
Driver info: org.openqa.selenium.chrome.ChromeDriver
Capabilities {acceptInsecureCerts: false, browserName: chrome, browserVersion: 142.0.7444.176, chrome: {chromedriverVersion: 142.0.7444.175 (302067f14a4..., userDataDir: C:\Users\DELL\AppData\Local...}, fedcm:accounts: true, goog:chromeOptions: {debuggerAddress: localhost:50803}, goog:processID: 8472, networkConnectionEnabled: false, pageLoadStrategy: normal, platformName: windows, proxy: Proxy(), se:cdp: ws://localhost:50803/devtoo..., se:cdpVersion: 142.0.7444.176, setWindowRect: true, strictFileInteractability: false, timeouts: {implicit: 0, pageLoad: 300000, script: 30000}, unhandledPromptBehavior: dismiss and notify, webauthn:extension:credBlob: true, webauthn:extension:largeBlob: true, webauthn:extension:minPinLength: true, webauthn:extension:prf: true, webauthn:virtualAuthenticators: true}
Session ID: 14a2f4c37a6aa727404cd543942e417a
2025-11-27 21:44:52 [main] ERROR ActionDriver - Unable to describe the element: no such element: Unable to locate element: {"method":"xpath","selector":"//p[contains(., "Invalid credentials")]"}
  (Session info: chrome=142.0.7444.176)
For documentation on this error, please visit: https://www.selenium.dev/documentation/webdriver/troubleshooting/errors#nosuchelementexception
Build info: version: '4.37.0', revision: '3c1da1e342'
System info: os.name: 'Windows 11', os.arch: 'amd64', os.version: '10.0', java.version: '20'
Driver info: org.openqa.selenium.chrome.ChromeDriver
Command: [14a2f4c37a6aa727404cd543942e417a, findElement {value=//p[contains(., "Invalid credentials")], using=xpath}]
Capabilities {acceptInsecureCerts: false, browserName: chrome, browserVersion: 142.0.7444.176, chrome: {chromedriverVersion: 142.0.7444.175 (302067f14a4..., userDataDir: C:\Users\DELL\AppData\Local...}, fedcm:accounts: true, goog:chromeOptions: {debuggerAddress: localhost:50803}, goog:processID: 8472, networkConnectionEnabled: false, pageLoadStrategy: normal, platformName: windows, proxy: Proxy(), se:cdp: ws://localhost:50803/devtoo..., se:cdpVersion: 142.0.7444.176, setWindowRect: true, strictFileInteractability: false, timeouts: {implicit: 0, pageLoad: 300000, script: 30000}, unhandledPromptBehavior: dismiss and notify, webauthn:extension:credBlob: true, webauthn:extension:largeBlob: true, webauthn:extension:minPinLength: true, webauthn:extension:prf: true, webauthn:virtualAuthenticators: true}
Session ID: 14a2f4c37a6aa727404cd543942e417a
2025-11-27 21:44:53 [main] ERROR ActionDriver - There an error: Expected condition failed: waiting for visibility of element located by By.xpath: //p[contains(., "Invalid credentials")] (tried for 30 second(s) with 500 milliseconds interval)
Build info: version: '4.37.0', revision: '3c1da1e342'
System info: os.name: 'Windows 11', os.arch: 'amd64', os.version: '10.0', java.version: '20'
Driver info: org.openqa.selenium.chrome.ChromeDriver
Capabilities {acceptInsecureCerts: false, browserName: chrome, browserVersion: 142.0.7444.176, chrome: {chromedriverVersion: 142.0.7444.175 (302067f14a4..., userDataDir: C:\Users\DELL\AppData\Local...}, fedcm:accounts: true, goog:chromeOptions: {debuggerAddress: localhost:50803}, goog:processID: 8472, networkConnectionEnabled: false, pageLoadStrategy: normal, platformName: windows, proxy: Proxy(), se:cdp: ws://localhost:50803/devtoo..., se:cdpVersion: 142.0.7444.176, setWindowRect: true, strictFileInteractability: false, timeouts: {implicit: 0, pageLoad: 300000, script: 30000}, unhandledPromptBehavior: dismiss and notify, webauthn:extension:credBlob: true, webauthn:extension:largeBlob: true, webauthn:extension:minPinLength: true, webauthn:extension:prf: true, webauthn:virtualAuthenticators: true}
Session ID: 14a2f4c37a6aa727404cd543942e417a
2025-11-27 21:45:26 [main] ERROR ActionDriver - Element is not visible: Expected condition failed: waiting for visibility of element located by By.xpath: //input[@name='username'] (tried for 30 second(s) with 500 milliseconds interval)
Build info: version: '4.37.0', revision: '3c1da1e342'
System info: os.name: 'Windows 11', os.arch: 'amd64', os.version: '10.0', java.version: '20'
Driver info: org.openqa.selenium.chrome.ChromeDriver
Capabilities {acceptInsecureCerts: false, browserName: chrome, browserVersion: 142.0.7444.176, chrome: {chromedriverVersion: 142.0.7444.175 (302067f14a4..., userDataDir: C:\Users\DELL\AppData\Local...}, fedcm:accounts: true, goog:chromeOptions: {debuggerAddress: localhost:63808}, goog:processID: 19336, networkConnectionEnabled: false, pageLoadStrategy: normal, platformName: windows, proxy: Proxy(), se:cdp: ws://localhost:63808/devtoo..., se:cdpVersion: 142.0.7444.176, setWindowRect: true, strictFileInteractability: false, timeouts: {implicit: 0, pageLoad: 300000, script: 30000}, unhandledPromptBehavior: dismiss and notify, webauthn:extension:credBlob: true, webauthn:extension:largeBlob: true, webauthn:extension:minPinLength: true, webauthn:extension:prf: true, webauthn:virtualAuthenticators: true}
Session ID: 73b054659f72b838e3161600e97b00da
2025-11-27 21:45:46 [main] ERROR ActionDriver - Unable to describe the element: no such element: Unable to locate element: {"method":"xpath","selector":"//input[@name='username']"}
  (Session info: chrome=142.0.7444.176)
For documentation on this error, please visit: https://www.selenium.dev/documentation/webdriver/troubleshooting/errors#nosuchelementexception
Build info: version: '4.37.0', revision: '3c1da1e342'
System info: os.name: 'Windows 11', os.arch: 'amd64', os.version: '10.0', java.version: '20'
Driver info: org.openqa.selenium.chrome.ChromeDriver
Command: [73b054659f72b838e3161600e97b00da, findElement {value=//input[@name='username'], using=xpath}]
Capabilities {acceptInsecureCerts: false, browserName: chrome, browserVersion: 142.0.7444.176, chrome: {chromedriverVersion: 142.0.7444.175 (302067f14a4..., userDataDir: C:\Users\DELL\AppData\Local...}, fedcm:accounts: true, goog:chromeOptions: {debuggerAddress: localhost:63808}, goog:processID: 19336, networkConnectionEnabled: false, pageLoadStrategy: normal, platformName: windows, proxy: Proxy(), se:cdp: ws://localhost:63808/devtoo..., se:cdpVersion: 142.0.7444.176, setWindowRect: true, strictFileInteractability: false, timeouts: {implicit: 0, pageLoad: 300000, script: 30000}, unhandledPromptBehavior: dismiss and notify, webauthn:extension:credBlob: true, webauthn:extension:largeBlob: true, webauthn:extension:minPinLength: true, webauthn:extension:prf: true, webauthn:virtualAuthenticators: true}
Session ID: 73b054659f72b838e3161600e97b00da
2025-11-27 21:45:47 [main] ERROR ActionDriver - Unable to enter the text in to this field: Expected condition failed: waiting for visibility of element located by By.xpath: //input[@name='username'] (tried for 30 second(s) with 500 milliseconds interval)
Build info: version: '4.37.0', revision: '3c1da1e342'
System info: os.name: 'Windows 11', os.arch: 'amd64', os.version: '10.0', java.version: '20'
Driver info: org.openqa.selenium.chrome.ChromeDriver
Capabilities {acceptInsecureCerts: false, browserName: chrome, browserVersion: 142.0.7444.176, chrome: {chromedriverVersion: 142.0.7444.175 (302067f14a4..., userDataDir: C:\Users\DELL\AppData\Local...}, fedcm:accounts: true, goog:chromeOptions: {debuggerAddress: localhost:63808}, goog:processID: 19336, networkConnectionEnabled: false, pageLoadStrategy: normal, platformName: windows, proxy: Proxy(), se:cdp: ws://localhost:63808/devtoo..., se:cdpVersion: 142.0.7444.176, setWindowRect: true, strictFileInteractability: false, timeouts: {implicit: 0, pageLoad: 300000, script: 30000}, unhandledPromptBehavior: dismiss and notify, webauthn:extension:credBlob: true, webauthn:extension:largeBlob: true, webauthn:extension:minPinLength: true, webauthn:extension:prf: true, webauthn:virtualAuthenticators: true}
Session ID: 73b054659f72b838e3161600e97b00da
2025-11-27 21:46:18 [main] ERROR ActionDriver - Element is not visible: Expected condition failed: waiting for visibility of element located by By.xpath: //input[@name='password'] (tried for 30 second(s) with 500 milliseconds interval)
Build info: version: '4.37.0', revision: '3c1da1e342'
System info: os.name: 'Windows 11', os.arch: 'amd64', os.version: '10.0', java.version: '20'
Driver info: org.openqa.selenium.chrome.ChromeDriver
Capabilities {acceptInsecureCerts: false, browserName: chrome, browserVersion: 142.0.7444.176, chrome: {chromedriverVersion: 142.0.7444.175 (302067f14a4..., userDataDir: C:\Users\DELL\AppData\Local...}, fedcm:accounts: true, goog:chromeOptions: {debuggerAddress: localhost:63808}, goog:processID: 19336, networkConnectionEnabled: false, pageLoadStrategy: normal, platformName: windows, proxy: Proxy(), se:cdp: ws://localhost:63808/devtoo..., se:cdpVersion: 142.0.7444.176, setWindowRect: true, strictFileInteractability: false, timeouts: {implicit: 0, pageLoad: 300000, script: 30000}, unhandledPromptBehavior: dismiss and notify, webauthn:extension:credBlob: true, webauthn:extension:largeBlob: true, webauthn:extension:minPinLength: true, webauthn:extension:prf: true, webauthn:virtualAuthenticators: true}
Session ID: 73b054659f72b838e3161600e97b00da
2025-11-27 21:46:39 [main] ERROR ActionDriver - Unable to describe the element: no such element: Unable to locate element: {"method":"xpath","selector":"//input[@name='password']"}
  (Session info: chrome=142.0.7444.176)
For documentation on this error, please visit: https://www.selenium.dev/documentation/webdriver/troubleshooting/errors#nosuchelementexception
Build info: version: '4.37.0', revision: '3c1da1e342'
System info: os.name: 'Windows 11', os.arch: 'amd64', os.version: '10.0', java.version: '20'
Driver info: org.openqa.selenium.chrome.ChromeDriver
Command: [73b054659f72b838e3161600e97b00da, findElement {value=//input[@name='password'], using=xpath}]
Capabilities {acceptInsecureCerts: false, browserName: chrome, browserVersion: 142.0.7444.176, chrome: {chromedriverVersion: 142.0.7444.175 (302067f14a4..., userDataDir: C:\Users\DELL\AppData\Local...}, fedcm:accounts: true, goog:chromeOptions: {debuggerAddress: localhost:63808}, goog:processID: 19336, networkConnectionEnabled: false, pageLoadStrategy: normal, platformName: windows, proxy: Proxy(), se:cdp: ws://localhost:63808/devtoo..., se:cdpVersion: 142.0.7444.176, setWindowRect: true, strictFileInteractability: false, timeouts: {implicit: 0, pageLoad: 300000, script: 30000}, unhandledPromptBehavior: dismiss and notify, webauthn:extension:credBlob: true, webauthn:extension:largeBlob: true, webauthn:extension:minPinLength: true, webauthn:extension:prf: true, webauthn:virtualAuthenticators: true}
Session ID: 73b054659f72b838e3161600e97b00da
2025-11-27 21:46:40 [main] ERROR ActionDriver - Unable to enter the text in to this field: Expected condition failed: waiting for visibility of element located by By.xpath: //input[@name='password'] (tried for 30 second(s) with 500 milliseconds interval)
Build info: version: '4.37.0', revision: '3c1da1e342'
System info: os.name: 'Windows 11', os.arch: 'amd64', os.version: '10.0', java.version: '20'
Driver info: org.openqa.selenium.chrome.ChromeDriver
Capabilities {acceptInsecureCerts: false, browserName: chrome, browserVersion: 142.0.7444.176, chrome: {chromedriverVersion: 142.0.7444.175 (302067f14a4..., userDataDir: C:\Users\DELL\AppData\Local...}, fedcm:accounts: true, goog:chromeOptions: {debuggerAddress: localhost:63808}, goog:processID: 19336, networkConnectionEnabled: false, pageLoadStrategy: normal, platformName: windows, proxy: Proxy(), se:cdp: ws://localhost:63808/devtoo..., se:cdpVersion: 142.0.7444.176, setWindowRect: true, strictFileInteractability: false, timeouts: {implicit: 0, pageLoad: 300000, script: 30000}, unhandledPromptBehavior: dismiss and notify, webauthn:extension:credBlob: true, webauthn:extension:largeBlob: true, webauthn:extension:minPinLength: true, webauthn:extension:prf: true, webauthn:virtualAuthenticators: true}
Session ID: 73b054659f72b838e3161600e97b00da
2025-11-27 21:47:13 [main] ERROR ActionDriver - Element is not visible: Expected condition failed: waiting for visibility of element located by By.xpath: //p[contains(., "Invalid credentials")] (tried for 30 second(s) with 500 milliseconds interval)
Build info: version: '4.37.0', revision: '3c1da1e342'
System info: os.name: 'Windows 11', os.arch: 'amd64', os.version: '10.0', java.version: '20'
Driver info: org.openqa.selenium.chrome.ChromeDriver
Capabilities {acceptInsecureCerts: false, browserName: chrome, browserVersion: 142.0.7444.176, chrome: {chromedriverVersion: 142.0.7444.175 (302067f14a4..., userDataDir: C:\Users\DELL\AppData\Local...}, fedcm:accounts: true, goog:chromeOptions: {debuggerAddress: localhost:63808}, goog:processID: 19336, networkConnectionEnabled: false, pageLoadStrategy: normal, platformName: windows, proxy: Proxy(), se:cdp: ws://localhost:63808/devtoo..., se:cdpVersion: 142.0.7444.176, setWindowRect: true, strictFileInteractability: false, timeouts: {implicit: 0, pageLoad: 300000, script: 30000}, unhandledPromptBehavior: dismiss and notify, webauthn:extension:credBlob: true, webauthn:extension:largeBlob: true, webauthn:extension:minPinLength: true, webauthn:extension:prf: true, webauthn:virtualAuthenticators: true}
Session ID: 73b054659f72b838e3161600e97b00da
2025-11-27 21:47:33 [main] ERROR ActionDriver - Unable to describe the element: no such element: Unable to locate element: {"method":"xpath","selector":"//p[contains(., "Invalid credentials")]"}
  (Session info: chrome=142.0.7444.176)
For documentation on this error, please visit: https://www.selenium.dev/documentation/webdriver/troubleshooting/errors#nosuchelementexception
Build info: version: '4.37.0', revision: '3c1da1e342'
System info: os.name: 'Windows 11', os.arch: 'amd64', os.version: '10.0', java.version: '20'
Driver info: org.openqa.selenium.chrome.ChromeDriver
Command: [73b054659f72b838e3161600e97b00da, findElement {value=//p[contains(., "Invalid credentials")], using=xpath}]
Capabilities {acceptInsecureCerts: false, browserName: chrome, browserVersion: 142.0.7444.176, chrome: {chromedriverVersion: 142.0.7444.175 (302067f14a4..., userDataDir: C:\Users\DELL\AppData\Local...}, fedcm:accounts: true, goog:chromeOptions: {debuggerAddress: localhost:63808}, goog:processID: 19336, networkConnectionEnabled: false, pageLoadStrategy: normal, platformName: windows, proxy: Proxy(), se:cdp: ws://localhost:63808/devtoo..., se:cdpVersion: 142.0.7444.176, setWindowRect: true, strictFileInteractability: false, timeouts: {implicit: 0, pageLoad: 300000, script: 30000}, unhandledPromptBehavior: dismiss and notify, webauthn:extension:credBlob: true, webauthn:extension:largeBlob: true, webauthn:extension:minPinLength: true, webauthn:extension:prf: true, webauthn:virtualAuthenticators: true}
Session ID: 73b054659f72b838e3161600e97b00da
2025-11-27 21:47:34 [main] ERROR ActionDriver - There an error: Expected condition failed: waiting for visibility of element located by By.xpath: //p[contains(., "Invalid credentials")] (tried for 30 second(s) with 500 milliseconds interval)
Build info: version: '4.37.0', revision: '3c1da1e342'
System info: os.name: 'Windows 11', os.arch: 'amd64', os.version: '10.0', java.version: '20'
Driver info: org.openqa.selenium.chrome.ChromeDriver
Capabilities {acceptInsecureCerts: false, browserName: chrome, browserVersion: 142.0.7444.176, chrome: {chromedriverVersion: 142.0.7444.175 (302067f14a4..., userDataDir: C:\Users\DELL\AppData\Local...}, fedcm:accounts: true, goog:chromeOptions: {debuggerAddress: localhost:63808}, goog:processID: 19336, networkConnectionEnabled: false, pageLoadStrategy: normal, platformName: windows, proxy: Proxy(), se:cdp: ws://localhost:63808/devtoo..., se:cdpVersion: 142.0.7444.176, setWindowRect: true, strictFileInteractability: false, timeouts: {implicit: 0, pageLoad: 300000, script: 30000}, unhandledPromptBehavior: dismiss and notify, webauthn:extension:credBlob: true, webauthn:extension:largeBlob: true, webauthn:extension:minPinLength: true, webauthn:extension:prf: true, webauthn:virtualAuthenticators: true}
Session ID: 73b054659f72b838e3161600e97b00da
2025-11-27 21:48:07 [main] ERROR ActionDriver - Element is not visible: Expected condition failed: waiting for visibility of element located by By.xpath: //input[@name='username'] (tried for 30 second(s) with 500 milliseconds interval)
Build info: version: '4.37.0', revision: '3c1da1e342'
System info: os.name: 'Windows 11', os.arch: 'amd64', os.version: '10.0', java.version: '20'
Driver info: org.openqa.selenium.chrome.ChromeDriver
Capabilities {acceptInsecureCerts: false, browserName: chrome, browserVersion: 142.0.7444.176, chrome: {chromedriverVersion: 142.0.7444.175 (302067f14a4..., userDataDir: C:\Users\DELL\AppData\Local...}, fedcm:accounts: true, goog:chromeOptions: {debuggerAddress: localhost:49768}, goog:processID: 5572, networkConnectionEnabled: false, pageLoadStrategy: normal, platformName: windows, proxy: Proxy(), se:cdp: ws://localhost:49768/devtoo..., se:cdpVersion: 142.0.7444.176, setWindowRect: true, strictFileInteractability: false, timeouts: {implicit: 0, pageLoad: 300000, script: 30000}, unhandledPromptBehavior: dismiss and notify, webauthn:extension:credBlob: true, webauthn:extension:largeBlob: true, webauthn:extension:minPinLength: true, webauthn:extension:prf: true, webauthn:virtualAuthenticators: true}
Session ID: 2a0e62f2471b80d7f5f7100143ccfcbc
2025-11-27 21:48:28 [main] ERROR ActionDriver - Unable to describe the element: no such element: Unable to locate element: {"method":"xpath","selector":"//input[@name='username']"}
  (Session info: chrome=142.0.7444.176)
For documentation on this error, please visit: https://www.selenium.dev/documentation/webdriver/troubleshooting/errors#nosuchelementexception
Build info: version: '4.37.0', revision: '3c1da1e342'
System info: os.name: 'Windows 11', os.arch: 'amd64', os.version: '10.0', java.version: '20'
Driver info: org.openqa.selenium.chrome.ChromeDriver
Command: [2a0e62f2471b80d7f5f7100143ccfcbc, findElement {value=//input[@name='username'], using=xpath}]
Capabilities {acceptInsecureCerts: false, browserName: chrome, browserVersion: 142.0.7444.176, chrome: {chromedriverVersion: 142.0.7444.175 (302067f14a4..., userDataDir: C:\Users\DELL\AppData\Local...}, fedcm:accounts: true, goog:chromeOptions: {debuggerAddress: localhost:49768}, goog:processID: 5572, networkConnectionEnabled: false, pageLoadStrategy: normal, platformName: windows, proxy: Proxy(), se:cdp: ws://localhost:49768/devtoo..., se:cdpVersion: 142.0.7444.176, setWindowRect: true, strictFileInteractability: false, timeouts: {implicit: 0, pageLoad: 300000, script: 30000}, unhandledPromptBehavior: dismiss and notify, webauthn:extension:credBlob: true, webauthn:extension:largeBlob: true, webauthn:extension:minPinLength: true, webauthn:extension:prf: true, webauthn:virtualAuthenticators: true}
Session ID: 2a0e62f2471b80d7f5f7100143ccfcbc
2025-11-27 21:48:28 [main] ERROR ActionDriver - Unable to enter the text in to this field: Expected condition failed: waiting for visibility of element located by By.xpath: //input[@name='username'] (tried for 30 second(s) with 500 milliseconds interval)
Build info: version: '4.37.0', revision: '3c1da1e342'
System info: os.name: 'Windows 11', os.arch: 'amd64', os.version: '10.0', java.version: '20'
Driver info: org.openqa.selenium.chrome.ChromeDriver
Capabilities {acceptInsecureCerts: false, browserName: chrome, browserVersion: 142.0.7444.176, chrome: {chromedriverVersion: 142.0.7444.175 (302067f14a4..., userDataDir: C:\Users\DELL\AppData\Local...}, fedcm:accounts: true, goog:chromeOptions: {debuggerAddress: localhost:49768}, goog:processID: 5572, networkConnectionEnabled: false, pageLoadStrategy: normal, platformName: windows, proxy: Proxy(), se:cdp: ws://localhost:49768/devtoo..., se:cdpVersion: 142.0.7444.176, setWindowRect: true, strictFileInteractability: false, timeouts: {implicit: 0, pageLoad: 300000, script: 30000}, unhandledPromptBehavior: dismiss and notify, webauthn:extension:credBlob: true, webauthn:extension:largeBlob: true, webauthn:extension:minPinLength: true, webauthn:extension:prf: true, webauthn:virtualAuthenticators: true}
Session ID: 2a0e62f2471b80d7f5f7100143ccfcbc
2025-11-27 21:49:00 [main] ERROR ActionDriver - Element is not visible: Expected condition failed: waiting for visibility of element located by By.xpath: //input[@name='password'] (tried for 30 second(s) with 500 milliseconds interval)
Build info: version: '4.37.0', revision: '3c1da1e342'
System info: os.name: 'Windows 11', os.arch: 'amd64', os.version: '10.0', java.version: '20'
Driver info: org.openqa.selenium.chrome.ChromeDriver
Capabilities {acceptInsecureCerts: false, browserName: chrome, browserVersion: 142.0.7444.176, chrome: {chromedriverVersion: 142.0.7444.175 (302067f14a4..., userDataDir: C:\Users\DELL\AppData\Local...}, fedcm:accounts: true, goog:chromeOptions: {debuggerAddress: localhost:49768}, goog:processID: 5572, networkConnectionEnabled: false, pageLoadStrategy: normal, platformName: windows, proxy: Proxy(), se:cdp: ws://localhost:49768/devtoo..., se:cdpVersion: 142.0.7444.176, setWindowRect: true, strictFileInteractability: false, timeouts: {implicit: 0, pageLoad: 300000, script: 30000}, unhandledPromptBehavior: dismiss and notify, webauthn:extension:credBlob: true, webauthn:extension:largeBlob: true, webauthn:extension:minPinLength: true, webauthn:extension:prf: true, webauthn:virtualAuthenticators: true}
Session ID: 2a0e62f2471b80d7f5f7100143ccfcbc
2025-11-27 21:49:21 [main] ERROR ActionDriver - Unable to describe the element: no such element: Unable to locate element: {"method":"xpath","selector":"//input[@name='password']"}
  (Session info: chrome=142.0.7444.176)
For documentation on this error, please visit: https://www.selenium.dev/documentation/webdriver/troubleshooting/errors#nosuchelementexception
Build info: version: '4.37.0', revision: '3c1da1e342'
System info: os.name: 'Windows 11', os.arch: 'amd64', os.version: '10.0', java.version: '20'
Driver info: org.openqa.selenium.chrome.ChromeDriver
Command: [2a0e62f2471b80d7f5f7100143ccfcbc, findElement {value=//input[@name='password'], using=xpath}]
Capabilities {acceptInsecureCerts: false, browserName: chrome, browserVersion: 142.0.7444.176, chrome: {chromedriverVersion: 142.0.7444.175 (302067f14a4..., userDataDir: C:\Users\DELL\AppData\Local...}, fedcm:accounts: true, goog:chromeOptions: {debuggerAddress: localhost:49768}, goog:processID: 5572, networkConnectionEnabled: false, pageLoadStrategy: normal, platformName: windows, proxy: Proxy(), se:cdp: ws://localhost:49768/devtoo..., se:cdpVersion: 142.0.7444.176, setWindowRect: true, strictFileInteractability: false, timeouts: {implicit: 0, pageLoad: 300000, script: 30000}, unhandledPromptBehavior: dismiss and notify, webauthn:extension:credBlob: true, webauthn:extension:largeBlob: true, webauthn:extension:minPinLength: true, webauthn:extension:prf: true, webauthn:virtualAuthenticators: true}
Session ID: 2a0e62f2471b80d7f5f7100143ccfcbc
2025-11-27 21:49:21 [main] ERROR ActionDriver - Unable to enter the text in to this field: Expected condition failed: waiting for visibility of element located by By.xpath: //input[@name='password'] (tried for 30 second(s) with 500 milliseconds interval)
Build info: version: '4.37.0', revision: '3c1da1e342'
System info: os.name: 'Windows 11', os.arch: 'amd64', os.version: '10.0', java.version: '20'
Driver info: org.openqa.selenium.chrome.ChromeDriver
Capabilities {acceptInsecureCerts: false, browserName: chrome, browserVersion: 142.0.7444.176, chrome: {chromedriverVersion: 142.0.7444.175 (302067f14a4..., userDataDir: C:\Users\DELL\AppData\Local...}, fedcm:accounts: true, goog:chromeOptions: {debuggerAddress: localhost:49768}, goog:processID: 5572, networkConnectionEnabled: false, pageLoadStrategy: normal, platformName: windows, proxy: Proxy(), se:cdp: ws://localhost:49768/devtoo..., se:cdpVersion: 142.0.7444.176, setWindowRect: true, strictFileInteractability: false, timeouts: {implicit: 0, pageLoad: 300000, script: 30000}, unhandledPromptBehavior: dismiss and notify, webauthn:extension:credBlob: true, webauthn:extension:largeBlob: true, webauthn:extension:minPinLength: true, webauthn:extension:prf: true, webauthn:virtualAuthenticators: true}
Session ID: 2a0e62f2471b80d7f5f7100143ccfcbc
2025-11-27 21:49:54 [main] ERROR ActionDriver - Element is not visible: Expected condition failed: waiting for visibility of element located by By.xpath: //p[contains(., "Invalid credentials")] (tried for 30 second(s) with 500 milliseconds interval)
Build info: version: '4.37.0', revision: '3c1da1e342'
System info: os.name: 'Windows 11', os.arch: 'amd64', os.version: '10.0', java.version: '20'
Driver info: org.openqa.selenium.chrome.ChromeDriver
Capabilities {acceptInsecureCerts: false, browserName: chrome, browserVersion: 142.0.7444.176, chrome: {chromedriverVersion: 142.0.7444.175 (302067f14a4..., userDataDir: C:\Users\DELL\AppData\Local...}, fedcm:accounts: true, goog:chromeOptions: {debuggerAddress: localhost:49768}, goog:processID: 5572, networkConnectionEnabled: false, pageLoadStrategy: normal, platformName: windows, proxy: Proxy(), se:cdp: ws://localhost:49768/devtoo..., se:cdpVersion: 142.0.7444.176, setWindowRect: true, strictFileInteractability: false, timeouts: {implicit: 0, pageLoad: 300000, script: 30000}, unhandledPromptBehavior: dismiss and notify, webauthn:extension:credBlob: true, webauthn:extension:largeBlob: true, webauthn:extension:minPinLength: true, webauthn:extension:prf: true, webauthn:virtualAuthenticators: true}
Session ID: 2a0e62f2471b80d7f5f7100143ccfcbc
2025-11-27 21:50:15 [main] ERROR ActionDriver - Unable to describe the element: no such element: Unable to locate element: {"method":"xpath","selector":"//p[contains(., "Invalid credentials")]"}
  (Session info: chrome=142.0.7444.176)
For documentation on this error, please visit: https://www.selenium.dev/documentation/webdriver/troubleshooting/errors#nosuchelementexception
Build info: version: '4.37.0', revision: '3c1da1e342'
System info: os.name: 'Windows 11', os.arch: 'amd64', os.version: '10.0', java.version: '20'
Driver info: org.openqa.selenium.chrome.ChromeDriver
Command: [2a0e62f2471b80d7f5f7100143ccfcbc, findElement {value=//p[contains(., "Invalid credentials")], using=xpath}]
Capabilities {acceptInsecureCerts: false, browserName: chrome, browserVersion: 142.0.7444.176, chrome: {chromedriverVersion: 142.0.7444.175 (302067f14a4..., userDataDir: C:\Users\DELL\AppData\Local...}, fedcm:accounts: true, goog:chromeOptions: {debuggerAddress: localhost:49768}, goog:processID: 5572, networkConnectionEnabled: false, pageLoadStrategy: normal, platformName: windows, proxy: Proxy(), se:cdp: ws://localhost:49768/devtoo..., se:cdpVersion: 142.0.7444.176, setWindowRect: true, strictFileInteractability: false, timeouts: {implicit: 0, pageLoad: 300000, script: 30000}, unhandledPromptBehavior: dismiss and notify, webauthn:extension:credBlob: true, webauthn:extension:largeBlob: true, webauthn:extension:minPinLength: true, webauthn:extension:prf: true, webauthn:virtualAuthenticators: true}
Session ID: 2a0e62f2471b80d7f5f7100143ccfcbc
2025-11-27 21:50:15 [main] ERROR ActionDriver - There an error: Expected condition failed: waiting for visibility of element located by By.xpath: //p[contains(., "Invalid credentials")] (tried for 30 second(s) with 500 milliseconds interval)
Build info: version: '4.37.0', revision: '3c1da1e342'
System info: os.name: 'Windows 11', os.arch: 'amd64', os.version: '10.0', java.version: '20'
Driver info: org.openqa.selenium.chrome.ChromeDriver
Capabilities {acceptInsecureCerts: false, browserName: chrome, browserVersion: 142.0.7444.176, chrome: {chromedriverVersion: 142.0.7444.175 (302067f14a4..., userDataDir: C:\Users\DELL\AppData\Local...}, fedcm:accounts: true, goog:chromeOptions: {debuggerAddress: localhost:49768}, goog:processID: 5572, networkConnectionEnabled: false, pageLoadStrategy: normal, platformName: windows, proxy: Proxy(), se:cdp: ws://localhost:49768/devtoo..., se:cdpVersion: 142.0.7444.176, setWindowRect: true, strictFileInteractability: false, timeouts: {implicit: 0, pageLoad: 300000, script: 30000}, unhandledPromptBehavior: dismiss and notify, webauthn:extension:credBlob: true, webauthn:extension:largeBlob: true, webauthn:extension:minPinLength: true, webauthn:extension:prf: true, webauthn:virtualAuthenticators: true}
Session ID: 2a0e62f2471b80d7f5f7100143ccfcbc
2025-11-27 21:50:52 [main] ERROR ActionDriver - Element is not visible: Expected condition failed: waiting for visibility of element located by By.xpath: //input[@name='username'] (tried for 30 second(s) with 500 milliseconds interval)
Build info: version: '4.37.0', revision: '3c1da1e342'
System info: os.name: 'Windows 11', os.arch: 'amd64', os.version: '10.0', java.version: '20'
Driver info: org.openqa.selenium.chrome.ChromeDriver
Capabilities {acceptInsecureCerts: false, browserName: chrome, browserVersion: 142.0.7444.176, chrome: {chromedriverVersion: 142.0.7444.175 (302067f14a4..., userDataDir: C:\Users\DELL\AppData\Local...}, fedcm:accounts: true, goog:chromeOptions: {debuggerAddress: localhost:54747}, goog:processID: 5324, networkConnectionEnabled: false, pageLoadStrategy: normal, platformName: windows, proxy: Proxy(), se:cdp: ws://localhost:54747/devtoo..., se:cdpVersion: 142.0.7444.176, setWindowRect: true, strictFileInteractability: false, timeouts: {implicit: 0, pageLoad: 300000, script: 30000}, unhandledPromptBehavior: dismiss and notify, webauthn:extension:credBlob: true, webauthn:extension:largeBlob: true, webauthn:extension:minPinLength: true, webauthn:extension:prf: true, webauthn:virtualAuthenticators: true}
Session ID: 458165d7f26cc809c710edc151457941
2025-11-27 21:51:12 [main] ERROR ActionDriver - Unable to describe the element: no such element: Unable to locate element: {"method":"xpath","selector":"//input[@name='username']"}
  (Session info: chrome=142.0.7444.176)
For documentation on this error, please visit: https://www.selenium.dev/documentation/webdriver/troubleshooting/errors#nosuchelementexception
Build info: version: '4.37.0', revision: '3c1da1e342'
System info: os.name: 'Windows 11', os.arch: 'amd64', os.version: '10.0', java.version: '20'
Driver info: org.openqa.selenium.chrome.ChromeDriver
Command: [458165d7f26cc809c710edc151457941, findElement {value=//input[@name='username'], using=xpath}]
Capabilities {acceptInsecureCerts: false, browserName: chrome, browserVersion: 142.0.7444.176, chrome: {chromedriverVersion: 142.0.7444.175 (302067f14a4..., userDataDir: C:\Users\DELL\AppData\Local...}, fedcm:accounts: true, goog:chromeOptions: {debuggerAddress: localhost:54747}, goog:processID: 5324, networkConnectionEnabled: false, pageLoadStrategy: normal, platformName: windows, proxy: Proxy(), se:cdp: ws://localhost:54747/devtoo..., se:cdpVersion: 142.0.7444.176, setWindowRect: true, strictFileInteractability: false, timeouts: {implicit: 0, pageLoad: 300000, script: 30000}, unhandledPromptBehavior: dismiss and notify, webauthn:extension:credBlob: true, webauthn:extension:largeBlob: true, webauthn:extension:minPinLength: true, webauthn:extension:prf: true, webauthn:virtualAuthenticators: true}
Session ID: 458165d7f26cc809c710edc151457941
2025-11-27 21:51:13 [main] ERROR ActionDriver - Unable to enter the text in to this field: Expected condition failed: waiting for visibility of element located by By.xpath: //input[@name='username'] (tried for 30 second(s) with 500 milliseconds interval)
Build info: version: '4.37.0', revision: '3c1da1e342'
System info: os.name: 'Windows 11', os.arch: 'amd64', os.version: '10.0', java.version: '20'
Driver info: org.openqa.selenium.chrome.ChromeDriver
Capabilities {acceptInsecureCerts: false, browserName: chrome, browserVersion: 142.0.7444.176, chrome: {chromedriverVersion: 142.0.7444.175 (302067f14a4..., userDataDir: C:\Users\DELL\AppData\Local...}, fedcm:accounts: true, goog:chromeOptions: {debuggerAddress: localhost:54747}, goog:processID: 5324, networkConnectionEnabled: false, pageLoadStrategy: normal, platformName: windows, proxy: Proxy(), se:cdp: ws://localhost:54747/devtoo..., se:cdpVersion: 142.0.7444.176, setWindowRect: true, strictFileInteractability: false, timeouts: {implicit: 0, pageLoad: 300000, script: 30000}, unhandledPromptBehavior: dismiss and notify, webauthn:extension:credBlob: true, webauthn:extension:largeBlob: true, webauthn:extension:minPinLength: true, webauthn:extension:prf: true, webauthn:virtualAuthenticators: true}
Session ID: 458165d7f26cc809c710edc151457941
2025-11-27 21:51:44 [main] ERROR ActionDriver - Element is not visible: Expected condition failed: waiting for visibility of element located by By.xpath: //input[@name='password'] (tried for 30 second(s) with 500 milliseconds interval)
Build info: version: '4.37.0', revision: '3c1da1e342'
System info: os.name: 'Windows 11', os.arch: 'amd64', os.version: '10.0', java.version: '20'
Driver info: org.openqa.selenium.chrome.ChromeDriver
Capabilities {acceptInsecureCerts: false, browserName: chrome, browserVersion: 142.0.7444.176, chrome: {chromedriverVersion: 142.0.7444.175 (302067f14a4..., userDataDir: C:\Users\DELL\AppData\Local...}, fedcm:accounts: true, goog:chromeOptions: {debuggerAddress: localhost:54747}, goog:processID: 5324, networkConnectionEnabled: false, pageLoadStrategy: normal, platformName: windows, proxy: Proxy(), se:cdp: ws://localhost:54747/devtoo..., se:cdpVersion: 142.0.7444.176, setWindowRect: true, strictFileInteractability: false, timeouts: {implicit: 0, pageLoad: 300000, script: 30000}, unhandledPromptBehavior: dismiss and notify, webauthn:extension:credBlob: true, webauthn:extension:largeBlob: true, webauthn:extension:minPinLength: true, webauthn:extension:prf: true, webauthn:virtualAuthenticators: true}
Session ID: 458165d7f26cc809c710edc151457941
2025-11-27 21:52:05 [main] ERROR ActionDriver - Unable to describe the element: no such element: Unable to locate element: {"method":"xpath","selector":"//input[@name='password']"}
  (Session info: chrome=142.0.7444.176)
For documentation on this error, please visit: https://www.selenium.dev/documentation/webdriver/troubleshooting/errors#nosuchelementexception
Build info: version: '4.37.0', revision: '3c1da1e342'
System info: os.name: 'Windows 11', os.arch: 'amd64', os.version: '10.0', java.version: '20'
Driver info: org.openqa.selenium.chrome.ChromeDriver
Command: [458165d7f26cc809c710edc151457941, findElement {value=//input[@name='password'], using=xpath}]
Capabilities {acceptInsecureCerts: false, browserName: chrome, browserVersion: 142.0.7444.176, chrome: {chromedriverVersion: 142.0.7444.175 (302067f14a4..., userDataDir: C:\Users\DELL\AppData\Local...}, fedcm:accounts: true, goog:chromeOptions: {debuggerAddress: localhost:54747}, goog:processID: 5324, networkConnectionEnabled: false, pageLoadStrategy: normal, platformName: windows, proxy: Proxy(), se:cdp: ws://localhost:54747/devtoo..., se:cdpVersion: 142.0.7444.176, setWindowRect: true, strictFileInteractability: false, timeouts: {implicit: 0, pageLoad: 300000, script: 30000}, unhandledPromptBehavior: dismiss and notify, webauthn:extension:credBlob: true, webauthn:extension:largeBlob: true, webauthn:extension:minPinLength: true, webauthn:extension:prf: true, webauthn:virtualAuthenticators: true}
Session ID: 458165d7f26cc809c710edc151457941
2025-11-27 21:52:06 [main] ERROR ActionDriver - Unable to enter the text in to this field: Expected condition failed: waiting for visibility of element located by By.xpath: //input[@name='password'] (tried for 30 second(s) with 500 milliseconds interval)
Build info: version: '4.37.0', revision: '3c1da1e342'
System info: os.name: 'Windows 11', os.arch: 'amd64', os.version: '10.0', java.version: '20'
Driver info: org.openqa.selenium.chrome.ChromeDriver
Capabilities {acceptInsecureCerts: false, browserName: chrome, browserVersion: 142.0.7444.176, chrome: {chromedriverVersion: 142.0.7444.175 (302067f14a4..., userDataDir: C:\Users\DELL\AppData\Local...}, fedcm:accounts: true, goog:chromeOptions: {debuggerAddress: localhost:54747}, goog:processID: 5324, networkConnectionEnabled: false, pageLoadStrategy: normal, platformName: windows, proxy: Proxy(), se:cdp: ws://localhost:54747/devtoo..., se:cdpVersion: 142.0.7444.176, setWindowRect: true, strictFileInteractability: false, timeouts: {implicit: 0, pageLoad: 300000, script: 30000}, unhandledPromptBehavior: dismiss and notify, webauthn:extension:credBlob: true, webauthn:extension:largeBlob: true, webauthn:extension:minPinLength: true, webauthn:extension:prf: true, webauthn:virtualAuthenticators: true}
Session ID: 458165d7f26cc809c710edc151457941
2025-11-27 21:52:39 [main] ERROR ActionDriver - Element is not visible: Expected condition failed: waiting for visibility of element located by By.xpath: //p[contains(., "Invalid credentials")] (tried for 30 second(s) with 500 milliseconds interval)
Build info: version: '4.37.0', revision: '3c1da1e342'
System info: os.name: 'Windows 11', os.arch: 'amd64', os.version: '10.0', java.version: '20'
Driver info: org.openqa.selenium.chrome.ChromeDriver
Capabilities {acceptInsecureCerts: false, browserName: chrome, browserVersion: 142.0.7444.176, chrome: {chromedriverVersion: 142.0.7444.175 (302067f14a4..., userDataDir: C:\Users\DELL\AppData\Local...}, fedcm:accounts: true, goog:chromeOptions: {debuggerAddress: localhost:54747}, goog:processID: 5324, networkConnectionEnabled: false, pageLoadStrategy: normal, platformName: windows, proxy: Proxy(), se:cdp: ws://localhost:54747/devtoo..., se:cdpVersion: 142.0.7444.176, setWindowRect: true, strictFileInteractability: false, timeouts: {implicit: 0, pageLoad: 300000, script: 30000}, unhandledPromptBehavior: dismiss and notify, webauthn:extension:credBlob: true, webauthn:extension:largeBlob: true, webauthn:extension:minPinLength: true, webauthn:extension:prf: true, webauthn:virtualAuthenticators: true}
Session ID: 458165d7f26cc809c710edc151457941
2025-11-27 21:52:59 [main] ERROR ActionDriver - Unable to describe the element: no such element: Unable to locate element: {"method":"xpath","selector":"//p[contains(., "Invalid credentials")]"}
  (Session info: chrome=142.0.7444.176)
For documentation on this error, please visit: https://www.selenium.dev/documentation/webdriver/troubleshooting/errors#nosuchelementexception
Build info: version: '4.37.0', revision: '3c1da1e342'
System info: os.name: 'Windows 11', os.arch: 'amd64', os.version: '10.0', java.version: '20'
Driver info: org.openqa.selenium.chrome.ChromeDriver
Command: [458165d7f26cc809c710edc151457941, findElement {value=//p[contains(., "Invalid credentials")], using=xpath}]
Capabilities {acceptInsecureCerts: false, browserName: chrome, browserVersion: 142.0.7444.176, chrome: {chromedriverVersion: 142.0.7444.175 (302067f14a4..., userDataDir: C:\Users\DELL\AppData\Local...}, fedcm:accounts: true, goog:chromeOptions: {debuggerAddress: localhost:54747}, goog:processID: 5324, networkConnectionEnabled: false, pageLoadStrategy: normal, platformName: windows, proxy: Proxy(), se:cdp: ws://localhost:54747/devtoo..., se:cdpVersion: 142.0.7444.176, setWindowRect: true, strictFileInteractability: false, timeouts: {implicit: 0, pageLoad: 300000, script: 30000}, unhandledPromptBehavior: dismiss and notify, webauthn:extension:credBlob: true, webauthn:extension:largeBlob: true, webauthn:extension:minPinLength: true, webauthn:extension:prf: true, webauthn:virtualAuthenticators: true}
Session ID: 458165d7f26cc809c710edc151457941
2025-11-27 21:53:00 [main] ERROR ActionDriver - There an error: Expected condition failed: waiting for visibility of element located by By.xpath: //p[contains(., "Invalid credentials")] (tried for 30 second(s) with 500 milliseconds interval)
Build info: version: '4.37.0', revision: '3c1da1e342'
System info: os.name: 'Windows 11', os.arch: 'amd64', os.version: '10.0', java.version: '20'
Driver info: org.openqa.selenium.chrome.ChromeDriver
Capabilities {acceptInsecureCerts: false, browserName: chrome, browserVersion: 142.0.7444.176, chrome: {chromedriverVersion: 142.0.7444.175 (302067f14a4..., userDataDir: C:\Users\DELL\AppData\Local...}, fedcm:accounts: true, goog:chromeOptions: {debuggerAddress: localhost:54747}, goog:processID: 5324, networkConnectionEnabled: false, pageLoadStrategy: normal, platformName: windows, proxy: Proxy(), se:cdp: ws://localhost:54747/devtoo..., se:cdpVersion: 142.0.7444.176, setWindowRect: true, strictFileInteractability: false, timeouts: {implicit: 0, pageLoad: 300000, script: 30000}, unhandledPromptBehavior: dismiss and notify, webauthn:extension:credBlob: true, webauthn:extension:largeBlob: true, webauthn:extension:minPinLength: true, webauthn:extension:prf: true, webauthn:virtualAuthenticators: true}
Session ID: 458165d7f26cc809c710edc151457941
2025-11-27 21:53:33 [main] ERROR ActionDriver - Element is not visible: Expected condition failed: waiting for visibility of element located by By.xpath: //input[@name='username'] (tried for 30 second(s) with 500 milliseconds interval)
Build info: version: '4.37.0', revision: '3c1da1e342'
System info: os.name: 'Windows 11', os.arch: 'amd64', os.version: '10.0', java.version: '20'
Driver info: org.openqa.selenium.chrome.ChromeDriver
Capabilities {acceptInsecureCerts: false, browserName: chrome, browserVersion: 142.0.7444.176, chrome: {chromedriverVersion: 142.0.7444.175 (302067f14a4..., userDataDir: C:\Users\DELL\AppData\Local...}, fedcm:accounts: true, goog:chromeOptions: {debuggerAddress: localhost:61378}, goog:processID: 8952, networkConnectionEnabled: false, pageLoadStrategy: normal, platformName: windows, proxy: Proxy(), se:cdp: ws://localhost:61378/devtoo..., se:cdpVersion: 142.0.7444.176, setWindowRect: true, strictFileInteractability: false, timeouts: {implicit: 0, pageLoad: 300000, script: 30000}, unhandledPromptBehavior: dismiss and notify, webauthn:extension:credBlob: true, webauthn:extension:largeBlob: true, webauthn:extension:minPinLength: true, webauthn:extension:prf: true, webauthn:virtualAuthenticators: true}
Session ID: a6cc58af0a735a3079c996b3e80963d7
2025-11-27 21:53:53 [main] ERROR ActionDriver - Unable to describe the element: no such element: Unable to locate element: {"method":"xpath","selector":"//input[@name='username']"}
  (Session info: chrome=142.0.7444.176)
For documentation on this error, please visit: https://www.selenium.dev/documentation/webdriver/troubleshooting/errors#nosuchelementexception
Build info: version: '4.37.0', revision: '3c1da1e342'
System info: os.name: 'Windows 11', os.arch: 'amd64', os.version: '10.0', java.version: '20'
Driver info: org.openqa.selenium.chrome.ChromeDriver
Command: [a6cc58af0a735a3079c996b3e80963d7, findElement {value=//input[@name='username'], using=xpath}]
Capabilities {acceptInsecureCerts: false, browserName: chrome, browserVersion: 142.0.7444.176, chrome: {chromedriverVersion: 142.0.7444.175 (302067f14a4..., userDataDir: C:\Users\DELL\AppData\Local...}, fedcm:accounts: true, goog:chromeOptions: {debuggerAddress: localhost:61378}, goog:processID: 8952, networkConnectionEnabled: false, pageLoadStrategy: normal, platformName: windows, proxy: Proxy(), se:cdp: ws://localhost:61378/devtoo..., se:cdpVersion: 142.0.7444.176, setWindowRect: true, strictFileInteractability: false, timeouts: {implicit: 0, pageLoad: 300000, script: 30000}, unhandledPromptBehavior: dismiss and notify, webauthn:extension:credBlob: true, webauthn:extension:largeBlob: true, webauthn:extension:minPinLength: true, webauthn:extension:prf: true, webauthn:virtualAuthenticators: true}
Session ID: a6cc58af0a735a3079c996b3e80963d7
2025-11-27 21:53:54 [main] ERROR ActionDriver - Unable to enter the text in to this field: Expected condition failed: waiting for visibility of element located by By.xpath: //input[@name='username'] (tried for 30 second(s) with 500 milliseconds interval)
Build info: version: '4.37.0', revision: '3c1da1e342'
System info: os.name: 'Windows 11', os.arch: 'amd64', os.version: '10.0', java.version: '20'
Driver info: org.openqa.selenium.chrome.ChromeDriver
Capabilities {acceptInsecureCerts: false, browserName: chrome, browserVersion: 142.0.7444.176, chrome: {chromedriverVersion: 142.0.7444.175 (302067f14a4..., userDataDir: C:\Users\DELL\AppData\Local...}, fedcm:accounts: true, goog:chromeOptions: {debuggerAddress: localhost:61378}, goog:processID: 8952, networkConnectionEnabled: false, pageLoadStrategy: normal, platformName: windows, proxy: Proxy(), se:cdp: ws://localhost:61378/devtoo..., se:cdpVersion: 142.0.7444.176, setWindowRect: true, strictFileInteractability: false, timeouts: {implicit: 0, pageLoad: 300000, script: 30000}, unhandledPromptBehavior: dismiss and notify, webauthn:extension:credBlob: true, webauthn:extension:largeBlob: true, webauthn:extension:minPinLength: true, webauthn:extension:prf: true, webauthn:virtualAuthenticators: true}
Session ID: a6cc58af0a735a3079c996b3e80963d7
2025-11-27 21:54:25 [main] ERROR ActionDriver - Element is not visible: Expected condition failed: waiting for visibility of element located by By.xpath: //input[@name='password'] (tried for 30 second(s) with 500 milliseconds interval)
Build info: version: '4.37.0', revision: '3c1da1e342'
System info: os.name: 'Windows 11', os.arch: 'amd64', os.version: '10.0', java.version: '20'
Driver info: org.openqa.selenium.chrome.ChromeDriver
Capabilities {acceptInsecureCerts: false, browserName: chrome, browserVersion: 142.0.7444.176, chrome: {chromedriverVersion: 142.0.7444.175 (302067f14a4..., userDataDir: C:\Users\DELL\AppData\Local...}, fedcm:accounts: true, goog:chromeOptions: {debuggerAddress: localhost:61378}, goog:processID: 8952, networkConnectionEnabled: false, pageLoadStrategy: normal, platformName: windows, proxy: Proxy(), se:cdp: ws://localhost:61378/devtoo..., se:cdpVersion: 142.0.7444.176, setWindowRect: true, strictFileInteractability: false, timeouts: {implicit: 0, pageLoad: 300000, script: 30000}, unhandledPromptBehavior: dismiss and notify, webauthn:extension:credBlob: true, webauthn:extension:largeBlob: true, webauthn:extension:minPinLength: true, webauthn:extension:prf: true, webauthn:virtualAuthenticators: true}
Session ID: a6cc58af0a735a3079c996b3e80963d7
2025-11-27 21:54:46 [main] ERROR ActionDriver - Unable to describe the element: no such element: Unable to locate element: {"method":"xpath","selector":"//input[@name='password']"}
  (Session info: chrome=142.0.7444.176)
For documentation on this error, please visit: https://www.selenium.dev/documentation/webdriver/troubleshooting/errors#nosuchelementexception
Build info: version: '4.37.0', revision: '3c1da1e342'
System info: os.name: 'Windows 11', os.arch: 'amd64', os.version: '10.0', java.version: '20'
Driver info: org.openqa.selenium.chrome.ChromeDriver
Command: [a6cc58af0a735a3079c996b3e80963d7, findElement {value=//input[@name='password'], using=xpath}]
Capabilities {acceptInsecureCerts: false, browserName: chrome, browserVersion: 142.0.7444.176, chrome: {chromedriverVersion: 142.0.7444.175 (302067f14a4..., userDataDir: C:\Users\DELL\AppData\Local...}, fedcm:accounts: true, goog:chromeOptions: {debuggerAddress: localhost:61378}, goog:processID: 8952, networkConnectionEnabled: false, pageLoadStrategy: normal, platformName: windows, proxy: Proxy(), se:cdp: ws://localhost:61378/devtoo..., se:cdpVersion: 142.0.7444.176, setWindowRect: true, strictFileInteractability: false, timeouts: {implicit: 0, pageLoad: 300000, script: 30000}, unhandledPromptBehavior: dismiss and notify, webauthn:extension:credBlob: true, webauthn:extension:largeBlob: true, webauthn:extension:minPinLength: true, webauthn:extension:prf: true, webauthn:virtualAuthenticators: true}
Session ID: a6cc58af0a735a3079c996b3e80963d7
2025-11-27 21:54:46 [main] ERROR ActionDriver - Unable to enter the text in to this field: Expected condition failed: waiting for visibility of element located by By.xpath: //input[@name='password'] (tried for 30 second(s) with 500 milliseconds interval)
Build info: version: '4.37.0', revision: '3c1da1e342'
System info: os.name: 'Windows 11', os.arch: 'amd64', os.version: '10.0', java.version: '20'
Driver info: org.openqa.selenium.chrome.ChromeDriver
Capabilities {acceptInsecureCerts: false, browserName: chrome, browserVersion: 142.0.7444.176, chrome: {chromedriverVersion: 142.0.7444.175 (302067f14a4..., userDataDir: C:\Users\DELL\AppData\Local...}, fedcm:accounts: true, goog:chromeOptions: {debuggerAddress: localhost:61378}, goog:processID: 8952, networkConnectionEnabled: false, pageLoadStrategy: normal, platformName: windows, proxy: Proxy(), se:cdp: ws://localhost:61378/devtoo..., se:cdpVersion: 142.0.7444.176, setWindowRect: true, strictFileInteractability: false, timeouts: {implicit: 0, pageLoad: 300000, script: 30000}, unhandledPromptBehavior: dismiss and notify, webauthn:extension:credBlob: true, webauthn:extension:largeBlob: true, webauthn:extension:minPinLength: true, webauthn:extension:prf: true, webauthn:virtualAuthenticators: true}
Session ID: a6cc58af0a735a3079c996b3e80963d7
2025-11-27 21:55:19 [main] ERROR ActionDriver - Element is not visible: Expected condition failed: waiting for visibility of element located by By.xpath: //p[contains(., "Invalid credentials")] (tried for 30 second(s) with 500 milliseconds interval)
Build info: version: '4.37.0', revision: '3c1da1e342'
System info: os.name: 'Windows 11', os.arch: 'amd64', os.version: '10.0', java.version: '20'
Driver info: org.openqa.selenium.chrome.ChromeDriver
Capabilities {acceptInsecureCerts: false, browserName: chrome, browserVersion: 142.0.7444.176, chrome: {chromedriverVersion: 142.0.7444.175 (302067f14a4..., userDataDir: C:\Users\DELL\AppData\Local...}, fedcm:accounts: true, goog:chromeOptions: {debuggerAddress: localhost:61378}, goog:processID: 8952, networkConnectionEnabled: false, pageLoadStrategy: normal, platformName: windows, proxy: Proxy(), se:cdp: ws://localhost:61378/devtoo..., se:cdpVersion: 142.0.7444.176, setWindowRect: true, strictFileInteractability: false, timeouts: {implicit: 0, pageLoad: 300000, script: 30000}, unhandledPromptBehavior: dismiss and notify, webauthn:extension:credBlob: true, webauthn:extension:largeBlob: true, webauthn:extension:minPinLength: true, webauthn:extension:prf: true, webauthn:virtualAuthenticators: true}
Session ID: a6cc58af0a735a3079c996b3e80963d7
2025-11-27 21:55:40 [main] ERROR ActionDriver - Unable to describe the element: no such element: Unable to locate element: {"method":"xpath","selector":"//p[contains(., "Invalid credentials")]"}
  (Session info: chrome=142.0.7444.176)
For documentation on this error, please visit: https://www.selenium.dev/documentation/webdriver/troubleshooting/errors#nosuchelementexception
Build info: version: '4.37.0', revision: '3c1da1e342'
System info: os.name: 'Windows 11', os.arch: 'amd64', os.version: '10.0', java.version: '20'
Driver info: org.openqa.selenium.chrome.ChromeDriver
Command: [a6cc58af0a735a3079c996b3e80963d7, findElement {value=//p[contains(., "Invalid credentials")], using=xpath}]
Capabilities {acceptInsecureCerts: false, browserName: chrome, browserVersion: 142.0.7444.176, chrome: {chromedriverVersion: 142.0.7444.175 (302067f14a4..., userDataDir: C:\Users\DELL\AppData\Local...}, fedcm:accounts: true, goog:chromeOptions: {debuggerAddress: localhost:61378}, goog:processID: 8952, networkConnectionEnabled: false, pageLoadStrategy: normal, platformName: windows, proxy: Proxy(), se:cdp: ws://localhost:61378/devtoo..., se:cdpVersion: 142.0.7444.176, setWindowRect: true, strictFileInteractability: false, timeouts: {implicit: 0, pageLoad: 300000, script: 30000}, unhandledPromptBehavior: dismiss and notify, webauthn:extension:credBlob: true, webauthn:extension:largeBlob: true, webauthn:extension:minPinLength: true, webauthn:extension:prf: true, webauthn:virtualAuthenticators: true}
Session ID: a6cc58af0a735a3079c996b3e80963d7
2025-11-27 21:55:41 [main] ERROR ActionDriver - There an error: Expected condition failed: waiting for visibility of element located by By.xpath: //p[contains(., "Invalid credentials")] (tried for 30 second(s) with 500 milliseconds interval)
Build info: version: '4.37.0', revision: '3c1da1e342'
System info: os.name: 'Windows 11', os.arch: 'amd64', os.version: '10.0', java.version: '20'
Driver info: org.openqa.selenium.chrome.ChromeDriver
Capabilities {acceptInsecureCerts: false, browserName: chrome, browserVersion: 142.0.7444.176, chrome: {chromedriverVersion: 142.0.7444.175 (302067f14a4..., userDataDir: C:\Users\DELL\AppData\Local...}, fedcm:accounts: true, goog:chromeOptions: {debuggerAddress: localhost:61378}, goog:processID: 8952, networkConnectionEnabled: false, pageLoadStrategy: normal, platformName: windows, proxy: Proxy(), se:cdp: ws://localhost:61378/devtoo..., se:cdpVersion: 142.0.7444.176, setWindowRect: true, strictFileInteractability: false, timeouts: {implicit: 0, pageLoad: 300000, script: 30000}, unhandledPromptBehavior: dismiss and notify, webauthn:extension:credBlob: true, webauthn:extension:largeBlob: true, webauthn:extension:minPinLength: true, webauthn:extension:prf: true, webauthn:virtualAuthenticators: true}
Session ID: a6cc58af0a735a3079c996b3e80963d7
2025-11-27 21:56:14 [main] ERROR ActionDriver - Element is not visible: Expected condition failed: waiting for visibility of element located by By.xpath: //input[@name='username'] (tried for 30 second(s) with 500 milliseconds interval)
Build info: version: '4.37.0', revision: '3c1da1e342'
System info: os.name: 'Windows 11', os.arch: 'amd64', os.version: '10.0', java.version: '20'
Driver info: org.openqa.selenium.chrome.ChromeDriver
Capabilities {acceptInsecureCerts: false, browserName: chrome, browserVersion: 142.0.7444.176, chrome: {chromedriverVersion: 142.0.7444.175 (302067f14a4..., userDataDir: C:\Users\DELL\AppData\Local...}, fedcm:accounts: true, goog:chromeOptions: {debuggerAddress: localhost:54107}, goog:processID: 5228, networkConnectionEnabled: false, pageLoadStrategy: normal, platformName: windows, proxy: Proxy(), se:cdp: ws://localhost:54107/devtoo..., se:cdpVersion: 142.0.7444.176, setWindowRect: true, strictFileInteractability: false, timeouts: {implicit: 0, pageLoad: 300000, script: 30000}, unhandledPromptBehavior: dismiss and notify, webauthn:extension:credBlob: true, webauthn:extension:largeBlob: true, webauthn:extension:minPinLength: true, webauthn:extension:prf: true, webauthn:virtualAuthenticators: true}
Session ID: 775685091df795e4d45f14644e2af3bc
2025-11-27 21:56:35 [main] ERROR ActionDriver - Unable to describe the element: no such element: Unable to locate element: {"method":"xpath","selector":"//input[@name='username']"}
  (Session info: chrome=142.0.7444.176)
For documentation on this error, please visit: https://www.selenium.dev/documentation/webdriver/troubleshooting/errors#nosuchelementexception
Build info: version: '4.37.0', revision: '3c1da1e342'
System info: os.name: 'Windows 11', os.arch: 'amd64', os.version: '10.0', java.version: '20'
Driver info: org.openqa.selenium.chrome.ChromeDriver
Command: [775685091df795e4d45f14644e2af3bc, findElement {value=//input[@name='username'], using=xpath}]
Capabilities {acceptInsecureCerts: false, browserName: chrome, browserVersion: 142.0.7444.176, chrome: {chromedriverVersion: 142.0.7444.175 (302067f14a4..., userDataDir: C:\Users\DELL\AppData\Local...}, fedcm:accounts: true, goog:chromeOptions: {debuggerAddress: localhost:54107}, goog:processID: 5228, networkConnectionEnabled: false, pageLoadStrategy: normal, platformName: windows, proxy: Proxy(), se:cdp: ws://localhost:54107/devtoo..., se:cdpVersion: 142.0.7444.176, setWindowRect: true, strictFileInteractability: false, timeouts: {implicit: 0, pageLoad: 300000, script: 30000}, unhandledPromptBehavior: dismiss and notify, webauthn:extension:credBlob: true, webauthn:extension:largeBlob: true, webauthn:extension:minPinLength: true, webauthn:extension:prf: true, webauthn:virtualAuthenticators: true}
Session ID: 775685091df795e4d45f14644e2af3bc
2025-11-27 21:56:35 [main] ERROR ActionDriver - Unable to enter the text in to this field: Expected condition failed: waiting for visibility of element located by By.xpath: //input[@name='username'] (tried for 30 second(s) with 500 milliseconds interval)
Build info: version: '4.37.0', revision: '3c1da1e342'
System info: os.name: 'Windows 11', os.arch: 'amd64', os.version: '10.0', java.version: '20'
Driver info: org.openqa.selenium.chrome.ChromeDriver
Capabilities {acceptInsecureCerts: false, browserName: chrome, browserVersion: 142.0.7444.176, chrome: {chromedriverVersion: 142.0.7444.175 (302067f14a4..., userDataDir: C:\Users\DELL\AppData\Local...}, fedcm:accounts: true, goog:chromeOptions: {debuggerAddress: localhost:54107}, goog:processID: 5228, networkConnectionEnabled: false, pageLoadStrategy: normal, platformName: windows, proxy: Proxy(), se:cdp: ws://localhost:54107/devtoo..., se:cdpVersion: 142.0.7444.176, setWindowRect: true, strictFileInteractability: false, timeouts: {implicit: 0, pageLoad: 300000, script: 30000}, unhandledPromptBehavior: dismiss and notify, webauthn:extension:credBlob: true, webauthn:extension:largeBlob: true, webauthn:extension:minPinLength: true, webauthn:extension:prf: true, webauthn:virtualAuthenticators: true}
Session ID: 775685091df795e4d45f14644e2af3bc
2025-11-27 21:57:07 [main] ERROR ActionDriver - Element is not visible: Expected condition failed: waiting for visibility of element located by By.xpath: //input[@name='password'] (tried for 30 second(s) with 500 milliseconds interval)
Build info: version: '4.37.0', revision: '3c1da1e342'
System info: os.name: 'Windows 11', os.arch: 'amd64', os.version: '10.0', java.version: '20'
Driver info: org.openqa.selenium.chrome.ChromeDriver
Capabilities {acceptInsecureCerts: false, browserName: chrome, browserVersion: 142.0.7444.176, chrome: {chromedriverVersion: 142.0.7444.175 (302067f14a4..., userDataDir: C:\Users\DELL\AppData\Local...}, fedcm:accounts: true, goog:chromeOptions: {debuggerAddress: localhost:54107}, goog:processID: 5228, networkConnectionEnabled: false, pageLoadStrategy: normal, platformName: windows, proxy: Proxy(), se:cdp: ws://localhost:54107/devtoo..., se:cdpVersion: 142.0.7444.176, setWindowRect: true, strictFileInteractability: false, timeouts: {implicit: 0, pageLoad: 300000, script: 30000}, unhandledPromptBehavior: dismiss and notify, webauthn:extension:credBlob: true, webauthn:extension:largeBlob: true, webauthn:extension:minPinLength: true, webauthn:extension:prf: true, webauthn:virtualAuthenticators: true}
Session ID: 775685091df795e4d45f14644e2af3bc
2025-11-27 21:57:27 [main] ERROR ActionDriver - Unable to describe the element: no such element: Unable to locate element: {"method":"xpath","selector":"//input[@name='password']"}
  (Session info: chrome=142.0.7444.176)
For documentation on this error, please visit: https://www.selenium.dev/documentation/webdriver/troubleshooting/errors#nosuchelementexception
Build info: version: '4.37.0', revision: '3c1da1e342'
System info: os.name: 'Windows 11', os.arch: 'amd64', os.version: '10.0', java.version: '20'
Driver info: org.openqa.selenium.chrome.ChromeDriver
Command: [775685091df795e4d45f14644e2af3bc, findElement {value=//input[@name='password'], using=xpath}]
Capabilities {acceptInsecureCerts: false, browserName: chrome, browserVersion: 142.0.7444.176, chrome: {chromedriverVersion: 142.0.7444.175 (302067f14a4..., userDataDir: C:\Users\DELL\AppData\Local...}, fedcm:accounts: true, goog:chromeOptions: {debuggerAddress: localhost:54107}, goog:processID: 5228, networkConnectionEnabled: false, pageLoadStrategy: normal, platformName: windows, proxy: Proxy(), se:cdp: ws://localhost:54107/devtoo..., se:cdpVersion: 142.0.7444.176, setWindowRect: true, strictFileInteractability: false, timeouts: {implicit: 0, pageLoad: 300000, script: 30000}, unhandledPromptBehavior: dismiss and notify, webauthn:extension:credBlob: true, webauthn:extension:largeBlob: true, webauthn:extension:minPinLength: true, webauthn:extension:prf: true, webauthn:virtualAuthenticators: true}
Session ID: 775685091df795e4d45f14644e2af3bc
2025-11-27 21:57:28 [main] ERROR ActionDriver - Unable to enter the text in to this field: Expected condition failed: waiting for visibility of element located by By.xpath: //input[@name='password'] (tried for 30 second(s) with 500 milliseconds interval)
Build info: version: '4.37.0', revision: '3c1da1e342'
System info: os.name: 'Windows 11', os.arch: 'amd64', os.version: '10.0', java.version: '20'
Driver info: org.openqa.selenium.chrome.ChromeDriver
Capabilities {acceptInsecureCerts: false, browserName: chrome, browserVersion: 142.0.7444.176, chrome: {chromedriverVersion: 142.0.7444.175 (302067f14a4..., userDataDir: C:\Users\DELL\AppData\Local...}, fedcm:accounts: true, goog:chromeOptions: {debuggerAddress: localhost:54107}, goog:processID: 5228, networkConnectionEnabled: false, pageLoadStrategy: normal, platformName: windows, proxy: Proxy(), se:cdp: ws://localhost:54107/devtoo..., se:cdpVersion: 142.0.7444.176, setWindowRect: true, strictFileInteractability: false, timeouts: {implicit: 0, pageLoad: 300000, script: 30000}, unhandledPromptBehavior: dismiss and notify, webauthn:extension:credBlob: true, webauthn:extension:largeBlob: true, webauthn:extension:minPinLength: true, webauthn:extension:prf: true, webauthn:virtualAuthenticators: true}
Session ID: 775685091df795e4d45f14644e2af3bc
2025-11-27 21:58:01 [main] ERROR ActionDriver - Element is not visible: Expected condition failed: waiting for visibility of element located by By.xpath: //p[contains(., "Invalid credentials")] (tried for 30 second(s) with 500 milliseconds interval)
Build info: version: '4.37.0', revision: '3c1da1e342'
System info: os.name: 'Windows 11', os.arch: 'amd64', os.version: '10.0', java.version: '20'
Driver info: org.openqa.selenium.chrome.ChromeDriver
Capabilities {acceptInsecureCerts: false, browserName: chrome, browserVersion: 142.0.7444.176, chrome: {chromedriverVersion: 142.0.7444.175 (302067f14a4..., userDataDir: C:\Users\DELL\AppData\Local...}, fedcm:accounts: true, goog:chromeOptions: {debuggerAddress: localhost:54107}, goog:processID: 5228, networkConnectionEnabled: false, pageLoadStrategy: normal, platformName: windows, proxy: Proxy(), se:cdp: ws://localhost:54107/devtoo..., se:cdpVersion: 142.0.7444.176, setWindowRect: true, strictFileInteractability: false, timeouts: {implicit: 0, pageLoad: 300000, script: 30000}, unhandledPromptBehavior: dismiss and notify, webauthn:extension:credBlob: true, webauthn:extension:largeBlob: true, webauthn:extension:minPinLength: true, webauthn:extension:prf: true, webauthn:virtualAuthenticators: true}
Session ID: 775685091df795e4d45f14644e2af3bc
2025-11-27 21:58:22 [main] ERROR ActionDriver - Unable to describe the element: no such element: Unable to locate element: {"method":"xpath","selector":"//p[contains(., "Invalid credentials")]"}
  (Session info: chrome=142.0.7444.176)
For documentation on this error, please visit: https://www.selenium.dev/documentation/webdriver/troubleshooting/errors#nosuchelementexception
Build info: version: '4.37.0', revision: '3c1da1e342'
System info: os.name: 'Windows 11', os.arch: 'amd64', os.version: '10.0', java.version: '20'
Driver info: org.openqa.selenium.chrome.ChromeDriver
Command: [775685091df795e4d45f14644e2af3bc, findElement {value=//p[contains(., "Invalid credentials")], using=xpath}]
Capabilities {acceptInsecureCerts: false, browserName: chrome, browserVersion: 142.0.7444.176, chrome: {chromedriverVersion: 142.0.7444.175 (302067f14a4..., userDataDir: C:\Users\DELL\AppData\Local...}, fedcm:accounts: true, goog:chromeOptions: {debuggerAddress: localhost:54107}, goog:processID: 5228, networkConnectionEnabled: false, pageLoadStrategy: normal, platformName: windows, proxy: Proxy(), se:cdp: ws://localhost:54107/devtoo..., se:cdpVersion: 142.0.7444.176, setWindowRect: true, strictFileInteractability: false, timeouts: {implicit: 0, pageLoad: 300000, script: 30000}, unhandledPromptBehavior: dismiss and notify, webauthn:extension:credBlob: true, webauthn:extension:largeBlob: true, webauthn:extension:minPinLength: true, webauthn:extension:prf: true, webauthn:virtualAuthenticators: true}
Session ID: 775685091df795e4d45f14644e2af3bc
2025-11-27 21:58:22 [main] ERROR ActionDriver - There an error: Expected condition failed: waiting for visibility of element located by By.xpath: //p[contains(., "Invalid credentials")] (tried for 30 second(s) with 500 milliseconds interval)
Build info: version: '4.37.0', revision: '3c1da1e342'
System info: os.name: 'Windows 11', os.arch: 'amd64', os.version: '10.0', java.version: '20'
Driver info: org.openqa.selenium.chrome.ChromeDriver
Capabilities {acceptInsecureCerts: false, browserName: chrome, browserVersion: 142.0.7444.176, chrome: {chromedriverVersion: 142.0.7444.175 (302067f14a4..., userDataDir: C:\Users\DELL\AppData\Local...}, fedcm:accounts: true, goog:chromeOptions: {debuggerAddress: localhost:54107}, goog:processID: 5228, networkConnectionEnabled: false, pageLoadStrategy: normal, platformName: windows, proxy: Proxy(), se:cdp: ws://localhost:54107/devtoo..., se:cdpVersion: 142.0.7444.176, setWindowRect: true, strictFileInteractability: false, timeouts: {implicit: 0, pageLoad: 300000, script: 30000}, unhandledPromptBehavior: dismiss and notify, webauthn:extension:credBlob: true, webauthn:extension:largeBlob: true, webauthn:extension:minPinLength: true, webauthn:extension:prf: true, webauthn:virtualAuthenticators: true}
Session ID: 775685091df795e4d45f14644e2af3bc
2025-11-27 21:58:55 [main] ERROR ActionDriver - Element is not visible: Expected condition failed: waiting for visibility of element located by By.xpath: //input[@name='username'] (tried for 30 second(s) with 500 milliseconds interval)
Build info: version: '4.37.0', revision: '3c1da1e342'
System info: os.name: 'Windows 11', os.arch: 'amd64', os.version: '10.0', java.version: '20'
Driver info: org.openqa.selenium.chrome.ChromeDriver
Capabilities {acceptInsecureCerts: false, browserName: chrome, browserVersion: 142.0.7444.176, chrome: {chromedriverVersion: 142.0.7444.175 (302067f14a4..., userDataDir: C:\Users\DELL\AppData\Local...}, fedcm:accounts: true, goog:chromeOptions: {debuggerAddress: localhost:53317}, goog:processID: 1860, networkConnectionEnabled: false, pageLoadStrategy: normal, platformName: windows, proxy: Proxy(), se:cdp: ws://localhost:53317/devtoo..., se:cdpVersion: 142.0.7444.176, setWindowRect: true, strictFileInteractability: false, timeouts: {implicit: 0, pageLoad: 300000, script: 30000}, unhandledPromptBehavior: dismiss and notify, webauthn:extension:credBlob: true, webauthn:extension:largeBlob: true, webauthn:extension:minPinLength: true, webauthn:extension:prf: true, webauthn:virtualAuthenticators: true}
Session ID: fbb46cd897f301309c65580791de0ef7
2025-11-27 21:59:16 [main] ERROR ActionDriver - Unable to describe the element: no such element: Unable to locate element: {"method":"xpath","selector":"//input[@name='username']"}
  (Session info: chrome=142.0.7444.176)
For documentation on this error, please visit: https://www.selenium.dev/documentation/webdriver/troubleshooting/errors#nosuchelementexception
Build info: version: '4.37.0', revision: '3c1da1e342'
System info: os.name: 'Windows 11', os.arch: 'amd64', os.version: '10.0', java.version: '20'
Driver info: org.openqa.selenium.chrome.ChromeDriver
Command: [fbb46cd897f301309c65580791de0ef7, findElement {value=//input[@name='username'], using=xpath}]
Capabilities {acceptInsecureCerts: false, browserName: chrome, browserVersion: 142.0.7444.176, chrome: {chromedriverVersion: 142.0.7444.175 (302067f14a4..., userDataDir: C:\Users\DELL\AppData\Local...}, fedcm:accounts: true, goog:chromeOptions: {debuggerAddress: localhost:53317}, goog:processID: 1860, networkConnectionEnabled: false, pageLoadStrategy: normal, platformName: windows, proxy: Proxy(), se:cdp: ws://localhost:53317/devtoo..., se:cdpVersion: 142.0.7444.176, setWindowRect: true, strictFileInteractability: false, timeouts: {implicit: 0, pageLoad: 300000, script: 30000}, unhandledPromptBehavior: dismiss and notify, webauthn:extension:credBlob: true, webauthn:extension:largeBlob: true, webauthn:extension:minPinLength: true, webauthn:extension:prf: true, webauthn:virtualAuthenticators: true}
Session ID: fbb46cd897f301309c65580791de0ef7
2025-11-27 21:59:16 [main] ERROR ActionDriver - Unable to enter the text in to this field: Expected condition failed: waiting for visibility of element located by By.xpath: //input[@name='username'] (tried for 30 second(s) with 500 milliseconds interval)
Build info: version: '4.37.0', revision: '3c1da1e342'
System info: os.name: 'Windows 11', os.arch: 'amd64', os.version: '10.0', java.version: '20'
Driver info: org.openqa.selenium.chrome.ChromeDriver
Capabilities {acceptInsecureCerts: false, browserName: chrome, browserVersion: 142.0.7444.176, chrome: {chromedriverVersion: 142.0.7444.175 (302067f14a4..., userDataDir: C:\Users\DELL\AppData\Local...}, fedcm:accounts: true, goog:chromeOptions: {debuggerAddress: localhost:53317}, goog:processID: 1860, networkConnectionEnabled: false, pageLoadStrategy: normal, platformName: windows, proxy: Proxy(), se:cdp: ws://localhost:53317/devtoo..., se:cdpVersion: 142.0.7444.176, setWindowRect: true, strictFileInteractability: false, timeouts: {implicit: 0, pageLoad: 300000, script: 30000}, unhandledPromptBehavior: dismiss and notify, webauthn:extension:credBlob: true, webauthn:extension:largeBlob: true, webauthn:extension:minPinLength: true, webauthn:extension:prf: true, webauthn:virtualAuthenticators: true}
Session ID: fbb46cd897f301309c65580791de0ef7
2025-11-27 21:59:48 [main] ERROR ActionDriver - Element is not visible: Expected condition failed: waiting for visibility of element located by By.xpath: //input[@name='password'] (tried for 30 second(s) with 500 milliseconds interval)
Build info: version: '4.37.0', revision: '3c1da1e342'
System info: os.name: 'Windows 11', os.arch: 'amd64', os.version: '10.0', java.version: '20'
Driver info: org.openqa.selenium.chrome.ChromeDriver
Capabilities {acceptInsecureCerts: false, browserName: chrome, browserVersion: 142.0.7444.176, chrome: {chromedriverVersion: 142.0.7444.175 (302067f14a4..., userDataDir: C:\Users\DELL\AppData\Local...}, fedcm:accounts: true, goog:chromeOptions: {debuggerAddress: localhost:53317}, goog:processID: 1860, networkConnectionEnabled: false, pageLoadStrategy: normal, platformName: windows, proxy: Proxy(), se:cdp: ws://localhost:53317/devtoo..., se:cdpVersion: 142.0.7444.176, setWindowRect: true, strictFileInteractability: false, timeouts: {implicit: 0, pageLoad: 300000, script: 30000}, unhandledPromptBehavior: dismiss and notify, webauthn:extension:credBlob: true, webauthn:extension:largeBlob: true, webauthn:extension:minPinLength: true, webauthn:extension:prf: true, webauthn:virtualAuthenticators: true}
Session ID: fbb46cd897f301309c65580791de0ef7
2025-11-27 22:00:08 [main] ERROR ActionDriver - Unable to describe the element: no such element: Unable to locate element: {"method":"xpath","selector":"//input[@name='password']"}
  (Session info: chrome=142.0.7444.176)
For documentation on this error, please visit: https://www.selenium.dev/documentation/webdriver/troubleshooting/errors#nosuchelementexception
Build info: version: '4.37.0', revision: '3c1da1e342'
System info: os.name: 'Windows 11', os.arch: 'amd64', os.version: '10.0', java.version: '20'
Driver info: org.openqa.selenium.chrome.ChromeDriver
Command: [fbb46cd897f301309c65580791de0ef7, findElement {value=//input[@name='password'], using=xpath}]
Capabilities {acceptInsecureCerts: false, browserName: chrome, browserVersion: 142.0.7444.176, chrome: {chromedriverVersion: 142.0.7444.175 (302067f14a4..., userDataDir: C:\Users\DELL\AppData\Local...}, fedcm:accounts: true, goog:chromeOptions: {debuggerAddress: localhost:53317}, goog:processID: 1860, networkConnectionEnabled: false, pageLoadStrategy: normal, platformName: windows, proxy: Proxy(), se:cdp: ws://localhost:53317/devtoo..., se:cdpVersion: 142.0.7444.176, setWindowRect: true, strictFileInteractability: false, timeouts: {implicit: 0, pageLoad: 300000, script: 30000}, unhandledPromptBehavior: dismiss and notify, webauthn:extension:credBlob: true, webauthn:extension:largeBlob: true, webauthn:extension:minPinLength: true, webauthn:extension:prf: true, webauthn:virtualAuthenticators: true}
Session ID: fbb46cd897f301309c65580791de0ef7
2025-11-27 22:00:09 [main] ERROR ActionDriver - Unable to enter the text in to this field: Expected condition failed: waiting for visibility of element located by By.xpath: //input[@name='password'] (tried for 30 second(s) with 500 milliseconds interval)
Build info: version: '4.37.0', revision: '3c1da1e342'
System info: os.name: 'Windows 11', os.arch: 'amd64', os.version: '10.0', java.version: '20'
Driver info: org.openqa.selenium.chrome.ChromeDriver
Capabilities {acceptInsecureCerts: false, browserName: chrome, browserVersion: 142.0.7444.176, chrome: {chromedriverVersion: 142.0.7444.175 (302067f14a4..., userDataDir: C:\Users\DELL\AppData\Local...}, fedcm:accounts: true, goog:chromeOptions: {debuggerAddress: localhost:53317}, goog:processID: 1860, networkConnectionEnabled: false, pageLoadStrategy: normal, platformName: windows, proxy: Proxy(), se:cdp: ws://localhost:53317/devtoo..., se:cdpVersion: 142.0.7444.176, setWindowRect: true, strictFileInteractability: false, timeouts: {implicit: 0, pageLoad: 300000, script: 30000}, unhandledPromptBehavior: dismiss and notify, webauthn:extension:credBlob: true, webauthn:extension:largeBlob: true, webauthn:extension:minPinLength: true, webauthn:extension:prf: true, webauthn:virtualAuthenticators: true}
Session ID: fbb46cd897f301309c65580791de0ef7
2025-11-27 22:00:42 [main] ERROR ActionDriver - Element is not visible: Expected condition failed: waiting for visibility of element located by By.xpath: //p[contains(., "Invalid credentials")] (tried for 30 second(s) with 500 milliseconds interval)
Build info: version: '4.37.0', revision: '3c1da1e342'
System info: os.name: 'Windows 11', os.arch: 'amd64', os.version: '10.0', java.version: '20'
Driver info: org.openqa.selenium.chrome.ChromeDriver
Capabilities {acceptInsecureCerts: false, browserName: chrome, browserVersion: 142.0.7444.176, chrome: {chromedriverVersion: 142.0.7444.175 (302067f14a4..., userDataDir: C:\Users\DELL\AppData\Local...}, fedcm:accounts: true, goog:chromeOptions: {debuggerAddress: localhost:53317}, goog:processID: 1860, networkConnectionEnabled: false, pageLoadStrategy: normal, platformName: windows, proxy: Proxy(), se:cdp: ws://localhost:53317/devtoo..., se:cdpVersion: 142.0.7444.176, setWindowRect: true, strictFileInteractability: false, timeouts: {implicit: 0, pageLoad: 300000, script: 30000}, unhandledPromptBehavior: dismiss and notify, webauthn:extension:credBlob: true, webauthn:extension:largeBlob: true, webauthn:extension:minPinLength: true, webauthn:extension:prf: true, webauthn:virtualAuthenticators: true}
Session ID: fbb46cd897f301309c65580791de0ef7
2025-11-27 22:01:02 [main] ERROR ActionDriver - Unable to describe the element: no such element: Unable to locate element: {"method":"xpath","selector":"//p[contains(., "Invalid credentials")]"}
  (Session info: chrome=142.0.7444.176)
For documentation on this error, please visit: https://www.selenium.dev/documentation/webdriver/troubleshooting/errors#nosuchelementexception
Build info: version: '4.37.0', revision: '3c1da1e342'
System info: os.name: 'Windows 11', os.arch: 'amd64', os.version: '10.0', java.version: '20'
Driver info: org.openqa.selenium.chrome.ChromeDriver
Command: [fbb46cd897f301309c65580791de0ef7, findElement {value=//p[contains(., "Invalid credentials")], using=xpath}]
Capabilities {acceptInsecureCerts: false, browserName: chrome, browserVersion: 142.0.7444.176, chrome: {chromedriverVersion: 142.0.7444.175 (302067f14a4..., userDataDir: C:\Users\DELL\AppData\Local...}, fedcm:accounts: true, goog:chromeOptions: {debuggerAddress: localhost:53317}, goog:processID: 1860, networkConnectionEnabled: false, pageLoadStrategy: normal, platformName: windows, proxy: Proxy(), se:cdp: ws://localhost:53317/devtoo..., se:cdpVersion: 142.0.7444.176, setWindowRect: true, strictFileInteractability: false, timeouts: {implicit: 0, pageLoad: 300000, script: 30000}, unhandledPromptBehavior: dismiss and notify, webauthn:extension:credBlob: true, webauthn:extension:largeBlob: true, webauthn:extension:minPinLength: true, webauthn:extension:prf: true, webauthn:virtualAuthenticators: true}
Session ID: fbb46cd897f301309c65580791de0ef7
2025-11-27 22:01:03 [main] ERROR ActionDriver - There an error: Expected condition failed: waiting for visibility of element located by By.xpath: //p[contains(., "Invalid credentials")] (tried for 30 second(s) with 500 milliseconds interval)
Build info: version: '4.37.0', revision: '3c1da1e342'
System info: os.name: 'Windows 11', os.arch: 'amd64', os.version: '10.0', java.version: '20'
Driver info: org.openqa.selenium.chrome.ChromeDriver
Capabilities {acceptInsecureCerts: false, browserName: chrome, browserVersion: 142.0.7444.176, chrome: {chromedriverVersion: 142.0.7444.175 (302067f14a4..., userDataDir: C:\Users\DELL\AppData\Local...}, fedcm:accounts: true, goog:chromeOptions: {debuggerAddress: localhost:53317}, goog:processID: 1860, networkConnectionEnabled: false, pageLoadStrategy: normal, platformName: windows, proxy: Proxy(), se:cdp: ws://localhost:53317/devtoo..., se:cdpVersion: 142.0.7444.176, setWindowRect: true, strictFileInteractability: false, timeouts: {implicit: 0, pageLoad: 300000, script: 30000}, unhandledPromptBehavior: dismiss and notify, webauthn:extension:credBlob: true, webauthn:extension:largeBlob: true, webauthn:extension:minPinLength: true, webauthn:extension:prf: true, webauthn:virtualAuthenticators: true}
Session ID: fbb46cd897f301309c65580791de0ef7
2025-11-27 22:01:36 [main] ERROR ActionDriver - Element is not visible: Expected condition failed: waiting for visibility of element located by By.xpath: //input[@name='username'] (tried for 30 second(s) with 500 milliseconds interval)
Build info: version: '4.37.0', revision: '3c1da1e342'
System info: os.name: 'Windows 11', os.arch: 'amd64', os.version: '10.0', java.version: '20'
Driver info: org.openqa.selenium.chrome.ChromeDriver
Capabilities {acceptInsecureCerts: false, browserName: chrome, browserVersion: 142.0.7444.176, chrome: {chromedriverVersion: 142.0.7444.175 (302067f14a4..., userDataDir: C:\Users\DELL\AppData\Local...}, fedcm:accounts: true, goog:chromeOptions: {debuggerAddress: localhost:51969}, goog:processID: 8492, networkConnectionEnabled: false, pageLoadStrategy: normal, platformName: windows, proxy: Proxy(), se:cdp: ws://localhost:51969/devtoo..., se:cdpVersion: 142.0.7444.176, setWindowRect: true, strictFileInteractability: false, timeouts: {implicit: 0, pageLoad: 300000, script: 30000}, unhandledPromptBehavior: dismiss and notify, webauthn:extension:credBlob: true, webauthn:extension:largeBlob: true, webauthn:extension:minPinLength: true, webauthn:extension:prf: true, webauthn:virtualAuthenticators: true}
Session ID: ff7de2a70c5bfafc1445512f942ca631
2025-11-27 22:01:56 [main] ERROR ActionDriver - Unable to describe the element: no such element: Unable to locate element: {"method":"xpath","selector":"//input[@name='username']"}
  (Session info: chrome=142.0.7444.176)
For documentation on this error, please visit: https://www.selenium.dev/documentation/webdriver/troubleshooting/errors#nosuchelementexception
Build info: version: '4.37.0', revision: '3c1da1e342'
System info: os.name: 'Windows 11', os.arch: 'amd64', os.version: '10.0', java.version: '20'
Driver info: org.openqa.selenium.chrome.ChromeDriver
Command: [ff7de2a70c5bfafc1445512f942ca631, findElement {value=//input[@name='username'], using=xpath}]
Capabilities {acceptInsecureCerts: false, browserName: chrome, browserVersion: 142.0.7444.176, chrome: {chromedriverVersion: 142.0.7444.175 (302067f14a4..., userDataDir: C:\Users\DELL\AppData\Local...}, fedcm:accounts: true, goog:chromeOptions: {debuggerAddress: localhost:51969}, goog:processID: 8492, networkConnectionEnabled: false, pageLoadStrategy: normal, platformName: windows, proxy: Proxy(), se:cdp: ws://localhost:51969/devtoo..., se:cdpVersion: 142.0.7444.176, setWindowRect: true, strictFileInteractability: false, timeouts: {implicit: 0, pageLoad: 300000, script: 30000}, unhandledPromptBehavior: dismiss and notify, webauthn:extension:credBlob: true, webauthn:extension:largeBlob: true, webauthn:extension:minPinLength: true, webauthn:extension:prf: true, webauthn:virtualAuthenticators: true}
Session ID: ff7de2a70c5bfafc1445512f942ca631
2025-11-27 22:01:57 [main] ERROR ActionDriver - Unable to enter the text in to this field: Expected condition failed: waiting for visibility of element located by By.xpath: //input[@name='username'] (tried for 30 second(s) with 500 milliseconds interval)
Build info: version: '4.37.0', revision: '3c1da1e342'
System info: os.name: 'Windows 11', os.arch: 'amd64', os.version: '10.0', java.version: '20'
Driver info: org.openqa.selenium.chrome.ChromeDriver
Capabilities {acceptInsecureCerts: false, browserName: chrome, browserVersion: 142.0.7444.176, chrome: {chromedriverVersion: 142.0.7444.175 (302067f14a4..., userDataDir: C:\Users\DELL\AppData\Local...}, fedcm:accounts: true, goog:chromeOptions: {debuggerAddress: localhost:51969}, goog:processID: 8492, networkConnectionEnabled: false, pageLoadStrategy: normal, platformName: windows, proxy: Proxy(), se:cdp: ws://localhost:51969/devtoo..., se:cdpVersion: 142.0.7444.176, setWindowRect: true, strictFileInteractability: false, timeouts: {implicit: 0, pageLoad: 300000, script: 30000}, unhandledPromptBehavior: dismiss and notify, webauthn:extension:credBlob: true, webauthn:extension:largeBlob: true, webauthn:extension:minPinLength: true, webauthn:extension:prf: true, webauthn:virtualAuthenticators: true}
Session ID: ff7de2a70c5bfafc1445512f942ca631
2025-11-27 22:02:28 [main] ERROR ActionDriver - Element is not visible: Expected condition failed: waiting for visibility of element located by By.xpath: //input[@name='password'] (tried for 30 second(s) with 500 milliseconds interval)
Build info: version: '4.37.0', revision: '3c1da1e342'
System info: os.name: 'Windows 11', os.arch: 'amd64', os.version: '10.0', java.version: '20'
Driver info: org.openqa.selenium.chrome.ChromeDriver
Capabilities {acceptInsecureCerts: false, browserName: chrome, browserVersion: 142.0.7444.176, chrome: {chromedriverVersion: 142.0.7444.175 (302067f14a4..., userDataDir: C:\Users\DELL\AppData\Local...}, fedcm:accounts: true, goog:chromeOptions: {debuggerAddress: localhost:51969}, goog:processID: 8492, networkConnectionEnabled: false, pageLoadStrategy: normal, platformName: windows, proxy: Proxy(), se:cdp: ws://localhost:51969/devtoo..., se:cdpVersion: 142.0.7444.176, setWindowRect: true, strictFileInteractability: false, timeouts: {implicit: 0, pageLoad: 300000, script: 30000}, unhandledPromptBehavior: dismiss and notify, webauthn:extension:credBlob: true, webauthn:extension:largeBlob: true, webauthn:extension:minPinLength: true, webauthn:extension:prf: true, webauthn:virtualAuthenticators: true}
Session ID: ff7de2a70c5bfafc1445512f942ca631
2025-11-27 22:02:49 [main] ERROR ActionDriver - Unable to describe the element: no such element: Unable to locate element: {"method":"xpath","selector":"//input[@name='password']"}
  (Session info: chrome=142.0.7444.176)
For documentation on this error, please visit: https://www.selenium.dev/documentation/webdriver/troubleshooting/errors#nosuchelementexception
Build info: version: '4.37.0', revision: '3c1da1e342'
System info: os.name: 'Windows 11', os.arch: 'amd64', os.version: '10.0', java.version: '20'
Driver info: org.openqa.selenium.chrome.ChromeDriver
Command: [ff7de2a70c5bfafc1445512f942ca631, findElement {value=//input[@name='password'], using=xpath}]
Capabilities {acceptInsecureCerts: false, browserName: chrome, browserVersion: 142.0.7444.176, chrome: {chromedriverVersion: 142.0.7444.175 (302067f14a4..., userDataDir: C:\Users\DELL\AppData\Local...}, fedcm:accounts: true, goog:chromeOptions: {debuggerAddress: localhost:51969}, goog:processID: 8492, networkConnectionEnabled: false, pageLoadStrategy: normal, platformName: windows, proxy: Proxy(), se:cdp: ws://localhost:51969/devtoo..., se:cdpVersion: 142.0.7444.176, setWindowRect: true, strictFileInteractability: false, timeouts: {implicit: 0, pageLoad: 300000, script: 30000}, unhandledPromptBehavior: dismiss and notify, webauthn:extension:credBlob: true, webauthn:extension:largeBlob: true, webauthn:extension:minPinLength: true, webauthn:extension:prf: true, webauthn:virtualAuthenticators: true}
Session ID: ff7de2a70c5bfafc1445512f942ca631
2025-11-27 22:02:49 [main] ERROR ActionDriver - Unable to enter the text in to this field: Expected condition failed: waiting for visibility of element located by By.xpath: //input[@name='password'] (tried for 30 second(s) with 500 milliseconds interval)
Build info: version: '4.37.0', revision: '3c1da1e342'
System info: os.name: 'Windows 11', os.arch: 'amd64', os.version: '10.0', java.version: '20'
Driver info: org.openqa.selenium.chrome.ChromeDriver
Capabilities {acceptInsecureCerts: false, browserName: chrome, browserVersion: 142.0.7444.176, chrome: {chromedriverVersion: 142.0.7444.175 (302067f14a4..., userDataDir: C:\Users\DELL\AppData\Local...}, fedcm:accounts: true, goog:chromeOptions: {debuggerAddress: localhost:51969}, goog:processID: 8492, networkConnectionEnabled: false, pageLoadStrategy: normal, platformName: windows, proxy: Proxy(), se:cdp: ws://localhost:51969/devtoo..., se:cdpVersion: 142.0.7444.176, setWindowRect: true, strictFileInteractability: false, timeouts: {implicit: 0, pageLoad: 300000, script: 30000}, unhandledPromptBehavior: dismiss and notify, webauthn:extension:credBlob: true, webauthn:extension:largeBlob: true, webauthn:extension:minPinLength: true, webauthn:extension:prf: true, webauthn:virtualAuthenticators: true}
Session ID: ff7de2a70c5bfafc1445512f942ca631
2025-11-27 22:03:22 [main] ERROR ActionDriver - Element is not visible: Expected condition failed: waiting for visibility of element located by By.xpath: //p[contains(., "Invalid credentials")] (tried for 30 second(s) with 500 milliseconds interval)
Build info: version: '4.37.0', revision: '3c1da1e342'
System info: os.name: 'Windows 11', os.arch: 'amd64', os.version: '10.0', java.version: '20'
Driver info: org.openqa.selenium.chrome.ChromeDriver
Capabilities {acceptInsecureCerts: false, browserName: chrome, browserVersion: 142.0.7444.176, chrome: {chromedriverVersion: 142.0.7444.175 (302067f14a4..., userDataDir: C:\Users\DELL\AppData\Local...}, fedcm:accounts: true, goog:chromeOptions: {debuggerAddress: localhost:51969}, goog:processID: 8492, networkConnectionEnabled: false, pageLoadStrategy: normal, platformName: windows, proxy: Proxy(), se:cdp: ws://localhost:51969/devtoo..., se:cdpVersion: 142.0.7444.176, setWindowRect: true, strictFileInteractability: false, timeouts: {implicit: 0, pageLoad: 300000, script: 30000}, unhandledPromptBehavior: dismiss and notify, webauthn:extension:credBlob: true, webauthn:extension:largeBlob: true, webauthn:extension:minPinLength: true, webauthn:extension:prf: true, webauthn:virtualAuthenticators: true}
Session ID: ff7de2a70c5bfafc1445512f942ca631
2025-11-27 22:03:43 [main] ERROR ActionDriver - Unable to describe the element: no such element: Unable to locate element: {"method":"xpath","selector":"//p[contains(., "Invalid credentials")]"}
  (Session info: chrome=142.0.7444.176)
For documentation on this error, please visit: https://www.selenium.dev/documentation/webdriver/troubleshooting/errors#nosuchelementexception
Build info: version: '4.37.0', revision: '3c1da1e342'
System info: os.name: 'Windows 11', os.arch: 'amd64', os.version: '10.0', java.version: '20'
Driver info: org.openqa.selenium.chrome.ChromeDriver
Command: [ff7de2a70c5bfafc1445512f942ca631, findElement {value=//p[contains(., "Invalid credentials")], using=xpath}]
Capabilities {acceptInsecureCerts: false, browserName: chrome, browserVersion: 142.0.7444.176, chrome: {chromedriverVersion: 142.0.7444.175 (302067f14a4..., userDataDir: C:\Users\DELL\AppData\Local...}, fedcm:accounts: true, goog:chromeOptions: {debuggerAddress: localhost:51969}, goog:processID: 8492, networkConnectionEnabled: false, pageLoadStrategy: normal, platformName: windows, proxy: Proxy(), se:cdp: ws://localhost:51969/devtoo..., se:cdpVersion: 142.0.7444.176, setWindowRect: true, strictFileInteractability: false, timeouts: {implicit: 0, pageLoad: 300000, script: 30000}, unhandledPromptBehavior: dismiss and notify, webauthn:extension:credBlob: true, webauthn:extension:largeBlob: true, webauthn:extension:minPinLength: true, webauthn:extension:prf: true, webauthn:virtualAuthenticators: true}
Session ID: ff7de2a70c5bfafc1445512f942ca631
2025-11-27 22:03:43 [main] ERROR ActionDriver - There an error: Expected condition failed: waiting for visibility of element located by By.xpath: //p[contains(., "Invalid credentials")] (tried for 30 second(s) with 500 milliseconds interval)
Build info: version: '4.37.0', revision: '3c1da1e342'
System info: os.name: 'Windows 11', os.arch: 'amd64', os.version: '10.0', java.version: '20'
Driver info: org.openqa.selenium.chrome.ChromeDriver
Capabilities {acceptInsecureCerts: false, browserName: chrome, browserVersion: 142.0.7444.176, chrome: {chromedriverVersion: 142.0.7444.175 (302067f14a4..., userDataDir: C:\Users\DELL\AppData\Local...}, fedcm:accounts: true, goog:chromeOptions: {debuggerAddress: localhost:51969}, goog:processID: 8492, networkConnectionEnabled: false, pageLoadStrategy: normal, platformName: windows, proxy: Proxy(), se:cdp: ws://localhost:51969/devtoo..., se:cdpVersion: 142.0.7444.176, setWindowRect: true, strictFileInteractability: false, timeouts: {implicit: 0, pageLoad: 300000, script: 30000}, unhandledPromptBehavior: dismiss and notify, webauthn:extension:credBlob: true, webauthn:extension:largeBlob: true, webauthn:extension:minPinLength: true, webauthn:extension:prf: true, webauthn:virtualAuthenticators: true}
Session ID: ff7de2a70c5bfafc1445512f942ca631
2025-11-27 22:04:17 [main] ERROR ActionDriver - Element is not visible: Expected condition failed: waiting for visibility of element located by By.xpath: //input[@name='username'] (tried for 30 second(s) with 500 milliseconds interval)
Build info: version: '4.37.0', revision: '3c1da1e342'
System info: os.name: 'Windows 11', os.arch: 'amd64', os.version: '10.0', java.version: '20'
Driver info: org.openqa.selenium.chrome.ChromeDriver
Capabilities {acceptInsecureCerts: false, browserName: chrome, browserVersion: 142.0.7444.176, chrome: {chromedriverVersion: 142.0.7444.175 (302067f14a4..., userDataDir: C:\Users\DELL\AppData\Local...}, fedcm:accounts: true, goog:chromeOptions: {debuggerAddress: localhost:58742}, goog:processID: 7480, networkConnectionEnabled: false, pageLoadStrategy: normal, platformName: windows, proxy: Proxy(), se:cdp: ws://localhost:58742/devtoo..., se:cdpVersion: 142.0.7444.176, setWindowRect: true, strictFileInteractability: false, timeouts: {implicit: 0, pageLoad: 300000, script: 30000}, unhandledPromptBehavior: dismiss and notify, webauthn:extension:credBlob: true, webauthn:extension:largeBlob: true, webauthn:extension:minPinLength: true, webauthn:extension:prf: true, webauthn:virtualAuthenticators: true}
Session ID: c9ee34c40c3859f889e972f038f7c4ee
2025-11-27 22:04:37 [main] ERROR ActionDriver - Unable to describe the element: no such element: Unable to locate element: {"method":"xpath","selector":"//input[@name='username']"}
  (Session info: chrome=142.0.7444.176)
For documentation on this error, please visit: https://www.selenium.dev/documentation/webdriver/troubleshooting/errors#nosuchelementexception
Build info: version: '4.37.0', revision: '3c1da1e342'
System info: os.name: 'Windows 11', os.arch: 'amd64', os.version: '10.0', java.version: '20'
Driver info: org.openqa.selenium.chrome.ChromeDriver
Command: [c9ee34c40c3859f889e972f038f7c4ee, findElement {value=//input[@name='username'], using=xpath}]
Capabilities {acceptInsecureCerts: false, browserName: chrome, browserVersion: 142.0.7444.176, chrome: {chromedriverVersion: 142.0.7444.175 (302067f14a4..., userDataDir: C:\Users\DELL\AppData\Local...}, fedcm:accounts: true, goog:chromeOptions: {debuggerAddress: localhost:58742}, goog:processID: 7480, networkConnectionEnabled: false, pageLoadStrategy: normal, platformName: windows, proxy: Proxy(), se:cdp: ws://localhost:58742/devtoo..., se:cdpVersion: 142.0.7444.176, setWindowRect: true, strictFileInteractability: false, timeouts: {implicit: 0, pageLoad: 300000, script: 30000}, unhandledPromptBehavior: dismiss and notify, webauthn:extension:credBlob: true, webauthn:extension:largeBlob: true, webauthn:extension:minPinLength: true, webauthn:extension:prf: true, webauthn:virtualAuthenticators: true}
Session ID: c9ee34c40c3859f889e972f038f7c4ee
2025-11-27 22:04:38 [main] ERROR ActionDriver - Unable to enter the text in to this field: Expected condition failed: waiting for visibility of element located by By.xpath: //input[@name='username'] (tried for 30 second(s) with 500 milliseconds interval)
Build info: version: '4.37.0', revision: '3c1da1e342'
System info: os.name: 'Windows 11', os.arch: 'amd64', os.version: '10.0', java.version: '20'
Driver info: org.openqa.selenium.chrome.ChromeDriver
Capabilities {acceptInsecureCerts: false, browserName: chrome, browserVersion: 142.0.7444.176, chrome: {chromedriverVersion: 142.0.7444.175 (302067f14a4..., userDataDir: C:\Users\DELL\AppData\Local...}, fedcm:accounts: true, goog:chromeOptions: {debuggerAddress: localhost:58742}, goog:processID: 7480, networkConnectionEnabled: false, pageLoadStrategy: normal, platformName: windows, proxy: Proxy(), se:cdp: ws://localhost:58742/devtoo..., se:cdpVersion: 142.0.7444.176, setWindowRect: true, strictFileInteractability: false, timeouts: {implicit: 0, pageLoad: 300000, script: 30000}, unhandledPromptBehavior: dismiss and notify, webauthn:extension:credBlob: true, webauthn:extension:largeBlob: true, webauthn:extension:minPinLength: true, webauthn:extension:prf: true, webauthn:virtualAuthenticators: true}
Session ID: c9ee34c40c3859f889e972f038f7c4ee
2025-11-27 22:05:09 [main] ERROR ActionDriver - Element is not visible: Expected condition failed: waiting for visibility of element located by By.xpath: //input[@name='password'] (tried for 30 second(s) with 500 milliseconds interval)
Build info: version: '4.37.0', revision: '3c1da1e342'
System info: os.name: 'Windows 11', os.arch: 'amd64', os.version: '10.0', java.version: '20'
Driver info: org.openqa.selenium.chrome.ChromeDriver
Capabilities {acceptInsecureCerts: false, browserName: chrome, browserVersion: 142.0.7444.176, chrome: {chromedriverVersion: 142.0.7444.175 (302067f14a4..., userDataDir: C:\Users\DELL\AppData\Local...}, fedcm:accounts: true, goog:chromeOptions: {debuggerAddress: localhost:58742}, goog:processID: 7480, networkConnectionEnabled: false, pageLoadStrategy: normal, platformName: windows, proxy: Proxy(), se:cdp: ws://localhost:58742/devtoo..., se:cdpVersion: 142.0.7444.176, setWindowRect: true, strictFileInteractability: false, timeouts: {implicit: 0, pageLoad: 300000, script: 30000}, unhandledPromptBehavior: dismiss and notify, webauthn:extension:credBlob: true, webauthn:extension:largeBlob: true, webauthn:extension:minPinLength: true, webauthn:extension:prf: true, webauthn:virtualAuthenticators: true}
Session ID: c9ee34c40c3859f889e972f038f7c4ee
2025-11-27 22:05:30 [main] ERROR ActionDriver - Unable to describe the element: no such element: Unable to locate element: {"method":"xpath","selector":"//input[@name='password']"}
  (Session info: chrome=142.0.7444.176)
For documentation on this error, please visit: https://www.selenium.dev/documentation/webdriver/troubleshooting/errors#nosuchelementexception
Build info: version: '4.37.0', revision: '3c1da1e342'
System info: os.name: 'Windows 11', os.arch: 'amd64', os.version: '10.0', java.version: '20'
Driver info: org.openqa.selenium.chrome.ChromeDriver
Command: [c9ee34c40c3859f889e972f038f7c4ee, findElement {value=//input[@name='password'], using=xpath}]
Capabilities {acceptInsecureCerts: false, browserName: chrome, browserVersion: 142.0.7444.176, chrome: {chromedriverVersion: 142.0.7444.175 (302067f14a4..., userDataDir: C:\Users\DELL\AppData\Local...}, fedcm:accounts: true, goog:chromeOptions: {debuggerAddress: localhost:58742}, goog:processID: 7480, networkConnectionEnabled: false, pageLoadStrategy: normal, platformName: windows, proxy: Proxy(), se:cdp: ws://localhost:58742/devtoo..., se:cdpVersion: 142.0.7444.176, setWindowRect: true, strictFileInteractability: false, timeouts: {implicit: 0, pageLoad: 300000, script: 30000}, unhandledPromptBehavior: dismiss and notify, webauthn:extension:credBlob: true, webauthn:extension:largeBlob: true, webauthn:extension:minPinLength: true, webauthn:extension:prf: true, webauthn:virtualAuthenticators: true}
Session ID: c9ee34c40c3859f889e972f038f7c4ee
2025-11-27 22:05:30 [main] ERROR ActionDriver - Unable to enter the text in to this field: Expected condition failed: waiting for visibility of element located by By.xpath: //input[@name='password'] (tried for 30 second(s) with 500 milliseconds interval)
Build info: version: '4.37.0', revision: '3c1da1e342'
System info: os.name: 'Windows 11', os.arch: 'amd64', os.version: '10.0', java.version: '20'
Driver info: org.openqa.selenium.chrome.ChromeDriver
Capabilities {acceptInsecureCerts: false, browserName: chrome, browserVersion: 142.0.7444.176, chrome: {chromedriverVersion: 142.0.7444.175 (302067f14a4..., userDataDir: C:\Users\DELL\AppData\Local...}, fedcm:accounts: true, goog:chromeOptions: {debuggerAddress: localhost:58742}, goog:processID: 7480, networkConnectionEnabled: false, pageLoadStrategy: normal, platformName: windows, proxy: Proxy(), se:cdp: ws://localhost:58742/devtoo..., se:cdpVersion: 142.0.7444.176, setWindowRect: true, strictFileInteractability: false, timeouts: {implicit: 0, pageLoad: 300000, script: 30000}, unhandledPromptBehavior: dismiss and notify, webauthn:extension:credBlob: true, webauthn:extension:largeBlob: true, webauthn:extension:minPinLength: true, webauthn:extension:prf: true, webauthn:virtualAuthenticators: true}
Session ID: c9ee34c40c3859f889e972f038f7c4ee
2025-11-27 22:06:04 [main] ERROR ActionDriver - Element is not visible: Expected condition failed: waiting for visibility of element located by By.xpath: //span[text() = 'Admin'] (tried for 30 second(s) with 500 milliseconds interval)
Build info: version: '4.37.0', revision: '3c1da1e342'
System info: os.name: 'Windows 11', os.arch: 'amd64', os.version: '10.0', java.version: '20'
Driver info: org.openqa.selenium.chrome.ChromeDriver
Capabilities {acceptInsecureCerts: false, browserName: chrome, browserVersion: 142.0.7444.176, chrome: {chromedriverVersion: 142.0.7444.175 (302067f14a4..., userDataDir: C:\Users\DELL\AppData\Local...}, fedcm:accounts: true, goog:chromeOptions: {debuggerAddress: localhost:58742}, goog:processID: 7480, networkConnectionEnabled: false, pageLoadStrategy: normal, platformName: windows, proxy: Proxy(), se:cdp: ws://localhost:58742/devtoo..., se:cdpVersion: 142.0.7444.176, setWindowRect: true, strictFileInteractability: false, timeouts: {implicit: 0, pageLoad: 300000, script: 30000}, unhandledPromptBehavior: dismiss and notify, webauthn:extension:credBlob: true, webauthn:extension:largeBlob: true, webauthn:extension:minPinLength: true, webauthn:extension:prf: true, webauthn:virtualAuthenticators: true}
Session ID: c9ee34c40c3859f889e972f038f7c4ee
2025-11-27 22:06:24 [main] ERROR ActionDriver - Unable to describe the element: no such element: Unable to locate element: {"method":"xpath","selector":"//span[text() = 'Admin']"}
  (Session info: chrome=142.0.7444.176)
For documentation on this error, please visit: https://www.selenium.dev/documentation/webdriver/troubleshooting/errors#nosuchelementexception
Build info: version: '4.37.0', revision: '3c1da1e342'
System info: os.name: 'Windows 11', os.arch: 'amd64', os.version: '10.0', java.version: '20'
Driver info: org.openqa.selenium.chrome.ChromeDriver
Command: [c9ee34c40c3859f889e972f038f7c4ee, findElement {value=//span[text() = 'Admin'], using=xpath}]
Capabilities {acceptInsecureCerts: false, browserName: chrome, browserVersion: 142.0.7444.176, chrome: {chromedriverVersion: 142.0.7444.175 (302067f14a4..., userDataDir: C:\Users\DELL\AppData\Local...}, fedcm:accounts: true, goog:chromeOptions: {debuggerAddress: localhost:58742}, goog:processID: 7480, networkConnectionEnabled: false, pageLoadStrategy: normal, platformName: windows, proxy: Proxy(), se:cdp: ws://localhost:58742/devtoo..., se:cdpVersion: 142.0.7444.176, setWindowRect: true, strictFileInteractability: false, timeouts: {implicit: 0, pageLoad: 300000, script: 30000}, unhandledPromptBehavior: dismiss and notify, webauthn:extension:credBlob: true, webauthn:extension:largeBlob: true, webauthn:extension:minPinLength: true, webauthn:extension:prf: true, webauthn:virtualAuthenticators: true}
Session ID: c9ee34c40c3859f889e972f038f7c4ee
2025-11-27 22:06:25 [main] ERROR ActionDriver - There an error: Expected condition failed: waiting for visibility of element located by By.xpath: //span[text() = 'Admin'] (tried for 30 second(s) with 500 milliseconds interval)
Build info: version: '4.37.0', revision: '3c1da1e342'
System info: os.name: 'Windows 11', os.arch: 'amd64', os.version: '10.0', java.version: '20'
Driver info: org.openqa.selenium.chrome.ChromeDriver
Capabilities {acceptInsecureCerts: false, browserName: chrome, browserVersion: 142.0.7444.176, chrome: {chromedriverVersion: 142.0.7444.175 (302067f14a4..., userDataDir: C:\Users\DELL\AppData\Local...}, fedcm:accounts: true, goog:chromeOptions: {debuggerAddress: localhost:58742}, goog:processID: 7480, networkConnectionEnabled: false, pageLoadStrategy: normal, platformName: windows, proxy: Proxy(), se:cdp: ws://localhost:58742/devtoo..., se:cdpVersion: 142.0.7444.176, setWindowRect: true, strictFileInteractability: false, timeouts: {implicit: 0, pageLoad: 300000, script: 30000}, unhandledPromptBehavior: dismiss and notify, webauthn:extension:credBlob: true, webauthn:extension:largeBlob: true, webauthn:extension:minPinLength: true, webauthn:extension:prf: true, webauthn:virtualAuthenticators: true}
Session ID: c9ee34c40c3859f889e972f038f7c4ee
2025-11-27 22:06:58 [main] ERROR ActionDriver - Element is not visible: Expected condition failed: waiting for visibility of element located by By.xpath: //input[@name='username'] (tried for 30 second(s) with 500 milliseconds interval)
Build info: version: '4.37.0', revision: '3c1da1e342'
System info: os.name: 'Windows 11', os.arch: 'amd64', os.version: '10.0', java.version: '20'
Driver info: org.openqa.selenium.chrome.ChromeDriver
Capabilities {acceptInsecureCerts: false, browserName: chrome, browserVersion: 142.0.7444.176, chrome: {chromedriverVersion: 142.0.7444.175 (302067f14a4..., userDataDir: C:\Users\DELL\AppData\Local...}, fedcm:accounts: true, goog:chromeOptions: {debuggerAddress: localhost:51318}, goog:processID: 17736, networkConnectionEnabled: false, pageLoadStrategy: normal, platformName: windows, proxy: Proxy(), se:cdp: ws://localhost:51318/devtoo..., se:cdpVersion: 142.0.7444.176, setWindowRect: true, strictFileInteractability: false, timeouts: {implicit: 0, pageLoad: 300000, script: 30000}, unhandledPromptBehavior: dismiss and notify, webauthn:extension:credBlob: true, webauthn:extension:largeBlob: true, webauthn:extension:minPinLength: true, webauthn:extension:prf: true, webauthn:virtualAuthenticators: true}
Session ID: f74b711f03e8fae04ce4b01e01f7b8c3
2025-11-29 08:42:55 [TestNG-test-OrangeHRMTest_chrome-3] ERROR ActionDriver - Element is not clickable: Expected condition failed: waiting for element to be clickable: By.xpath: /abc (tried for 30 second(s) with 500 milliseconds interval)
Build info: version: '4.37.0', revision: '3c1da1e342'
System info: os.name: 'Windows 11', os.arch: 'amd64', os.version: '10.0', java.version: '20'
Driver info: org.openqa.selenium.chrome.ChromeDriver
Capabilities {acceptInsecureCerts: false, browserName: chrome, browserVersion: 142.0.7444.176, chrome: {chromedriverVersion: 142.0.7444.175 (302067f14a4..., userDataDir: C:\Users\DELL\AppData\Local...}, fedcm:accounts: true, goog:chromeOptions: {debuggerAddress: localhost:55390}, goog:processID: 4460, networkConnectionEnabled: false, pageLoadStrategy: normal, platformName: windows, proxy: Proxy(), se:cdp: ws://localhost:55390/devtoo..., se:cdpVersion: 142.0.7444.176, setWindowRect: true, strictFileInteractability: false, timeouts: {implicit: 0, pageLoad: 300000, script: 30000}, unhandledPromptBehavior: dismiss and notify, webauthn:extension:credBlob: true, webauthn:extension:largeBlob: true, webauthn:extension:minPinLength: true, webauthn:extension:prf: true, webauthn:virtualAuthenticators: true}
Session ID: 74423928b172b6daa01d479727ecf8dd
2025-11-29 08:42:55 [TestNG-test-OrangeHRMTest_chrome-6] ERROR ActionDriver - Element is not visible: Expected condition failed: waiting for visibility of element located by By.xpath: //input[@name='username'] (tried for 30 second(s) with 500 milliseconds interval)
Build info: version: '4.37.0', revision: '3c1da1e342'
System info: os.name: 'Windows 11', os.arch: 'amd64', os.version: '10.0', java.version: '20'
Driver info: org.openqa.selenium.chrome.ChromeDriver
Capabilities {acceptInsecureCerts: false, browserName: chrome, browserVersion: 142.0.7444.176, chrome: {chromedriverVersion: 142.0.7444.175 (302067f14a4..., userDataDir: C:\Users\DELL\AppData\Local...}, fedcm:accounts: true, goog:chromeOptions: {debuggerAddress: localhost:55391}, goog:processID: 17616, networkConnectionEnabled: false, pageLoadStrategy: normal, platformName: windows, proxy: Proxy(), se:cdp: ws://localhost:55391/devtoo..., se:cdpVersion: 142.0.7444.176, setWindowRect: true, strictFileInteractability: false, timeouts: {implicit: 0, pageLoad: 300000, script: 30000}, unhandledPromptBehavior: dismiss and notify, webauthn:extension:credBlob: true, webauthn:extension:largeBlob: true, webauthn:extension:minPinLength: true, webauthn:extension:prf: true, webauthn:virtualAuthenticators: true}
Session ID: 50d7be36cdb6069da951687b3dad9452
2025-11-29 08:42:57 [TestNG-test-OrangeHRMTest_chrome-4] ERROR ActionDriver - Element is not visible: Expected condition failed: waiting for visibility of element located by By.xpath: //input[@name='username'] (tried for 30 second(s) with 500 milliseconds interval)
Build info: version: '4.37.0', revision: '3c1da1e342'
System info: os.name: 'Windows 11', os.arch: 'amd64', os.version: '10.0', java.version: '20'
Driver info: org.openqa.selenium.chrome.ChromeDriver
Capabilities {acceptInsecureCerts: false, browserName: chrome, browserVersion: 142.0.7444.176, chrome: {chromedriverVersion: 142.0.7444.175 (302067f14a4..., userDataDir: C:\Users\DELL\AppData\Local...}, fedcm:accounts: true, goog:chromeOptions: {debuggerAddress: localhost:55127}, goog:processID: 15880, networkConnectionEnabled: false, pageLoadStrategy: normal, platformName: windows, proxy: Proxy(), se:cdp: ws://localhost:55127/devtoo..., se:cdpVersion: 142.0.7444.176, setWindowRect: true, strictFileInteractability: false, timeouts: {implicit: 0, pageLoad: 300000, script: 30000}, unhandledPromptBehavior: dismiss and notify, webauthn:extension:credBlob: true, webauthn:extension:largeBlob: true, webauthn:extension:minPinLength: true, webauthn:extension:prf: true, webauthn:virtualAuthenticators: true}
Session ID: 5ad68a64ffe583d4c6a451acd582e7b8
2025-11-29 08:42:58 [TestNG-test-OrangeHRMTest_chrome-5] ERROR ActionDriver - Element is not visible: Expected condition failed: waiting for visibility of element located by By.xpath: //input[@name='username'] (tried for 30 second(s) with 500 milliseconds interval)
Build info: version: '4.37.0', revision: '3c1da1e342'
System info: os.name: 'Windows 11', os.arch: 'amd64', os.version: '10.0', java.version: '20'
Driver info: org.openqa.selenium.chrome.ChromeDriver
Capabilities {acceptInsecureCerts: false, browserName: chrome, browserVersion: 142.0.7444.176, chrome: {chromedriverVersion: 142.0.7444.175 (302067f14a4..., userDataDir: C:\Users\DELL\AppData\Local...}, fedcm:accounts: true, goog:chromeOptions: {debuggerAddress: localhost:51212}, goog:processID: 21344, networkConnectionEnabled: false, pageLoadStrategy: normal, platformName: windows, proxy: Proxy(), se:cdp: ws://localhost:51212/devtoo..., se:cdpVersion: 142.0.7444.176, setWindowRect: true, strictFileInteractability: false, timeouts: {implicit: 0, pageLoad: 300000, script: 30000}, unhandledPromptBehavior: dismiss and notify, webauthn:extension:credBlob: true, webauthn:extension:largeBlob: true, webauthn:extension:minPinLength: true, webauthn:extension:prf: true, webauthn:virtualAuthenticators: true}
Session ID: b75ddeaa88354aeeaaebf367d20916f8
2025-11-29 08:43:15 [TestNG-test-OrangeHRMTest_chrome-3] ERROR ActionDriver - Unable to describe the element: no such element: Unable to locate element: {"method":"xpath","selector":"/abc"}
  (Session info: chrome=142.0.7444.176)
For documentation on this error, please visit: https://www.selenium.dev/documentation/webdriver/troubleshooting/errors#nosuchelementexception
Build info: version: '4.37.0', revision: '3c1da1e342'
System info: os.name: 'Windows 11', os.arch: 'amd64', os.version: '10.0', java.version: '20'
Driver info: org.openqa.selenium.chrome.ChromeDriver
Command: [74423928b172b6daa01d479727ecf8dd, findElement {using=xpath, value=/abc}]
Capabilities {acceptInsecureCerts: false, browserName: chrome, browserVersion: 142.0.7444.176, chrome: {chromedriverVersion: 142.0.7444.175 (302067f14a4..., userDataDir: C:\Users\DELL\AppData\Local...}, fedcm:accounts: true, goog:chromeOptions: {debuggerAddress: localhost:55390}, goog:processID: 4460, networkConnectionEnabled: false, pageLoadStrategy: normal, platformName: windows, proxy: Proxy(), se:cdp: ws://localhost:55390/devtoo..., se:cdpVersion: 142.0.7444.176, setWindowRect: true, strictFileInteractability: false, timeouts: {implicit: 0, pageLoad: 300000, script: 30000}, unhandledPromptBehavior: dismiss and notify, webauthn:extension:credBlob: true, webauthn:extension:largeBlob: true, webauthn:extension:minPinLength: true, webauthn:extension:prf: true, webauthn:virtualAuthenticators: true}
Session ID: 74423928b172b6daa01d479727ecf8dd
2025-11-29 08:43:16 [TestNG-test-OrangeHRMTest_chrome-6] ERROR ActionDriver - Unable to describe the element: no such element: Unable to locate element: {"method":"xpath","selector":"//input[@name='username']"}
  (Session info: chrome=142.0.7444.176)
For documentation on this error, please visit: https://www.selenium.dev/documentation/webdriver/troubleshooting/errors#nosuchelementexception
Build info: version: '4.37.0', revision: '3c1da1e342'
System info: os.name: 'Windows 11', os.arch: 'amd64', os.version: '10.0', java.version: '20'
Driver info: org.openqa.selenium.chrome.ChromeDriver
Command: [50d7be36cdb6069da951687b3dad9452, findElement {using=xpath, value=//input[@name='username']}]
Capabilities {acceptInsecureCerts: false, browserName: chrome, browserVersion: 142.0.7444.176, chrome: {chromedriverVersion: 142.0.7444.175 (302067f14a4..., userDataDir: C:\Users\DELL\AppData\Local...}, fedcm:accounts: true, goog:chromeOptions: {debuggerAddress: localhost:55391}, goog:processID: 17616, networkConnectionEnabled: false, pageLoadStrategy: normal, platformName: windows, proxy: Proxy(), se:cdp: ws://localhost:55391/devtoo..., se:cdpVersion: 142.0.7444.176, setWindowRect: true, strictFileInteractability: false, timeouts: {implicit: 0, pageLoad: 300000, script: 30000}, unhandledPromptBehavior: dismiss and notify, webauthn:extension:credBlob: true, webauthn:extension:largeBlob: true, webauthn:extension:minPinLength: true, webauthn:extension:prf: true, webauthn:virtualAuthenticators: true}
Session ID: 50d7be36cdb6069da951687b3dad9452
2025-11-29 08:43:17 [TestNG-test-OrangeHRMTest_chrome-3] ERROR ActionDriver - Unable to click element: Expected condition failed: waiting for element to be clickable: By.xpath: /abc (tried for 30 second(s) with 500 milliseconds interval)
Build info: version: '4.37.0', revision: '3c1da1e342'
System info: os.name: 'Windows 11', os.arch: 'amd64', os.version: '10.0', java.version: '20'
Driver info: org.openqa.selenium.chrome.ChromeDriver
Capabilities {acceptInsecureCerts: false, browserName: chrome, browserVersion: 142.0.7444.176, chrome: {chromedriverVersion: 142.0.7444.175 (302067f14a4..., userDataDir: C:\Users\DELL\AppData\Local...}, fedcm:accounts: true, goog:chromeOptions: {debuggerAddress: localhost:55390}, goog:processID: 4460, networkConnectionEnabled: false, pageLoadStrategy: normal, platformName: windows, proxy: Proxy(), se:cdp: ws://localhost:55390/devtoo..., se:cdpVersion: 142.0.7444.176, setWindowRect: true, strictFileInteractability: false, timeouts: {implicit: 0, pageLoad: 300000, script: 30000}, unhandledPromptBehavior: dismiss and notify, webauthn:extension:credBlob: true, webauthn:extension:largeBlob: true, webauthn:extension:minPinLength: true, webauthn:extension:prf: true, webauthn:virtualAuthenticators: true}
Session ID: 74423928b172b6daa01d479727ecf8dd
2025-11-29 08:43:17 [TestNG-test-OrangeHRMTest_chrome-6] ERROR ActionDriver - Unable to enter the text in to this field: Expected condition failed: waiting for visibility of element located by By.xpath: //input[@name='username'] (tried for 30 second(s) with 500 milliseconds interval)
Build info: version: '4.37.0', revision: '3c1da1e342'
System info: os.name: 'Windows 11', os.arch: 'amd64', os.version: '10.0', java.version: '20'
Driver info: org.openqa.selenium.chrome.ChromeDriver
Capabilities {acceptInsecureCerts: false, browserName: chrome, browserVersion: 142.0.7444.176, chrome: {chromedriverVersion: 142.0.7444.175 (302067f14a4..., userDataDir: C:\Users\DELL\AppData\Local...}, fedcm:accounts: true, goog:chromeOptions: {debuggerAddress: localhost:55391}, goog:processID: 17616, networkConnectionEnabled: false, pageLoadStrategy: normal, platformName: windows, proxy: Proxy(), se:cdp: ws://localhost:55391/devtoo..., se:cdpVersion: 142.0.7444.176, setWindowRect: true, strictFileInteractability: false, timeouts: {implicit: 0, pageLoad: 300000, script: 30000}, unhandledPromptBehavior: dismiss and notify, webauthn:extension:credBlob: true, webauthn:extension:largeBlob: true, webauthn:extension:minPinLength: true, webauthn:extension:prf: true, webauthn:virtualAuthenticators: true}
Session ID: 50d7be36cdb6069da951687b3dad9452
2025-11-29 08:43:19 [TestNG-test-OrangeHRMTest_chrome-4] ERROR ActionDriver - Unable to describe the element: no such element: Unable to locate element: {"method":"xpath","selector":"//input[@name='username']"}
  (Session info: chrome=142.0.7444.176)
For documentation on this error, please visit: https://www.selenium.dev/documentation/webdriver/troubleshooting/errors#nosuchelementexception
Build info: version: '4.37.0', revision: '3c1da1e342'
System info: os.name: 'Windows 11', os.arch: 'amd64', os.version: '10.0', java.version: '20'
Driver info: org.openqa.selenium.chrome.ChromeDriver
Command: [5ad68a64ffe583d4c6a451acd582e7b8, findElement {using=xpath, value=//input[@name='username']}]
Capabilities {acceptInsecureCerts: false, browserName: chrome, browserVersion: 142.0.7444.176, chrome: {chromedriverVersion: 142.0.7444.175 (302067f14a4..., userDataDir: C:\Users\DELL\AppData\Local...}, fedcm:accounts: true, goog:chromeOptions: {debuggerAddress: localhost:55127}, goog:processID: 15880, networkConnectionEnabled: false, pageLoadStrategy: normal, platformName: windows, proxy: Proxy(), se:cdp: ws://localhost:55127/devtoo..., se:cdpVersion: 142.0.7444.176, setWindowRect: true, strictFileInteractability: false, timeouts: {implicit: 0, pageLoad: 300000, script: 30000}, unhandledPromptBehavior: dismiss and notify, webauthn:extension:credBlob: true, webauthn:extension:largeBlob: true, webauthn:extension:minPinLength: true, webauthn:extension:prf: true, webauthn:virtualAuthenticators: true}
Session ID: 5ad68a64ffe583d4c6a451acd582e7b8
2025-11-29 08:43:19 [TestNG-test-OrangeHRMTest_chrome-4] ERROR ActionDriver - Unable to enter the text in to this field: Expected condition failed: waiting for visibility of element located by By.xpath: //input[@name='username'] (tried for 30 second(s) with 500 milliseconds interval)
Build info: version: '4.37.0', revision: '3c1da1e342'
System info: os.name: 'Windows 11', os.arch: 'amd64', os.version: '10.0', java.version: '20'
Driver info: org.openqa.selenium.chrome.ChromeDriver
Capabilities {acceptInsecureCerts: false, browserName: chrome, browserVersion: 142.0.7444.176, chrome: {chromedriverVersion: 142.0.7444.175 (302067f14a4..., userDataDir: C:\Users\DELL\AppData\Local...}, fedcm:accounts: true, goog:chromeOptions: {debuggerAddress: localhost:55127}, goog:processID: 15880, networkConnectionEnabled: false, pageLoadStrategy: normal, platformName: windows, proxy: Proxy(), se:cdp: ws://localhost:55127/devtoo..., se:cdpVersion: 142.0.7444.176, setWindowRect: true, strictFileInteractability: false, timeouts: {implicit: 0, pageLoad: 300000, script: 30000}, unhandledPromptBehavior: dismiss and notify, webauthn:extension:credBlob: true, webauthn:extension:largeBlob: true, webauthn:extension:minPinLength: true, webauthn:extension:prf: true, webauthn:virtualAuthenticators: true}
Session ID: 5ad68a64ffe583d4c6a451acd582e7b8
2025-11-29 08:43:19 [TestNG-test-OrangeHRMTest_chrome-5] ERROR ActionDriver - Unable to describe the element: no such element: Unable to locate element: {"method":"xpath","selector":"//input[@name='username']"}
  (Session info: chrome=142.0.7444.176)
For documentation on this error, please visit: https://www.selenium.dev/documentation/webdriver/troubleshooting/errors#nosuchelementexception
Build info: version: '4.37.0', revision: '3c1da1e342'
System info: os.name: 'Windows 11', os.arch: 'amd64', os.version: '10.0', java.version: '20'
Driver info: org.openqa.selenium.chrome.ChromeDriver
Command: [b75ddeaa88354aeeaaebf367d20916f8, findElement {using=xpath, value=//input[@name='username']}]
Capabilities {acceptInsecureCerts: false, browserName: chrome, browserVersion: 142.0.7444.176, chrome: {chromedriverVersion: 142.0.7444.175 (302067f14a4..., userDataDir: C:\Users\DELL\AppData\Local...}, fedcm:accounts: true, goog:chromeOptions: {debuggerAddress: localhost:51212}, goog:processID: 21344, networkConnectionEnabled: false, pageLoadStrategy: normal, platformName: windows, proxy: Proxy(), se:cdp: ws://localhost:51212/devtoo..., se:cdpVersion: 142.0.7444.176, setWindowRect: true, strictFileInteractability: false, timeouts: {implicit: 0, pageLoad: 300000, script: 30000}, unhandledPromptBehavior: dismiss and notify, webauthn:extension:credBlob: true, webauthn:extension:largeBlob: true, webauthn:extension:minPinLength: true, webauthn:extension:prf: true, webauthn:virtualAuthenticators: true}
Session ID: b75ddeaa88354aeeaaebf367d20916f8
2025-11-29 08:43:20 [TestNG-test-OrangeHRMTest_chrome-5] ERROR ActionDriver - Unable to enter the text in to this field: Expected condition failed: waiting for visibility of element located by By.xpath: //input[@name='username'] (tried for 30 second(s) with 500 milliseconds interval)
Build info: version: '4.37.0', revision: '3c1da1e342'
System info: os.name: 'Windows 11', os.arch: 'amd64', os.version: '10.0', java.version: '20'
Driver info: org.openqa.selenium.chrome.ChromeDriver
Capabilities {acceptInsecureCerts: false, browserName: chrome, browserVersion: 142.0.7444.176, chrome: {chromedriverVersion: 142.0.7444.175 (302067f14a4..., userDataDir: C:\Users\DELL\AppData\Local...}, fedcm:accounts: true, goog:chromeOptions: {debuggerAddress: localhost:51212}, goog:processID: 21344, networkConnectionEnabled: false, pageLoadStrategy: normal, platformName: windows, proxy: Proxy(), se:cdp: ws://localhost:51212/devtoo..., se:cdpVersion: 142.0.7444.176, setWindowRect: true, strictFileInteractability: false, timeouts: {implicit: 0, pageLoad: 300000, script: 30000}, unhandledPromptBehavior: dismiss and notify, webauthn:extension:credBlob: true, webauthn:extension:largeBlob: true, webauthn:extension:minPinLength: true, webauthn:extension:prf: true, webauthn:virtualAuthenticators: true}
Session ID: b75ddeaa88354aeeaaebf367d20916f8
2025-11-29 08:43:49 [TestNG-test-OrangeHRMTest_chrome-6] ERROR ActionDriver - Element is not visible: Expected condition failed: waiting for visibility of element located by By.xpath: //input[@name='password'] (tried for 30 second(s) with 500 milliseconds interval)
Build info: version: '4.37.0', revision: '3c1da1e342'
System info: os.name: 'Windows 11', os.arch: 'amd64', os.version: '10.0', java.version: '20'
Driver info: org.openqa.selenium.chrome.ChromeDriver
Capabilities {acceptInsecureCerts: false, browserName: chrome, browserVersion: 142.0.7444.176, chrome: {chromedriverVersion: 142.0.7444.175 (302067f14a4..., userDataDir: C:\Users\DELL\AppData\Local...}, fedcm:accounts: true, goog:chromeOptions: {debuggerAddress: localhost:55391}, goog:processID: 17616, networkConnectionEnabled: false, pageLoadStrategy: normal, platformName: windows, proxy: Proxy(), se:cdp: ws://localhost:55391/devtoo..., se:cdpVersion: 142.0.7444.176, setWindowRect: true, strictFileInteractability: false, timeouts: {implicit: 0, pageLoad: 300000, script: 30000}, unhandledPromptBehavior: dismiss and notify, webauthn:extension:credBlob: true, webauthn:extension:largeBlob: true, webauthn:extension:minPinLength: true, webauthn:extension:prf: true, webauthn:virtualAuthenticators: true}
Session ID: 50d7be36cdb6069da951687b3dad9452
2025-11-29 08:43:52 [TestNG-test-OrangeHRMTest_chrome-4] ERROR ActionDriver - Element is not visible: Expected condition failed: waiting for visibility of element located by By.xpath: //input[@name='password'] (tried for 30 second(s) with 500 milliseconds interval)
Build info: version: '4.37.0', revision: '3c1da1e342'
System info: os.name: 'Windows 11', os.arch: 'amd64', os.version: '10.0', java.version: '20'
Driver info: org.openqa.selenium.chrome.ChromeDriver
Capabilities {acceptInsecureCerts: false, browserName: chrome, browserVersion: 142.0.7444.176, chrome: {chromedriverVersion: 142.0.7444.175 (302067f14a4..., userDataDir: C:\Users\DELL\AppData\Local...}, fedcm:accounts: true, goog:chromeOptions: {debuggerAddress: localhost:55127}, goog:processID: 15880, networkConnectionEnabled: false, pageLoadStrategy: normal, platformName: windows, proxy: Proxy(), se:cdp: ws://localhost:55127/devtoo..., se:cdpVersion: 142.0.7444.176, setWindowRect: true, strictFileInteractability: false, timeouts: {implicit: 0, pageLoad: 300000, script: 30000}, unhandledPromptBehavior: dismiss and notify, webauthn:extension:credBlob: true, webauthn:extension:largeBlob: true, webauthn:extension:minPinLength: true, webauthn:extension:prf: true, webauthn:virtualAuthenticators: true}
Session ID: 5ad68a64ffe583d4c6a451acd582e7b8
2025-11-29 08:43:52 [TestNG-test-OrangeHRMTest_chrome-5] ERROR ActionDriver - Element is not visible: Expected condition failed: waiting for visibility of element located by By.xpath: //input[@name='password'] (tried for 30 second(s) with 500 milliseconds interval)
Build info: version: '4.37.0', revision: '3c1da1e342'
System info: os.name: 'Windows 11', os.arch: 'amd64', os.version: '10.0', java.version: '20'
Driver info: org.openqa.selenium.chrome.ChromeDriver
Capabilities {acceptInsecureCerts: false, browserName: chrome, browserVersion: 142.0.7444.176, chrome: {chromedriverVersion: 142.0.7444.175 (302067f14a4..., userDataDir: C:\Users\DELL\AppData\Local...}, fedcm:accounts: true, goog:chromeOptions: {debuggerAddress: localhost:51212}, goog:processID: 21344, networkConnectionEnabled: false, pageLoadStrategy: normal, platformName: windows, proxy: Proxy(), se:cdp: ws://localhost:51212/devtoo..., se:cdpVersion: 142.0.7444.176, setWindowRect: true, strictFileInteractability: false, timeouts: {implicit: 0, pageLoad: 300000, script: 30000}, unhandledPromptBehavior: dismiss and notify, webauthn:extension:credBlob: true, webauthn:extension:largeBlob: true, webauthn:extension:minPinLength: true, webauthn:extension:prf: true, webauthn:virtualAuthenticators: true}
Session ID: b75ddeaa88354aeeaaebf367d20916f8
2025-11-29 08:44:11 [TestNG-test-OrangeHRMTest_chrome-6] ERROR ActionDriver - Unable to describe the element: no such element: Unable to locate element: {"method":"xpath","selector":"//input[@name='password']"}
  (Session info: chrome=142.0.7444.176)
For documentation on this error, please visit: https://www.selenium.dev/documentation/webdriver/troubleshooting/errors#nosuchelementexception
Build info: version: '4.37.0', revision: '3c1da1e342'
System info: os.name: 'Windows 11', os.arch: 'amd64', os.version: '10.0', java.version: '20'
Driver info: org.openqa.selenium.chrome.ChromeDriver
Command: [50d7be36cdb6069da951687b3dad9452, findElement {using=xpath, value=//input[@name='password']}]
Capabilities {acceptInsecureCerts: false, browserName: chrome, browserVersion: 142.0.7444.176, chrome: {chromedriverVersion: 142.0.7444.175 (302067f14a4..., userDataDir: C:\Users\DELL\AppData\Local...}, fedcm:accounts: true, goog:chromeOptions: {debuggerAddress: localhost:55391}, goog:processID: 17616, networkConnectionEnabled: false, pageLoadStrategy: normal, platformName: windows, proxy: Proxy(), se:cdp: ws://localhost:55391/devtoo..., se:cdpVersion: 142.0.7444.176, setWindowRect: true, strictFileInteractability: false, timeouts: {implicit: 0, pageLoad: 300000, script: 30000}, unhandledPromptBehavior: dismiss and notify, webauthn:extension:credBlob: true, webauthn:extension:largeBlob: true, webauthn:extension:minPinLength: true, webauthn:extension:prf: true, webauthn:virtualAuthenticators: true}
Session ID: 50d7be36cdb6069da951687b3dad9452
2025-11-29 08:44:11 [TestNG-test-OrangeHRMTest_chrome-6] ERROR ActionDriver - Unable to enter the text in to this field: Expected condition failed: waiting for visibility of element located by By.xpath: //input[@name='password'] (tried for 30 second(s) with 500 milliseconds interval)
Build info: version: '4.37.0', revision: '3c1da1e342'
System info: os.name: 'Windows 11', os.arch: 'amd64', os.version: '10.0', java.version: '20'
Driver info: org.openqa.selenium.chrome.ChromeDriver
Capabilities {acceptInsecureCerts: false, browserName: chrome, browserVersion: 142.0.7444.176, chrome: {chromedriverVersion: 142.0.7444.175 (302067f14a4..., userDataDir: C:\Users\DELL\AppData\Local...}, fedcm:accounts: true, goog:chromeOptions: {debuggerAddress: localhost:55391}, goog:processID: 17616, networkConnectionEnabled: false, pageLoadStrategy: normal, platformName: windows, proxy: Proxy(), se:cdp: ws://localhost:55391/devtoo..., se:cdpVersion: 142.0.7444.176, setWindowRect: true, strictFileInteractability: false, timeouts: {implicit: 0, pageLoad: 300000, script: 30000}, unhandledPromptBehavior: dismiss and notify, webauthn:extension:credBlob: true, webauthn:extension:largeBlob: true, webauthn:extension:minPinLength: true, webauthn:extension:prf: true, webauthn:virtualAuthenticators: true}
Session ID: 50d7be36cdb6069da951687b3dad9452
2025-11-29 08:44:12 [TestNG-test-OrangeHRMTest_chrome-4] ERROR ActionDriver - Unable to describe the element: no such element: Unable to locate element: {"method":"xpath","selector":"//input[@name='password']"}
  (Session info: chrome=142.0.7444.176)
For documentation on this error, please visit: https://www.selenium.dev/documentation/webdriver/troubleshooting/errors#nosuchelementexception
Build info: version: '4.37.0', revision: '3c1da1e342'
System info: os.name: 'Windows 11', os.arch: 'amd64', os.version: '10.0', java.version: '20'
Driver info: org.openqa.selenium.chrome.ChromeDriver
Command: [5ad68a64ffe583d4c6a451acd582e7b8, findElement {using=xpath, value=//input[@name='password']}]
Capabilities {acceptInsecureCerts: false, browserName: chrome, browserVersion: 142.0.7444.176, chrome: {chromedriverVersion: 142.0.7444.175 (302067f14a4..., userDataDir: C:\Users\DELL\AppData\Local...}, fedcm:accounts: true, goog:chromeOptions: {debuggerAddress: localhost:55127}, goog:processID: 15880, networkConnectionEnabled: false, pageLoadStrategy: normal, platformName: windows, proxy: Proxy(), se:cdp: ws://localhost:55127/devtoo..., se:cdpVersion: 142.0.7444.176, setWindowRect: true, strictFileInteractability: false, timeouts: {implicit: 0, pageLoad: 300000, script: 30000}, unhandledPromptBehavior: dismiss and notify, webauthn:extension:credBlob: true, webauthn:extension:largeBlob: true, webauthn:extension:minPinLength: true, webauthn:extension:prf: true, webauthn:virtualAuthenticators: true}
Session ID: 5ad68a64ffe583d4c6a451acd582e7b8
2025-11-29 08:44:13 [TestNG-test-OrangeHRMTest_chrome-5] ERROR ActionDriver - Unable to describe the element: no such element: Unable to locate element: {"method":"xpath","selector":"//input[@name='password']"}
  (Session info: chrome=142.0.7444.176)
For documentation on this error, please visit: https://www.selenium.dev/documentation/webdriver/troubleshooting/errors#nosuchelementexception
Build info: version: '4.37.0', revision: '3c1da1e342'
System info: os.name: 'Windows 11', os.arch: 'amd64', os.version: '10.0', java.version: '20'
Driver info: org.openqa.selenium.chrome.ChromeDriver
Command: [b75ddeaa88354aeeaaebf367d20916f8, findElement {using=xpath, value=//input[@name='password']}]
Capabilities {acceptInsecureCerts: false, browserName: chrome, browserVersion: 142.0.7444.176, chrome: {chromedriverVersion: 142.0.7444.175 (302067f14a4..., userDataDir: C:\Users\DELL\AppData\Local...}, fedcm:accounts: true, goog:chromeOptions: {debuggerAddress: localhost:51212}, goog:processID: 21344, networkConnectionEnabled: false, pageLoadStrategy: normal, platformName: windows, proxy: Proxy(), se:cdp: ws://localhost:51212/devtoo..., se:cdpVersion: 142.0.7444.176, setWindowRect: true, strictFileInteractability: false, timeouts: {implicit: 0, pageLoad: 300000, script: 30000}, unhandledPromptBehavior: dismiss and notify, webauthn:extension:credBlob: true, webauthn:extension:largeBlob: true, webauthn:extension:minPinLength: true, webauthn:extension:prf: true, webauthn:virtualAuthenticators: true}
Session ID: b75ddeaa88354aeeaaebf367d20916f8
2025-11-29 08:44:13 [TestNG-test-OrangeHRMTest_chrome-4] ERROR ActionDriver - Unable to enter the text in to this field: Expected condition failed: waiting for visibility of element located by By.xpath: //input[@name='password'] (tried for 30 second(s) with 500 milliseconds interval)
Build info: version: '4.37.0', revision: '3c1da1e342'
System info: os.name: 'Windows 11', os.arch: 'amd64', os.version: '10.0', java.version: '20'
Driver info: org.openqa.selenium.chrome.ChromeDriver
Capabilities {acceptInsecureCerts: false, browserName: chrome, browserVersion: 142.0.7444.176, chrome: {chromedriverVersion: 142.0.7444.175 (302067f14a4..., userDataDir: C:\Users\DELL\AppData\Local...}, fedcm:accounts: true, goog:chromeOptions: {debuggerAddress: localhost:55127}, goog:processID: 15880, networkConnectionEnabled: false, pageLoadStrategy: normal, platformName: windows, proxy: Proxy(), se:cdp: ws://localhost:55127/devtoo..., se:cdpVersion: 142.0.7444.176, setWindowRect: true, strictFileInteractability: false, timeouts: {implicit: 0, pageLoad: 300000, script: 30000}, unhandledPromptBehavior: dismiss and notify, webauthn:extension:credBlob: true, webauthn:extension:largeBlob: true, webauthn:extension:minPinLength: true, webauthn:extension:prf: true, webauthn:virtualAuthenticators: true}
Session ID: 5ad68a64ffe583d4c6a451acd582e7b8
2025-11-29 08:44:14 [TestNG-test-OrangeHRMTest_chrome-5] ERROR ActionDriver - Unable to enter the text in to this field: Expected condition failed: waiting for visibility of element located by By.xpath: //input[@name='password'] (tried for 30 second(s) with 500 milliseconds interval)
Build info: version: '4.37.0', revision: '3c1da1e342'
System info: os.name: 'Windows 11', os.arch: 'amd64', os.version: '10.0', java.version: '20'
Driver info: org.openqa.selenium.chrome.ChromeDriver
Capabilities {acceptInsecureCerts: false, browserName: chrome, browserVersion: 142.0.7444.176, chrome: {chromedriverVersion: 142.0.7444.175 (302067f14a4..., userDataDir: C:\Users\DELL\AppData\Local...}, fedcm:accounts: true, goog:chromeOptions: {debuggerAddress: localhost:51212}, goog:processID: 21344, networkConnectionEnabled: false, pageLoadStrategy: normal, platformName: windows, proxy: Proxy(), se:cdp: ws://localhost:51212/devtoo..., se:cdpVersion: 142.0.7444.176, setWindowRect: true, strictFileInteractability: false, timeouts: {implicit: 0, pageLoad: 300000, script: 30000}, unhandledPromptBehavior: dismiss and notify, webauthn:extension:credBlob: true, webauthn:extension:largeBlob: true, webauthn:extension:minPinLength: true, webauthn:extension:prf: true, webauthn:virtualAuthenticators: true}
Session ID: b75ddeaa88354aeeaaebf367d20916f8
2025-11-29 08:44:46 [TestNG-test-OrangeHRMTest_chrome-6] ERROR ActionDriver - Element is not visible: Expected condition failed: waiting for visibility of element located by By.xpath: //div[@class='oxd-brand-banner']/img (tried for 30 second(s) with 500 milliseconds interval)
Build info: version: '4.37.0', revision: '3c1da1e342'
System info: os.name: 'Windows 11', os.arch: 'amd64', os.version: '10.0', java.version: '20'
Driver info: org.openqa.selenium.chrome.ChromeDriver
Capabilities {acceptInsecureCerts: false, browserName: chrome, browserVersion: 142.0.7444.176, chrome: {chromedriverVersion: 142.0.7444.175 (302067f14a4..., userDataDir: C:\Users\DELL\AppData\Local...}, fedcm:accounts: true, goog:chromeOptions: {debuggerAddress: localhost:55391}, goog:processID: 17616, networkConnectionEnabled: false, pageLoadStrategy: normal, platformName: windows, proxy: Proxy(), se:cdp: ws://localhost:55391/devtoo..., se:cdpVersion: 142.0.7444.176, setWindowRect: true, strictFileInteractability: false, timeouts: {implicit: 0, pageLoad: 300000, script: 30000}, unhandledPromptBehavior: dismiss and notify, webauthn:extension:credBlob: true, webauthn:extension:largeBlob: true, webauthn:extension:minPinLength: true, webauthn:extension:prf: true, webauthn:virtualAuthenticators: true}
Session ID: 50d7be36cdb6069da951687b3dad9452
2025-11-29 08:44:49 [TestNG-test-OrangeHRMTest_chrome-4] ERROR ActionDriver - Element is not visible: Expected condition failed: waiting for visibility of element located by By.xpath: //p[contains(., "Invalid credentials")] (tried for 30 second(s) with 500 milliseconds interval)
Build info: version: '4.37.0', revision: '3c1da1e342'
System info: os.name: 'Windows 11', os.arch: 'amd64', os.version: '10.0', java.version: '20'
Driver info: org.openqa.selenium.chrome.ChromeDriver
Capabilities {acceptInsecureCerts: false, browserName: chrome, browserVersion: 142.0.7444.176, chrome: {chromedriverVersion: 142.0.7444.175 (302067f14a4..., userDataDir: C:\Users\DELL\AppData\Local...}, fedcm:accounts: true, goog:chromeOptions: {debuggerAddress: localhost:51212}, goog:processID: 21344, networkConnectionEnabled: false, pageLoadStrategy: normal, platformName: windows, proxy: Proxy(), se:cdp: ws://localhost:51212/devtoo..., se:cdpVersion: 142.0.7444.176, setWindowRect: true, strictFileInteractability: false, timeouts: {implicit: 0, pageLoad: 300000, script: 30000}, unhandledPromptBehavior: dismiss and notify, webauthn:extension:credBlob: true, webauthn:extension:largeBlob: true, webauthn:extension:minPinLength: true, webauthn:extension:prf: true, webauthn:virtualAuthenticators: true}
Session ID: b75ddeaa88354aeeaaebf367d20916f8
2025-11-29 08:44:59 [TestNG-test-OrangeHRMTest_chrome-5] ERROR ActionDriver - Element is not visible: Expected condition failed: waiting for visibility of element located by By.xpath: //span[text() = 'Admin'] (tried for 30 second(s) with 500 milliseconds interval)
Build info: version: '4.37.0', revision: '3c1da1e342'
System info: os.name: 'Windows 11', os.arch: 'amd64', os.version: '10.0', java.version: '20'
Driver info: org.openqa.selenium.chrome.ChromeDriver
Capabilities {acceptInsecureCerts: false, browserName: chrome, browserVersion: 142.0.7444.176, chrome: {chromedriverVersion: 142.0.7444.175 (302067f14a4..., userDataDir: C:\Users\DELL\AppData\Local...}, fedcm:accounts: true, goog:chromeOptions: {debuggerAddress: localhost:51212}, goog:processID: 21344, networkConnectionEnabled: false, pageLoadStrategy: normal, platformName: windows, proxy: Proxy(), se:cdp: ws://localhost:51212/devtoo..., se:cdpVersion: 142.0.7444.176, setWindowRect: true, strictFileInteractability: false, timeouts: {implicit: 0, pageLoad: 300000, script: 30000}, unhandledPromptBehavior: dismiss and notify, webauthn:extension:credBlob: true, webauthn:extension:largeBlob: true, webauthn:extension:minPinLength: true, webauthn:extension:prf: true, webauthn:virtualAuthenticators: true}
Session ID: b75ddeaa88354aeeaaebf367d20916f8
2025-11-29 08:45:07 [TestNG-test-OrangeHRMTest_chrome-6] ERROR ActionDriver - Unable to describe the element: no such element: Unable to locate element: {"method":"xpath","selector":"//div[@class='oxd-brand-banner']/img"}
  (Session info: chrome=142.0.7444.176)
For documentation on this error, please visit: https://www.selenium.dev/documentation/webdriver/troubleshooting/errors#nosuchelementexception
Build info: version: '4.37.0', revision: '3c1da1e342'
System info: os.name: 'Windows 11', os.arch: 'amd64', os.version: '10.0', java.version: '20'
Driver info: org.openqa.selenium.chrome.ChromeDriver
Command: [50d7be36cdb6069da951687b3dad9452, findElement {using=xpath, value=//div[@class='oxd-brand-banner']/img}]
Capabilities {acceptInsecureCerts: false, browserName: chrome, browserVersion: 142.0.7444.176, chrome: {chromedriverVersion: 142.0.7444.175 (302067f14a4..., userDataDir: C:\Users\DELL\AppData\Local...}, fedcm:accounts: true, goog:chromeOptions: {debuggerAddress: localhost:55391}, goog:processID: 17616, networkConnectionEnabled: false, pageLoadStrategy: normal, platformName: windows, proxy: Proxy(), se:cdp: ws://localhost:55391/devtoo..., se:cdpVersion: 142.0.7444.176, setWindowRect: true, strictFileInteractability: false, timeouts: {implicit: 0, pageLoad: 300000, script: 30000}, unhandledPromptBehavior: dismiss and notify, webauthn:extension:credBlob: true, webauthn:extension:largeBlob: true, webauthn:extension:minPinLength: true, webauthn:extension:prf: true, webauthn:virtualAuthenticators: true}
Session ID: 50d7be36cdb6069da951687b3dad9452
2025-11-29 08:45:08 [TestNG-test-OrangeHRMTest_chrome-6] ERROR ActionDriver - There an error: Expected condition failed: waiting for visibility of element located by By.xpath: //div[@class='oxd-brand-banner']/img (tried for 30 second(s) with 500 milliseconds interval)
Build info: version: '4.37.0', revision: '3c1da1e342'
System info: os.name: 'Windows 11', os.arch: 'amd64', os.version: '10.0', java.version: '20'
Driver info: org.openqa.selenium.chrome.ChromeDriver
Capabilities {acceptInsecureCerts: false, browserName: chrome, browserVersion: 142.0.7444.176, chrome: {chromedriverVersion: 142.0.7444.175 (302067f14a4..., userDataDir: C:\Users\DELL\AppData\Local...}, fedcm:accounts: true, goog:chromeOptions: {debuggerAddress: localhost:55391}, goog:processID: 17616, networkConnectionEnabled: false, pageLoadStrategy: normal, platformName: windows, proxy: Proxy(), se:cdp: ws://localhost:55391/devtoo..., se:cdpVersion: 142.0.7444.176, setWindowRect: true, strictFileInteractability: false, timeouts: {implicit: 0, pageLoad: 300000, script: 30000}, unhandledPromptBehavior: dismiss and notify, webauthn:extension:credBlob: true, webauthn:extension:largeBlob: true, webauthn:extension:minPinLength: true, webauthn:extension:prf: true, webauthn:virtualAuthenticators: true}
Session ID: 50d7be36cdb6069da951687b3dad9452
2025-11-29 08:45:19 [TestNG-test-OrangeHRMTest_chrome-4] ERROR ActionDriver - Unable to describe the element: no such element: Unable to locate element: {"method":"xpath","selector":"//p[contains(., "Invalid credentials")]"}
  (Session info: chrome=142.0.7444.176)
For documentation on this error, please visit: https://www.selenium.dev/documentation/webdriver/troubleshooting/errors#nosuchelementexception
Build info: version: '4.37.0', revision: '3c1da1e342'
System info: os.name: 'Windows 11', os.arch: 'amd64', os.version: '10.0', java.version: '20'
Driver info: org.openqa.selenium.chrome.ChromeDriver
Command: [b75ddeaa88354aeeaaebf367d20916f8, findElement {using=xpath, value=//p[contains(., "Invalid credentials")]}]
Capabilities {acceptInsecureCerts: false, browserName: chrome, browserVersion: 142.0.7444.176, chrome: {chromedriverVersion: 142.0.7444.175 (302067f14a4..., userDataDir: C:\Users\DELL\AppData\Local...}, fedcm:accounts: true, goog:chromeOptions: {debuggerAddress: localhost:51212}, goog:processID: 21344, networkConnectionEnabled: false, pageLoadStrategy: normal, platformName: windows, proxy: Proxy(), se:cdp: ws://localhost:51212/devtoo..., se:cdpVersion: 142.0.7444.176, setWindowRect: true, strictFileInteractability: false, timeouts: {implicit: 0, pageLoad: 300000, script: 30000}, unhandledPromptBehavior: dismiss and notify, webauthn:extension:credBlob: true, webauthn:extension:largeBlob: true, webauthn:extension:minPinLength: true, webauthn:extension:prf: true, webauthn:virtualAuthenticators: true}
Session ID: b75ddeaa88354aeeaaebf367d20916f8
2025-11-29 08:45:20 [TestNG-test-OrangeHRMTest_chrome-4] ERROR ActionDriver - There an error: Expected condition failed: waiting for visibility of element located by By.xpath: //p[contains(., "Invalid credentials")] (tried for 30 second(s) with 500 milliseconds interval)
Build info: version: '4.37.0', revision: '3c1da1e342'
System info: os.name: 'Windows 11', os.arch: 'amd64', os.version: '10.0', java.version: '20'
Driver info: org.openqa.selenium.chrome.ChromeDriver
Capabilities {acceptInsecureCerts: false, browserName: chrome, browserVersion: 142.0.7444.176, chrome: {chromedriverVersion: 142.0.7444.175 (302067f14a4..., userDataDir: C:\Users\DELL\AppData\Local...}, fedcm:accounts: true, goog:chromeOptions: {debuggerAddress: localhost:51212}, goog:processID: 21344, networkConnectionEnabled: false, pageLoadStrategy: normal, platformName: windows, proxy: Proxy(), se:cdp: ws://localhost:51212/devtoo..., se:cdpVersion: 142.0.7444.176, setWindowRect: true, strictFileInteractability: false, timeouts: {implicit: 0, pageLoad: 300000, script: 30000}, unhandledPromptBehavior: dismiss and notify, webauthn:extension:credBlob: true, webauthn:extension:largeBlob: true, webauthn:extension:minPinLength: true, webauthn:extension:prf: true, webauthn:virtualAuthenticators: true}
Session ID: b75ddeaa88354aeeaaebf367d20916f8
2025-11-29 08:45:39 [TestNG-test-OrangeHRMTest_chrome-5] ERROR ActionDriver - Unable to describe the element: no such element: Unable to locate element: {"method":"xpath","selector":"//span[text() = 'Admin']"}
  (Session info: chrome=142.0.7444.176)
For documentation on this error, please visit: https://www.selenium.dev/documentation/webdriver/troubleshooting/errors#nosuchelementexception
Build info: version: '4.37.0', revision: '3c1da1e342'
System info: os.name: 'Windows 11', os.arch: 'amd64', os.version: '10.0', java.version: '20'
Driver info: org.openqa.selenium.chrome.ChromeDriver
Command: [b75ddeaa88354aeeaaebf367d20916f8, findElement {using=xpath, value=//span[text() = 'Admin']}]
Capabilities {acceptInsecureCerts: false, browserName: chrome, browserVersion: 142.0.7444.176, chrome: {chromedriverVersion: 142.0.7444.175 (302067f14a4..., userDataDir: C:\Users\DELL\AppData\Local...}, fedcm:accounts: true, goog:chromeOptions: {debuggerAddress: localhost:51212}, goog:processID: 21344, networkConnectionEnabled: false, pageLoadStrategy: normal, platformName: windows, proxy: Proxy(), se:cdp: ws://localhost:51212/devtoo..., se:cdpVersion: 142.0.7444.176, setWindowRect: true, strictFileInteractability: false, timeouts: {implicit: 0, pageLoad: 300000, script: 30000}, unhandledPromptBehavior: dismiss and notify, webauthn:extension:credBlob: true, webauthn:extension:largeBlob: true, webauthn:extension:minPinLength: true, webauthn:extension:prf: true, webauthn:virtualAuthenticators: true}
Session ID: b75ddeaa88354aeeaaebf367d20916f8
2025-11-29 08:45:40 [TestNG-test-OrangeHRMTest_chrome-5] ERROR ActionDriver - There an error: Expected condition failed: waiting for visibility of element located by By.xpath: //span[text() = 'Admin'] (tried for 30 second(s) with 500 milliseconds interval)
Build info: version: '4.37.0', revision: '3c1da1e342'
System info: os.name: 'Windows 11', os.arch: 'amd64', os.version: '10.0', java.version: '20'
Driver info: org.openqa.selenium.chrome.ChromeDriver
Capabilities {acceptInsecureCerts: false, browserName: chrome, browserVersion: 142.0.7444.176, chrome: {chromedriverVersion: 142.0.7444.175 (302067f14a4..., userDataDir: C:\Users\DELL\AppData\Local...}, fedcm:accounts: true, goog:chromeOptions: {debuggerAddress: localhost:51212}, goog:processID: 21344, networkConnectionEnabled: false, pageLoadStrategy: normal, platformName: windows, proxy: Proxy(), se:cdp: ws://localhost:51212/devtoo..., se:cdpVersion: 142.0.7444.176, setWindowRect: true, strictFileInteractability: false, timeouts: {implicit: 0, pageLoad: 300000, script: 30000}, unhandledPromptBehavior: dismiss and notify, webauthn:extension:credBlob: true, webauthn:extension:largeBlob: true, webauthn:extension:minPinLength: true, webauthn:extension:prf: true, webauthn:virtualAuthenticators: true}
Session ID: b75ddeaa88354aeeaaebf367d20916f8
2025-11-29 08:45:42 [TestNG-test-OrangeHRMTest_chrome-6] ERROR ActionDriver - Element is not visible: Expected condition failed: waiting for visibility of element located by By.xpath: //input[@name='username'] (tried for 30 second(s) with 500 milliseconds interval)
Build info: version: '4.37.0', revision: '3c1da1e342'
System info: os.name: 'Windows 11', os.arch: 'amd64', os.version: '10.0', java.version: '20'
Driver info: org.openqa.selenium.chrome.ChromeDriver
Capabilities {acceptInsecureCerts: false, browserName: chrome, browserVersion: 142.0.7444.176, chrome: {chromedriverVersion: 142.0.7444.175 (302067f14a4..., userDataDir: C:\Users\DELL\AppData\Local...}, fedcm:accounts: true, goog:chromeOptions: {debuggerAddress: localhost:57120}, goog:processID: 13808, networkConnectionEnabled: false, pageLoadStrategy: normal, platformName: windows, proxy: Proxy(), se:cdp: ws://localhost:57120/devtoo..., se:cdpVersion: 142.0.7444.176, setWindowRect: true, strictFileInteractability: false, timeouts: {implicit: 0, pageLoad: 300000, script: 30000}, unhandledPromptBehavior: dismiss and notify, webauthn:extension:credBlob: true, webauthn:extension:largeBlob: true, webauthn:extension:minPinLength: true, webauthn:extension:prf: true, webauthn:virtualAuthenticators: true}
Session ID: 0e1e959fbfa7cae733bdf0ba49d6ca5a
2025-11-29 08:45:53 [TestNG-test-OrangeHRMTest_chrome-4] ERROR ActionDriver - Element is not visible: Expected condition failed: waiting for visibility of element located by By.xpath: //input[@name='username'] (tried for 30 second(s) with 500 milliseconds interval)
Build info: version: '4.37.0', revision: '3c1da1e342'
System info: os.name: 'Windows 11', os.arch: 'amd64', os.version: '10.0', java.version: '20'
Driver info: org.openqa.selenium.chrome.ChromeDriver
Capabilities {acceptInsecureCerts: false, browserName: chrome, browserVersion: 142.0.7444.176, chrome: {chromedriverVersion: 142.0.7444.175 (302067f14a4..., userDataDir: C:\Users\DELL\AppData\Local...}, fedcm:accounts: true, goog:chromeOptions: {debuggerAddress: localhost:51846}, goog:processID: 20944, networkConnectionEnabled: false, pageLoadStrategy: normal, platformName: windows, proxy: Proxy(), se:cdp: ws://localhost:51846/devtoo..., se:cdpVersion: 142.0.7444.176, setWindowRect: true, strictFileInteractability: false, timeouts: {implicit: 0, pageLoad: 300000, script: 30000}, unhandledPromptBehavior: dismiss and notify, webauthn:extension:credBlob: true, webauthn:extension:largeBlob: true, webauthn:extension:minPinLength: true, webauthn:extension:prf: true, webauthn:virtualAuthenticators: true}
Session ID: 1bed042648e15c41bac5e6d1fc1d0835
2025-11-29 08:46:03 [TestNG-test-OrangeHRMTest_chrome-6] ERROR ActionDriver - Unable to describe the element: no such element: Unable to locate element: {"method":"xpath","selector":"//input[@name='username']"}
  (Session info: chrome=142.0.7444.176)
For documentation on this error, please visit: https://www.selenium.dev/documentation/webdriver/troubleshooting/errors#nosuchelementexception
Build info: version: '4.37.0', revision: '3c1da1e342'
System info: os.name: 'Windows 11', os.arch: 'amd64', os.version: '10.0', java.version: '20'
Driver info: org.openqa.selenium.chrome.ChromeDriver
Command: [0e1e959fbfa7cae733bdf0ba49d6ca5a, findElement {using=xpath, value=//input[@name='username']}]
Capabilities {acceptInsecureCerts: false, browserName: chrome, browserVersion: 142.0.7444.176, chrome: {chromedriverVersion: 142.0.7444.175 (302067f14a4..., userDataDir: C:\Users\DELL\AppData\Local...}, fedcm:accounts: true, goog:chromeOptions: {debuggerAddress: localhost:57120}, goog:processID: 13808, networkConnectionEnabled: false, pageLoadStrategy: normal, platformName: windows, proxy: Proxy(), se:cdp: ws://localhost:57120/devtoo..., se:cdpVersion: 142.0.7444.176, setWindowRect: true, strictFileInteractability: false, timeouts: {implicit: 0, pageLoad: 300000, script: 30000}, unhandledPromptBehavior: dismiss and notify, webauthn:extension:credBlob: true, webauthn:extension:largeBlob: true, webauthn:extension:minPinLength: true, webauthn:extension:prf: true, webauthn:virtualAuthenticators: true}
Session ID: 0e1e959fbfa7cae733bdf0ba49d6ca5a
2025-11-29 08:46:03 [TestNG-test-OrangeHRMTest_chrome-6] ERROR ActionDriver - Unable to enter the text in to this field: Expected condition failed: waiting for visibility of element located by By.xpath: //input[@name='username'] (tried for 30 second(s) with 500 milliseconds interval)
Build info: version: '4.37.0', revision: '3c1da1e342'
System info: os.name: 'Windows 11', os.arch: 'amd64', os.version: '10.0', java.version: '20'
Driver info: org.openqa.selenium.chrome.ChromeDriver
Capabilities {acceptInsecureCerts: false, browserName: chrome, browserVersion: 142.0.7444.176, chrome: {chromedriverVersion: 142.0.7444.175 (302067f14a4..., userDataDir: C:\Users\DELL\AppData\Local...}, fedcm:accounts: true, goog:chromeOptions: {debuggerAddress: localhost:57120}, goog:processID: 13808, networkConnectionEnabled: false, pageLoadStrategy: normal, platformName: windows, proxy: Proxy(), se:cdp: ws://localhost:57120/devtoo..., se:cdpVersion: 142.0.7444.176, setWindowRect: true, strictFileInteractability: false, timeouts: {implicit: 0, pageLoad: 300000, script: 30000}, unhandledPromptBehavior: dismiss and notify, webauthn:extension:credBlob: true, webauthn:extension:largeBlob: true, webauthn:extension:minPinLength: true, webauthn:extension:prf: true, webauthn:virtualAuthenticators: true}
Session ID: 0e1e959fbfa7cae733bdf0ba49d6ca5a
2025-11-29 08:46:13 [TestNG-test-OrangeHRMTest_chrome-5] ERROR ActionDriver - Element is not visible: Expected condition failed: waiting for visibility of element located by By.xpath: //input[@name='username'] (tried for 30 second(s) with 500 milliseconds interval)
Build info: version: '4.37.0', revision: '3c1da1e342'
System info: os.name: 'Windows 11', os.arch: 'amd64', os.version: '10.0', java.version: '20'
Driver info: org.openqa.selenium.chrome.ChromeDriver
Capabilities {acceptInsecureCerts: false, browserName: chrome, browserVersion: 142.0.7444.176, chrome: {chromedriverVersion: 142.0.7444.175 (302067f14a4..., userDataDir: C:\Users\DELL\AppData\Local...}, fedcm:accounts: true, goog:chromeOptions: {debuggerAddress: localhost:55861}, goog:processID: 6392, networkConnectionEnabled: false, pageLoadStrategy: normal, platformName: windows, proxy: Proxy(), se:cdp: ws://localhost:55861/devtoo..., se:cdpVersion: 142.0.7444.176, setWindowRect: true, strictFileInteractability: false, timeouts: {implicit: 0, pageLoad: 300000, script: 30000}, unhandledPromptBehavior: dismiss and notify, webauthn:extension:credBlob: true, webauthn:extension:largeBlob: true, webauthn:extension:minPinLength: true, webauthn:extension:prf: true, webauthn:virtualAuthenticators: true}
Session ID: f530e9719dc4db8b5531952c5fc31656
2025-11-29 08:46:13 [TestNG-test-OrangeHRMTest_chrome-4] ERROR ActionDriver - Unable to describe the element: no such element: Unable to locate element: {"method":"xpath","selector":"//input[@name='username']"}
  (Session info: chrome=142.0.7444.176)
For documentation on this error, please visit: https://www.selenium.dev/documentation/webdriver/troubleshooting/errors#nosuchelementexception
Build info: version: '4.37.0', revision: '3c1da1e342'
System info: os.name: 'Windows 11', os.arch: 'amd64', os.version: '10.0', java.version: '20'
Driver info: org.openqa.selenium.chrome.ChromeDriver
Command: [1bed042648e15c41bac5e6d1fc1d0835, findElement {using=xpath, value=//input[@name='username']}]
Capabilities {acceptInsecureCerts: false, browserName: chrome, browserVersion: 142.0.7444.176, chrome: {chromedriverVersion: 142.0.7444.175 (302067f14a4..., userDataDir: C:\Users\DELL\AppData\Local...}, fedcm:accounts: true, goog:chromeOptions: {debuggerAddress: localhost:51846}, goog:processID: 20944, networkConnectionEnabled: false, pageLoadStrategy: normal, platformName: windows, proxy: Proxy(), se:cdp: ws://localhost:51846/devtoo..., se:cdpVersion: 142.0.7444.176, setWindowRect: true, strictFileInteractability: false, timeouts: {implicit: 0, pageLoad: 300000, script: 30000}, unhandledPromptBehavior: dismiss and notify, webauthn:extension:credBlob: true, webauthn:extension:largeBlob: true, webauthn:extension:minPinLength: true, webauthn:extension:prf: true, webauthn:virtualAuthenticators: true}
Session ID: 1bed042648e15c41bac5e6d1fc1d0835
2025-11-29 08:46:14 [TestNG-test-OrangeHRMTest_chrome-4] ERROR ActionDriver - Unable to enter the text in to this field: Expected condition failed: waiting for visibility of element located by By.xpath: //input[@name='username'] (tried for 30 second(s) with 500 milliseconds interval)
Build info: version: '4.37.0', revision: '3c1da1e342'
System info: os.name: 'Windows 11', os.arch: 'amd64', os.version: '10.0', java.version: '20'
Driver info: org.openqa.selenium.chrome.ChromeDriver
Capabilities {acceptInsecureCerts: false, browserName: chrome, browserVersion: 142.0.7444.176, chrome: {chromedriverVersion: 142.0.7444.175 (302067f14a4..., userDataDir: C:\Users\DELL\AppData\Local...}, fedcm:accounts: true, goog:chromeOptions: {debuggerAddress: localhost:51846}, goog:processID: 20944, networkConnectionEnabled: false, pageLoadStrategy: normal, platformName: windows, proxy: Proxy(), se:cdp: ws://localhost:51846/devtoo..., se:cdpVersion: 142.0.7444.176, setWindowRect: true, strictFileInteractability: false, timeouts: {implicit: 0, pageLoad: 300000, script: 30000}, unhandledPromptBehavior: dismiss and notify, webauthn:extension:credBlob: true, webauthn:extension:largeBlob: true, webauthn:extension:minPinLength: true, webauthn:extension:prf: true, webauthn:virtualAuthenticators: true}
Session ID: 1bed042648e15c41bac5e6d1fc1d0835
2025-11-29 08:46:33 [TestNG-test-OrangeHRMTest_chrome-5] ERROR ActionDriver - Unable to describe the element: no such element: Unable to locate element: {"method":"xpath","selector":"//input[@name='username']"}
  (Session info: chrome=142.0.7444.176)
For documentation on this error, please visit: https://www.selenium.dev/documentation/webdriver/troubleshooting/errors#nosuchelementexception
Build info: version: '4.37.0', revision: '3c1da1e342'
System info: os.name: 'Windows 11', os.arch: 'amd64', os.version: '10.0', java.version: '20'
Driver info: org.openqa.selenium.chrome.ChromeDriver
Command: [f530e9719dc4db8b5531952c5fc31656, findElement {using=xpath, value=//input[@name='username']}]
Capabilities {acceptInsecureCerts: false, browserName: chrome, browserVersion: 142.0.7444.176, chrome: {chromedriverVersion: 142.0.7444.175 (302067f14a4..., userDataDir: C:\Users\DELL\AppData\Local...}, fedcm:accounts: true, goog:chromeOptions: {debuggerAddress: localhost:55861}, goog:processID: 6392, networkConnectionEnabled: false, pageLoadStrategy: normal, platformName: windows, proxy: Proxy(), se:cdp: ws://localhost:55861/devtoo..., se:cdpVersion: 142.0.7444.176, setWindowRect: true, strictFileInteractability: false, timeouts: {implicit: 0, pageLoad: 300000, script: 30000}, unhandledPromptBehavior: dismiss and notify, webauthn:extension:credBlob: true, webauthn:extension:largeBlob: true, webauthn:extension:minPinLength: true, webauthn:extension:prf: true, webauthn:virtualAuthenticators: true}
Session ID: f530e9719dc4db8b5531952c5fc31656
2025-11-29 08:46:34 [TestNG-test-OrangeHRMTest_chrome-5] ERROR ActionDriver - Unable to enter the text in to this field: Expected condition failed: waiting for visibility of element located by By.xpath: //input[@name='username'] (tried for 30 second(s) with 500 milliseconds interval)
Build info: version: '4.37.0', revision: '3c1da1e342'
System info: os.name: 'Windows 11', os.arch: 'amd64', os.version: '10.0', java.version: '20'
Driver info: org.openqa.selenium.chrome.ChromeDriver
Capabilities {acceptInsecureCerts: false, browserName: chrome, browserVersion: 142.0.7444.176, chrome: {chromedriverVersion: 142.0.7444.175 (302067f14a4..., userDataDir: C:\Users\DELL\AppData\Local...}, fedcm:accounts: true, goog:chromeOptions: {debuggerAddress: localhost:55861}, goog:processID: 6392, networkConnectionEnabled: false, pageLoadStrategy: normal, platformName: windows, proxy: Proxy(), se:cdp: ws://localhost:55861/devtoo..., se:cdpVersion: 142.0.7444.176, setWindowRect: true, strictFileInteractability: false, timeouts: {implicit: 0, pageLoad: 300000, script: 30000}, unhandledPromptBehavior: dismiss and notify, webauthn:extension:credBlob: true, webauthn:extension:largeBlob: true, webauthn:extension:minPinLength: true, webauthn:extension:prf: true, webauthn:virtualAuthenticators: true}
Session ID: f530e9719dc4db8b5531952c5fc31656
2025-11-29 08:46:35 [TestNG-test-OrangeHRMTest_chrome-6] ERROR ActionDriver - Element is not visible: Expected condition failed: waiting for visibility of element located by By.xpath: //input[@name='password'] (tried for 30 second(s) with 500 milliseconds interval)
Build info: version: '4.37.0', revision: '3c1da1e342'
System info: os.name: 'Windows 11', os.arch: 'amd64', os.version: '10.0', java.version: '20'
Driver info: org.openqa.selenium.chrome.ChromeDriver
Capabilities {acceptInsecureCerts: false, browserName: chrome, browserVersion: 142.0.7444.176, chrome: {chromedriverVersion: 142.0.7444.175 (302067f14a4..., userDataDir: C:\Users\DELL\AppData\Local...}, fedcm:accounts: true, goog:chromeOptions: {debuggerAddress: localhost:57120}, goog:processID: 13808, networkConnectionEnabled: false, pageLoadStrategy: normal, platformName: windows, proxy: Proxy(), se:cdp: ws://localhost:57120/devtoo..., se:cdpVersion: 142.0.7444.176, setWindowRect: true, strictFileInteractability: false, timeouts: {implicit: 0, pageLoad: 300000, script: 30000}, unhandledPromptBehavior: dismiss and notify, webauthn:extension:credBlob: true, webauthn:extension:largeBlob: true, webauthn:extension:minPinLength: true, webauthn:extension:prf: true, webauthn:virtualAuthenticators: true}
Session ID: 0e1e959fbfa7cae733bdf0ba49d6ca5a
2025-11-29 08:46:45 [TestNG-test-OrangeHRMTest_chrome-4] ERROR ActionDriver - Element is not visible: Expected condition failed: waiting for visibility of element located by By.xpath: //input[@name='password'] (tried for 30 second(s) with 500 milliseconds interval)
Build info: version: '4.37.0', revision: '3c1da1e342'
System info: os.name: 'Windows 11', os.arch: 'amd64', os.version: '10.0', java.version: '20'
Driver info: org.openqa.selenium.chrome.ChromeDriver
Capabilities {acceptInsecureCerts: false, browserName: chrome, browserVersion: 142.0.7444.176, chrome: {chromedriverVersion: 142.0.7444.175 (302067f14a4..., userDataDir: C:\Users\DELL\AppData\Local...}, fedcm:accounts: true, goog:chromeOptions: {debuggerAddress: localhost:51846}, goog:processID: 20944, networkConnectionEnabled: false, pageLoadStrategy: normal, platformName: windows, proxy: Proxy(), se:cdp: ws://localhost:51846/devtoo..., se:cdpVersion: 142.0.7444.176, setWindowRect: true, strictFileInteractability: false, timeouts: {implicit: 0, pageLoad: 300000, script: 30000}, unhandledPromptBehavior: dismiss and notify, webauthn:extension:credBlob: true, webauthn:extension:largeBlob: true, webauthn:extension:minPinLength: true, webauthn:extension:prf: true, webauthn:virtualAuthenticators: true}
Session ID: 1bed042648e15c41bac5e6d1fc1d0835
2025-11-29 08:46:56 [TestNG-test-OrangeHRMTest_chrome-6] ERROR ActionDriver - Unable to describe the element: no such element: Unable to locate element: {"method":"xpath","selector":"//input[@name='password']"}
  (Session info: chrome=142.0.7444.176)
For documentation on this error, please visit: https://www.selenium.dev/documentation/webdriver/troubleshooting/errors#nosuchelementexception
Build info: version: '4.37.0', revision: '3c1da1e342'
System info: os.name: 'Windows 11', os.arch: 'amd64', os.version: '10.0', java.version: '20'
Driver info: org.openqa.selenium.chrome.ChromeDriver
Command: [0e1e959fbfa7cae733bdf0ba49d6ca5a, findElement {using=xpath, value=//input[@name='password']}]
Capabilities {acceptInsecureCerts: false, browserName: chrome, browserVersion: 142.0.7444.176, chrome: {chromedriverVersion: 142.0.7444.175 (302067f14a4..., userDataDir: C:\Users\DELL\AppData\Local...}, fedcm:accounts: true, goog:chromeOptions: {debuggerAddress: localhost:57120}, goog:processID: 13808, networkConnectionEnabled: false, pageLoadStrategy: normal, platformName: windows, proxy: Proxy(), se:cdp: ws://localhost:57120/devtoo..., se:cdpVersion: 142.0.7444.176, setWindowRect: true, strictFileInteractability: false, timeouts: {implicit: 0, pageLoad: 300000, script: 30000}, unhandledPromptBehavior: dismiss and notify, webauthn:extension:credBlob: true, webauthn:extension:largeBlob: true, webauthn:extension:minPinLength: true, webauthn:extension:prf: true, webauthn:virtualAuthenticators: true}
Session ID: 0e1e959fbfa7cae733bdf0ba49d6ca5a
2025-11-29 08:46:56 [TestNG-test-OrangeHRMTest_chrome-6] ERROR ActionDriver - Unable to enter the text in to this field: Expected condition failed: waiting for visibility of element located by By.xpath: //input[@name='password'] (tried for 30 second(s) with 500 milliseconds interval)
Build info: version: '4.37.0', revision: '3c1da1e342'
System info: os.name: 'Windows 11', os.arch: 'amd64', os.version: '10.0', java.version: '20'
Driver info: org.openqa.selenium.chrome.ChromeDriver
Capabilities {acceptInsecureCerts: false, browserName: chrome, browserVersion: 142.0.7444.176, chrome: {chromedriverVersion: 142.0.7444.175 (302067f14a4..., userDataDir: C:\Users\DELL\AppData\Local...}, fedcm:accounts: true, goog:chromeOptions: {debuggerAddress: localhost:57120}, goog:processID: 13808, networkConnectionEnabled: false, pageLoadStrategy: normal, platformName: windows, proxy: Proxy(), se:cdp: ws://localhost:57120/devtoo..., se:cdpVersion: 142.0.7444.176, setWindowRect: true, strictFileInteractability: false, timeouts: {implicit: 0, pageLoad: 300000, script: 30000}, unhandledPromptBehavior: dismiss and notify, webauthn:extension:credBlob: true, webauthn:extension:largeBlob: true, webauthn:extension:minPinLength: true, webauthn:extension:prf: true, webauthn:virtualAuthenticators: true}
Session ID: 0e1e959fbfa7cae733bdf0ba49d6ca5a
2025-11-29 08:47:06 [TestNG-test-OrangeHRMTest_chrome-5] ERROR ActionDriver - Element is not visible: Expected condition failed: waiting for visibility of element located by By.xpath: //input[@name='password'] (tried for 30 second(s) with 500 milliseconds interval)
Build info: version: '4.37.0', revision: '3c1da1e342'
System info: os.name: 'Windows 11', os.arch: 'amd64', os.version: '10.0', java.version: '20'
Driver info: org.openqa.selenium.chrome.ChromeDriver
Capabilities {acceptInsecureCerts: false, browserName: chrome, browserVersion: 142.0.7444.176, chrome: {chromedriverVersion: 142.0.7444.175 (302067f14a4..., userDataDir: C:\Users\DELL\AppData\Local...}, fedcm:accounts: true, goog:chromeOptions: {debuggerAddress: localhost:55861}, goog:processID: 6392, networkConnectionEnabled: false, pageLoadStrategy: normal, platformName: windows, proxy: Proxy(), se:cdp: ws://localhost:55861/devtoo..., se:cdpVersion: 142.0.7444.176, setWindowRect: true, strictFileInteractability: false, timeouts: {implicit: 0, pageLoad: 300000, script: 30000}, unhandledPromptBehavior: dismiss and notify, webauthn:extension:credBlob: true, webauthn:extension:largeBlob: true, webauthn:extension:minPinLength: true, webauthn:extension:prf: true, webauthn:virtualAuthenticators: true}
Session ID: f530e9719dc4db8b5531952c5fc31656
2025-11-29 08:47:06 [TestNG-test-OrangeHRMTest_chrome-4] ERROR ActionDriver - Unable to describe the element: no such element: Unable to locate element: {"method":"xpath","selector":"//input[@name='password']"}
  (Session info: chrome=142.0.7444.176)
For documentation on this error, please visit: https://www.selenium.dev/documentation/webdriver/troubleshooting/errors#nosuchelementexception
Build info: version: '4.37.0', revision: '3c1da1e342'
System info: os.name: 'Windows 11', os.arch: 'amd64', os.version: '10.0', java.version: '20'
Driver info: org.openqa.selenium.chrome.ChromeDriver
Command: [1bed042648e15c41bac5e6d1fc1d0835, findElement {using=xpath, value=//input[@name='password']}]
Capabilities {acceptInsecureCerts: false, browserName: chrome, browserVersion: 142.0.7444.176, chrome: {chromedriverVersion: 142.0.7444.175 (302067f14a4..., userDataDir: C:\Users\DELL\AppData\Local...}, fedcm:accounts: true, goog:chromeOptions: {debuggerAddress: localhost:51846}, goog:processID: 20944, networkConnectionEnabled: false, pageLoadStrategy: normal, platformName: windows, proxy: Proxy(), se:cdp: ws://localhost:51846/devtoo..., se:cdpVersion: 142.0.7444.176, setWindowRect: true, strictFileInteractability: false, timeouts: {implicit: 0, pageLoad: 300000, script: 30000}, unhandledPromptBehavior: dismiss and notify, webauthn:extension:credBlob: true, webauthn:extension:largeBlob: true, webauthn:extension:minPinLength: true, webauthn:extension:prf: true, webauthn:virtualAuthenticators: true}
Session ID: 1bed042648e15c41bac5e6d1fc1d0835
2025-11-29 08:47:07 [TestNG-test-OrangeHRMTest_chrome-4] ERROR ActionDriver - Unable to enter the text in to this field: Expected condition failed: waiting for visibility of element located by By.xpath: //input[@name='password'] (tried for 30 second(s) with 500 milliseconds interval)
Build info: version: '4.37.0', revision: '3c1da1e342'
System info: os.name: 'Windows 11', os.arch: 'amd64', os.version: '10.0', java.version: '20'
Driver info: org.openqa.selenium.chrome.ChromeDriver
Capabilities {acceptInsecureCerts: false, browserName: chrome, browserVersion: 142.0.7444.176, chrome: {chromedriverVersion: 142.0.7444.175 (302067f14a4..., userDataDir: C:\Users\DELL\AppData\Local...}, fedcm:accounts: true, goog:chromeOptions: {debuggerAddress: localhost:51846}, goog:processID: 20944, networkConnectionEnabled: false, pageLoadStrategy: normal, platformName: windows, proxy: Proxy(), se:cdp: ws://localhost:51846/devtoo..., se:cdpVersion: 142.0.7444.176, setWindowRect: true, strictFileInteractability: false, timeouts: {implicit: 0, pageLoad: 300000, script: 30000}, unhandledPromptBehavior: dismiss and notify, webauthn:extension:credBlob: true, webauthn:extension:largeBlob: true, webauthn:extension:minPinLength: true, webauthn:extension:prf: true, webauthn:virtualAuthenticators: true}
Session ID: 1bed042648e15c41bac5e6d1fc1d0835
2025-11-29 08:47:30 [TestNG-test-OrangeHRMTest_chrome-6] ERROR ActionDriver - Element is not visible: Expected condition failed: waiting for visibility of element located by By.xpath: //div[@class='oxd-brand-banner']/img (tried for 30 second(s) with 500 milliseconds interval)
Build info: version: '4.37.0', revision: '3c1da1e342'
System info: os.name: 'Windows 11', os.arch: 'amd64', os.version: '10.0', java.version: '20'
Driver info: org.openqa.selenium.chrome.ChromeDriver
Capabilities {acceptInsecureCerts: false, browserName: chrome, browserVersion: 142.0.7444.176, chrome: {chromedriverVersion: 142.0.7444.175 (302067f14a4..., userDataDir: C:\Users\DELL\AppData\Local...}, fedcm:accounts: true, goog:chromeOptions: {debuggerAddress: localhost:57120}, goog:processID: 13808, networkConnectionEnabled: false, pageLoadStrategy: normal, platformName: windows, proxy: Proxy(), se:cdp: ws://localhost:57120/devtoo..., se:cdpVersion: 142.0.7444.176, setWindowRect: true, strictFileInteractability: false, timeouts: {implicit: 0, pageLoad: 300000, script: 30000}, unhandledPromptBehavior: dismiss and notify, webauthn:extension:credBlob: true, webauthn:extension:largeBlob: true, webauthn:extension:minPinLength: true, webauthn:extension:prf: true, webauthn:virtualAuthenticators: true}
Session ID: 0e1e959fbfa7cae733bdf0ba49d6ca5a
2025-11-29 08:47:37 [TestNG-test-OrangeHRMTest_chrome-5] ERROR ActionDriver - Unable to describe the element: no such element: Unable to locate element: {"method":"xpath","selector":"//input[@name='password']"}
  (Session info: chrome=142.0.7444.176)
For documentation on this error, please visit: https://www.selenium.dev/documentation/webdriver/troubleshooting/errors#nosuchelementexception
Build info: version: '4.37.0', revision: '3c1da1e342'
System info: os.name: 'Windows 11', os.arch: 'amd64', os.version: '10.0', java.version: '20'
Driver info: org.openqa.selenium.chrome.ChromeDriver
Command: [f530e9719dc4db8b5531952c5fc31656, findElement {using=xpath, value=//input[@name='password']}]
Capabilities {acceptInsecureCerts: false, browserName: chrome, browserVersion: 142.0.7444.176, chrome: {chromedriverVersion: 142.0.7444.175 (302067f14a4..., userDataDir: C:\Users\DELL\AppData\Local...}, fedcm:accounts: true, goog:chromeOptions: {debuggerAddress: localhost:55861}, goog:processID: 6392, networkConnectionEnabled: false, pageLoadStrategy: normal, platformName: windows, proxy: Proxy(), se:cdp: ws://localhost:55861/devtoo..., se:cdpVersion: 142.0.7444.176, setWindowRect: true, strictFileInteractability: false, timeouts: {implicit: 0, pageLoad: 300000, script: 30000}, unhandledPromptBehavior: dismiss and notify, webauthn:extension:credBlob: true, webauthn:extension:largeBlob: true, webauthn:extension:minPinLength: true, webauthn:extension:prf: true, webauthn:virtualAuthenticators: true}
Session ID: f530e9719dc4db8b5531952c5fc31656
2025-11-29 08:47:47 [TestNG-test-OrangeHRMTest_chrome-4] ERROR ActionDriver - Element is not visible: Expected condition failed: waiting for visibility of element located by By.xpath: //p[contains(., "Invalid credentials")] (tried for 30 second(s) with 500 milliseconds interval)
Build info: version: '4.37.0', revision: '3c1da1e342'
System info: os.name: 'Windows 11', os.arch: 'amd64', os.version: '10.0', java.version: '20'
Driver info: org.openqa.selenium.chrome.ChromeDriver
Capabilities {acceptInsecureCerts: false, browserName: chrome, browserVersion: 142.0.7444.176, chrome: {chromedriverVersion: 142.0.7444.175 (302067f14a4..., userDataDir: C:\Users\DELL\AppData\Local...}, fedcm:accounts: true, goog:chromeOptions: {debuggerAddress: localhost:55861}, goog:processID: 6392, networkConnectionEnabled: false, pageLoadStrategy: normal, platformName: windows, proxy: Proxy(), se:cdp: ws://localhost:55861/devtoo..., se:cdpVersion: 142.0.7444.176, setWindowRect: true, strictFileInteractability: false, timeouts: {implicit: 0, pageLoad: 300000, script: 30000}, unhandledPromptBehavior: dismiss and notify, webauthn:extension:credBlob: true, webauthn:extension:largeBlob: true, webauthn:extension:minPinLength: true, webauthn:extension:prf: true, webauthn:virtualAuthenticators: true}
Session ID: f530e9719dc4db8b5531952c5fc31656
2025-11-29 08:47:48 [TestNG-test-OrangeHRMTest_chrome-5] ERROR ActionDriver - Unable to enter the text in to this field: Expected condition failed: waiting for visibility of element located by By.xpath: //input[@name='password'] (tried for 30 second(s) with 500 milliseconds interval)
Build info: version: '4.37.0', revision: '3c1da1e342'
System info: os.name: 'Windows 11', os.arch: 'amd64', os.version: '10.0', java.version: '20'
Driver info: org.openqa.selenium.chrome.ChromeDriver
Capabilities {acceptInsecureCerts: false, browserName: chrome, browserVersion: 142.0.7444.176, chrome: {chromedriverVersion: 142.0.7444.175 (302067f14a4..., userDataDir: C:\Users\DELL\AppData\Local...}, fedcm:accounts: true, goog:chromeOptions: {debuggerAddress: localhost:55861}, goog:processID: 6392, networkConnectionEnabled: false, pageLoadStrategy: normal, platformName: windows, proxy: Proxy(), se:cdp: ws://localhost:55861/devtoo..., se:cdpVersion: 142.0.7444.176, setWindowRect: true, strictFileInteractability: false, timeouts: {implicit: 0, pageLoad: 300000, script: 30000}, unhandledPromptBehavior: dismiss and notify, webauthn:extension:credBlob: true, webauthn:extension:largeBlob: true, webauthn:extension:minPinLength: true, webauthn:extension:prf: true, webauthn:virtualAuthenticators: true}
Session ID: f530e9719dc4db8b5531952c5fc31656
2025-11-29 08:47:50 [TestNG-test-OrangeHRMTest_chrome-6] ERROR ActionDriver - Unable to describe the element: no such element: Unable to locate element: {"method":"xpath","selector":"//div[@class='oxd-brand-banner']/img"}
  (Session info: chrome=142.0.7444.176)
For documentation on this error, please visit: https://www.selenium.dev/documentation/webdriver/troubleshooting/errors#nosuchelementexception
Build info: version: '4.37.0', revision: '3c1da1e342'
System info: os.name: 'Windows 11', os.arch: 'amd64', os.version: '10.0', java.version: '20'
Driver info: org.openqa.selenium.chrome.ChromeDriver
Command: [0e1e959fbfa7cae733bdf0ba49d6ca5a, findElement {using=xpath, value=//div[@class='oxd-brand-banner']/img}]
Capabilities {acceptInsecureCerts: false, browserName: chrome, browserVersion: 142.0.7444.176, chrome: {chromedriverVersion: 142.0.7444.175 (302067f14a4..., userDataDir: C:\Users\DELL\AppData\Local...}, fedcm:accounts: true, goog:chromeOptions: {debuggerAddress: localhost:57120}, goog:processID: 13808, networkConnectionEnabled: false, pageLoadStrategy: normal, platformName: windows, proxy: Proxy(), se:cdp: ws://localhost:57120/devtoo..., se:cdpVersion: 142.0.7444.176, setWindowRect: true, strictFileInteractability: false, timeouts: {implicit: 0, pageLoad: 300000, script: 30000}, unhandledPromptBehavior: dismiss and notify, webauthn:extension:credBlob: true, webauthn:extension:largeBlob: true, webauthn:extension:minPinLength: true, webauthn:extension:prf: true, webauthn:virtualAuthenticators: true}
Session ID: 0e1e959fbfa7cae733bdf0ba49d6ca5a
2025-11-29 08:47:51 [TestNG-test-OrangeHRMTest_chrome-6] ERROR ActionDriver - There an error: Expected condition failed: waiting for visibility of element located by By.xpath: //div[@class='oxd-brand-banner']/img (tried for 30 second(s) with 500 milliseconds interval)
Build info: version: '4.37.0', revision: '3c1da1e342'
System info: os.name: 'Windows 11', os.arch: 'amd64', os.version: '10.0', java.version: '20'
Driver info: org.openqa.selenium.chrome.ChromeDriver
Capabilities {acceptInsecureCerts: false, browserName: chrome, browserVersion: 142.0.7444.176, chrome: {chromedriverVersion: 142.0.7444.175 (302067f14a4..., userDataDir: C:\Users\DELL\AppData\Local...}, fedcm:accounts: true, goog:chromeOptions: {debuggerAddress: localhost:57120}, goog:processID: 13808, networkConnectionEnabled: false, pageLoadStrategy: normal, platformName: windows, proxy: Proxy(), se:cdp: ws://localhost:57120/devtoo..., se:cdpVersion: 142.0.7444.176, setWindowRect: true, strictFileInteractability: false, timeouts: {implicit: 0, pageLoad: 300000, script: 30000}, unhandledPromptBehavior: dismiss and notify, webauthn:extension:credBlob: true, webauthn:extension:largeBlob: true, webauthn:extension:minPinLength: true, webauthn:extension:prf: true, webauthn:virtualAuthenticators: true}
Session ID: 0e1e959fbfa7cae733bdf0ba49d6ca5a
2025-11-29 08:48:08 [TestNG-test-OrangeHRMTest_chrome-4] ERROR ActionDriver - Unable to describe the element: no such element: Unable to locate element: {"method":"xpath","selector":"//p[contains(., "Invalid credentials")]"}
  (Session info: chrome=142.0.7444.176)
For documentation on this error, please visit: https://www.selenium.dev/documentation/webdriver/troubleshooting/errors#nosuchelementexception
Build info: version: '4.37.0', revision: '3c1da1e342'
System info: os.name: 'Windows 11', os.arch: 'amd64', os.version: '10.0', java.version: '20'
Driver info: org.openqa.selenium.chrome.ChromeDriver
Command: [f530e9719dc4db8b5531952c5fc31656, findElement {using=xpath, value=//p[contains(., "Invalid credentials")]}]
Capabilities {acceptInsecureCerts: false, browserName: chrome, browserVersion: 142.0.7444.176, chrome: {chromedriverVersion: 142.0.7444.175 (302067f14a4..., userDataDir: C:\Users\DELL\AppData\Local...}, fedcm:accounts: true, goog:chromeOptions: {debuggerAddress: localhost:55861}, goog:processID: 6392, networkConnectionEnabled: false, pageLoadStrategy: normal, platformName: windows, proxy: Proxy(), se:cdp: ws://localhost:55861/devtoo..., se:cdpVersion: 142.0.7444.176, setWindowRect: true, strictFileInteractability: false, timeouts: {implicit: 0, pageLoad: 300000, script: 30000}, unhandledPromptBehavior: dismiss and notify, webauthn:extension:credBlob: true, webauthn:extension:largeBlob: true, webauthn:extension:minPinLength: true, webauthn:extension:prf: true, webauthn:virtualAuthenticators: true}
Session ID: f530e9719dc4db8b5531952c5fc31656
2025-11-29 08:48:09 [TestNG-test-OrangeHRMTest_chrome-4] ERROR ActionDriver - There an error: Expected condition failed: waiting for visibility of element located by By.xpath: //p[contains(., "Invalid credentials")] (tried for 30 second(s) with 500 milliseconds interval)
Build info: version: '4.37.0', revision: '3c1da1e342'
System info: os.name: 'Windows 11', os.arch: 'amd64', os.version: '10.0', java.version: '20'
Driver info: org.openqa.selenium.chrome.ChromeDriver
Capabilities {acceptInsecureCerts: false, browserName: chrome, browserVersion: 142.0.7444.176, chrome: {chromedriverVersion: 142.0.7444.175 (302067f14a4..., userDataDir: C:\Users\DELL\AppData\Local...}, fedcm:accounts: true, goog:chromeOptions: {debuggerAddress: localhost:55861}, goog:processID: 6392, networkConnectionEnabled: false, pageLoadStrategy: normal, platformName: windows, proxy: Proxy(), se:cdp: ws://localhost:55861/devtoo..., se:cdpVersion: 142.0.7444.176, setWindowRect: true, strictFileInteractability: false, timeouts: {implicit: 0, pageLoad: 300000, script: 30000}, unhandledPromptBehavior: dismiss and notify, webauthn:extension:credBlob: true, webauthn:extension:largeBlob: true, webauthn:extension:minPinLength: true, webauthn:extension:prf: true, webauthn:virtualAuthenticators: true}
Session ID: f530e9719dc4db8b5531952c5fc31656
2025-11-29 08:48:25 [TestNG-test-OrangeHRMTest_chrome-6] ERROR ActionDriver - Element is not visible: Expected condition failed: waiting for visibility of element located by By.xpath: //input[@name='username'] (tried for 30 second(s) with 500 milliseconds interval)
Build info: version: '4.37.0', revision: '3c1da1e342'
System info: os.name: 'Windows 11', os.arch: 'amd64', os.version: '10.0', java.version: '20'
Driver info: org.openqa.selenium.chrome.ChromeDriver
Capabilities {acceptInsecureCerts: false, browserName: chrome, browserVersion: 142.0.7444.176, chrome: {chromedriverVersion: 142.0.7444.175 (302067f14a4..., userDataDir: C:\Users\DELL\AppData\Local...}, fedcm:accounts: true, goog:chromeOptions: {debuggerAddress: localhost:65003}, goog:processID: 19276, networkConnectionEnabled: false, pageLoadStrategy: normal, platformName: windows, proxy: Proxy(), se:cdp: ws://localhost:65003/devtoo..., se:cdpVersion: 142.0.7444.176, setWindowRect: true, strictFileInteractability: false, timeouts: {implicit: 0, pageLoad: 300000, script: 30000}, unhandledPromptBehavior: dismiss and notify, webauthn:extension:credBlob: true, webauthn:extension:largeBlob: true, webauthn:extension:minPinLength: true, webauthn:extension:prf: true, webauthn:virtualAuthenticators: true}
Session ID: eaf2928092ba99797910cd691064b3b5
2025-11-29 08:48:41 [TestNG-test-OrangeHRMTest_chrome-5] ERROR ActionDriver - Element is not visible: Expected condition failed: waiting for visibility of element located by By.xpath: //span[text() = 'Admin'] (tried for 30 second(s) with 500 milliseconds interval)
Build info: version: '4.37.0', revision: '3c1da1e342'
System info: os.name: 'Windows 11', os.arch: 'amd64', os.version: '10.0', java.version: '20'
Driver info: org.openqa.selenium.chrome.ChromeDriver
Capabilities {acceptInsecureCerts: false, browserName: chrome, browserVersion: 142.0.7444.176, chrome: {chromedriverVersion: 142.0.7444.175 (302067f14a4..., userDataDir: C:\Users\DELL\AppData\Local...}, fedcm:accounts: true, goog:chromeOptions: {debuggerAddress: localhost:55861}, goog:processID: 6392, networkConnectionEnabled: false, pageLoadStrategy: normal, platformName: windows, proxy: Proxy(), se:cdp: ws://localhost:55861/devtoo..., se:cdpVersion: 142.0.7444.176, setWindowRect: true, strictFileInteractability: false, timeouts: {implicit: 0, pageLoad: 300000, script: 30000}, unhandledPromptBehavior: dismiss and notify, webauthn:extension:credBlob: true, webauthn:extension:largeBlob: true, webauthn:extension:minPinLength: true, webauthn:extension:prf: true, webauthn:virtualAuthenticators: true}
Session ID: f530e9719dc4db8b5531952c5fc31656
2025-11-29 08:48:45 [TestNG-test-OrangeHRMTest_chrome-4] ERROR ActionDriver - Element is not visible: Expected condition failed: waiting for visibility of element located by By.xpath: //input[@name='username'] (tried for 30 second(s) with 500 milliseconds interval)
Build info: version: '4.37.0', revision: '3c1da1e342'
System info: os.name: 'Windows 11', os.arch: 'amd64', os.version: '10.0', java.version: '20'
Driver info: org.openqa.selenium.chrome.ChromeDriver
Capabilities {acceptInsecureCerts: false, browserName: chrome, browserVersion: 142.0.7444.176, chrome: {chromedriverVersion: 142.0.7444.175 (302067f14a4..., userDataDir: C:\Users\DELL\AppData\Local...}, fedcm:accounts: true, goog:chromeOptions: {debuggerAddress: localhost:60076}, goog:processID: 14000, networkConnectionEnabled: false, pageLoadStrategy: normal, platformName: windows, proxy: Proxy(), se:cdp: ws://localhost:60076/devtoo..., se:cdpVersion: 142.0.7444.176, setWindowRect: true, strictFileInteractability: false, timeouts: {implicit: 0, pageLoad: 300000, script: 30000}, unhandledPromptBehavior: dismiss and notify, webauthn:extension:credBlob: true, webauthn:extension:largeBlob: true, webauthn:extension:minPinLength: true, webauthn:extension:prf: true, webauthn:virtualAuthenticators: true}
Session ID: 66c60b6603057b5b5104b083da76a4c2
2025-11-29 08:48:45 [TestNG-test-OrangeHRMTest_chrome-6] ERROR ActionDriver - Unable to describe the element: no such element: Unable to locate element: {"method":"xpath","selector":"//input[@name='username']"}
  (Session info: chrome=142.0.7444.176)
For documentation on this error, please visit: https://www.selenium.dev/documentation/webdriver/troubleshooting/errors#nosuchelementexception
Build info: version: '4.37.0', revision: '3c1da1e342'
System info: os.name: 'Windows 11', os.arch: 'amd64', os.version: '10.0', java.version: '20'
Driver info: org.openqa.selenium.chrome.ChromeDriver
Command: [eaf2928092ba99797910cd691064b3b5, findElement {using=xpath, value=//input[@name='username']}]
Capabilities {acceptInsecureCerts: false, browserName: chrome, browserVersion: 142.0.7444.176, chrome: {chromedriverVersion: 142.0.7444.175 (302067f14a4..., userDataDir: C:\Users\DELL\AppData\Local...}, fedcm:accounts: true, goog:chromeOptions: {debuggerAddress: localhost:65003}, goog:processID: 19276, networkConnectionEnabled: false, pageLoadStrategy: normal, platformName: windows, proxy: Proxy(), se:cdp: ws://localhost:65003/devtoo..., se:cdpVersion: 142.0.7444.176, setWindowRect: true, strictFileInteractability: false, timeouts: {implicit: 0, pageLoad: 300000, script: 30000}, unhandledPromptBehavior: dismiss and notify, webauthn:extension:credBlob: true, webauthn:extension:largeBlob: true, webauthn:extension:minPinLength: true, webauthn:extension:prf: true, webauthn:virtualAuthenticators: true}
Session ID: eaf2928092ba99797910cd691064b3b5
2025-11-29 08:48:46 [TestNG-test-OrangeHRMTest_chrome-6] ERROR ActionDriver - Unable to enter the text in to this field: Expected condition failed: waiting for visibility of element located by By.xpath: //input[@name='username'] (tried for 30 second(s) with 500 milliseconds interval)
Build info: version: '4.37.0', revision: '3c1da1e342'
System info: os.name: 'Windows 11', os.arch: 'amd64', os.version: '10.0', java.version: '20'
Driver info: org.openqa.selenium.chrome.ChromeDriver
Capabilities {acceptInsecureCerts: false, browserName: chrome, browserVersion: 142.0.7444.176, chrome: {chromedriverVersion: 142.0.7444.175 (302067f14a4..., userDataDir: C:\Users\DELL\AppData\Local...}, fedcm:accounts: true, goog:chromeOptions: {debuggerAddress: localhost:65003}, goog:processID: 19276, networkConnectionEnabled: false, pageLoadStrategy: normal, platformName: windows, proxy: Proxy(), se:cdp: ws://localhost:65003/devtoo..., se:cdpVersion: 142.0.7444.176, setWindowRect: true, strictFileInteractability: false, timeouts: {implicit: 0, pageLoad: 300000, script: 30000}, unhandledPromptBehavior: dismiss and notify, webauthn:extension:credBlob: true, webauthn:extension:largeBlob: true, webauthn:extension:minPinLength: true, webauthn:extension:prf: true, webauthn:virtualAuthenticators: true}
Session ID: eaf2928092ba99797910cd691064b3b5
2025-11-29 08:49:02 [TestNG-test-OrangeHRMTest_chrome-5] ERROR ActionDriver - Unable to describe the element: no such element: Unable to locate element: {"method":"xpath","selector":"//span[text() = 'Admin']"}
  (Session info: chrome=142.0.7444.176)
For documentation on this error, please visit: https://www.selenium.dev/documentation/webdriver/troubleshooting/errors#nosuchelementexception
Build info: version: '4.37.0', revision: '3c1da1e342'
System info: os.name: 'Windows 11', os.arch: 'amd64', os.version: '10.0', java.version: '20'
Driver info: org.openqa.selenium.chrome.ChromeDriver
Command: [f530e9719dc4db8b5531952c5fc31656, findElement {using=xpath, value=//span[text() = 'Admin']}]
Capabilities {acceptInsecureCerts: false, browserName: chrome, browserVersion: 142.0.7444.176, chrome: {chromedriverVersion: 142.0.7444.175 (302067f14a4..., userDataDir: C:\Users\DELL\AppData\Local...}, fedcm:accounts: true, goog:chromeOptions: {debuggerAddress: localhost:55861}, goog:processID: 6392, networkConnectionEnabled: false, pageLoadStrategy: normal, platformName: windows, proxy: Proxy(), se:cdp: ws://localhost:55861/devtoo..., se:cdpVersion: 142.0.7444.176, setWindowRect: true, strictFileInteractability: false, timeouts: {implicit: 0, pageLoad: 300000, script: 30000}, unhandledPromptBehavior: dismiss and notify, webauthn:extension:credBlob: true, webauthn:extension:largeBlob: true, webauthn:extension:minPinLength: true, webauthn:extension:prf: true, webauthn:virtualAuthenticators: true}
Session ID: f530e9719dc4db8b5531952c5fc31656
2025-11-29 08:49:03 [TestNG-test-OrangeHRMTest_chrome-5] ERROR ActionDriver - There an error: Expected condition failed: waiting for visibility of element located by By.xpath: //span[text() = 'Admin'] (tried for 30 second(s) with 500 milliseconds interval)
Build info: version: '4.37.0', revision: '3c1da1e342'
System info: os.name: 'Windows 11', os.arch: 'amd64', os.version: '10.0', java.version: '20'
Driver info: org.openqa.selenium.chrome.ChromeDriver
Capabilities {acceptInsecureCerts: false, browserName: chrome, browserVersion: 142.0.7444.176, chrome: {chromedriverVersion: 142.0.7444.175 (302067f14a4..., userDataDir: C:\Users\DELL\AppData\Local...}, fedcm:accounts: true, goog:chromeOptions: {debuggerAddress: localhost:55861}, goog:processID: 6392, networkConnectionEnabled: false, pageLoadStrategy: normal, platformName: windows, proxy: Proxy(), se:cdp: ws://localhost:55861/devtoo..., se:cdpVersion: 142.0.7444.176, setWindowRect: true, strictFileInteractability: false, timeouts: {implicit: 0, pageLoad: 300000, script: 30000}, unhandledPromptBehavior: dismiss and notify, webauthn:extension:credBlob: true, webauthn:extension:largeBlob: true, webauthn:extension:minPinLength: true, webauthn:extension:prf: true, webauthn:virtualAuthenticators: true}
Session ID: f530e9719dc4db8b5531952c5fc31656
2025-11-29 08:49:06 [TestNG-test-OrangeHRMTest_chrome-4] ERROR ActionDriver - Unable to describe the element: no such element: Unable to locate element: {"method":"xpath","selector":"//input[@name='username']"}
  (Session info: chrome=142.0.7444.176)
For documentation on this error, please visit: https://www.selenium.dev/documentation/webdriver/troubleshooting/errors#nosuchelementexception
Build info: version: '4.37.0', revision: '3c1da1e342'
System info: os.name: 'Windows 11', os.arch: 'amd64', os.version: '10.0', java.version: '20'
Driver info: org.openqa.selenium.chrome.ChromeDriver
Command: [66c60b6603057b5b5104b083da76a4c2, findElement {using=xpath, value=//input[@name='username']}]
Capabilities {acceptInsecureCerts: false, browserName: chrome, browserVersion: 142.0.7444.176, chrome: {chromedriverVersion: 142.0.7444.175 (302067f14a4..., userDataDir: C:\Users\DELL\AppData\Local...}, fedcm:accounts: true, goog:chromeOptions: {debuggerAddress: localhost:60076}, goog:processID: 14000, networkConnectionEnabled: false, pageLoadStrategy: normal, platformName: windows, proxy: Proxy(), se:cdp: ws://localhost:60076/devtoo..., se:cdpVersion: 142.0.7444.176, setWindowRect: true, strictFileInteractability: false, timeouts: {implicit: 0, pageLoad: 300000, script: 30000}, unhandledPromptBehavior: dismiss and notify, webauthn:extension:credBlob: true, webauthn:extension:largeBlob: true, webauthn:extension:minPinLength: true, webauthn:extension:prf: true, webauthn:virtualAuthenticators: true}
Session ID: 66c60b6603057b5b5104b083da76a4c2
2025-11-29 08:49:06 [TestNG-test-OrangeHRMTest_chrome-4] ERROR ActionDriver - Unable to enter the text in to this field: Expected condition failed: waiting for visibility of element located by By.xpath: //input[@name='username'] (tried for 30 second(s) with 500 milliseconds interval)
Build info: version: '4.37.0', revision: '3c1da1e342'
System info: os.name: 'Windows 11', os.arch: 'amd64', os.version: '10.0', java.version: '20'
Driver info: org.openqa.selenium.chrome.ChromeDriver
Capabilities {acceptInsecureCerts: false, browserName: chrome, browserVersion: 142.0.7444.176, chrome: {chromedriverVersion: 142.0.7444.175 (302067f14a4..., userDataDir: C:\Users\DELL\AppData\Local...}, fedcm:accounts: true, goog:chromeOptions: {debuggerAddress: localhost:60076}, goog:processID: 14000, networkConnectionEnabled: false, pageLoadStrategy: normal, platformName: windows, proxy: Proxy(), se:cdp: ws://localhost:60076/devtoo..., se:cdpVersion: 142.0.7444.176, setWindowRect: true, strictFileInteractability: false, timeouts: {implicit: 0, pageLoad: 300000, script: 30000}, unhandledPromptBehavior: dismiss and notify, webauthn:extension:credBlob: true, webauthn:extension:largeBlob: true, webauthn:extension:minPinLength: true, webauthn:extension:prf: true, webauthn:virtualAuthenticators: true}
Session ID: 66c60b6603057b5b5104b083da76a4c2
2025-11-29 08:49:18 [TestNG-test-OrangeHRMTest_chrome-6] ERROR ActionDriver - Element is not visible: Expected condition failed: waiting for visibility of element located by By.xpath: //input[@name='password'] (tried for 30 second(s) with 500 milliseconds interval)
Build info: version: '4.37.0', revision: '3c1da1e342'
System info: os.name: 'Windows 11', os.arch: 'amd64', os.version: '10.0', java.version: '20'
Driver info: org.openqa.selenium.chrome.ChromeDriver
Capabilities {acceptInsecureCerts: false, browserName: chrome, browserVersion: 142.0.7444.176, chrome: {chromedriverVersion: 142.0.7444.175 (302067f14a4..., userDataDir: C:\Users\DELL\AppData\Local...}, fedcm:accounts: true, goog:chromeOptions: {debuggerAddress: localhost:65003}, goog:processID: 19276, networkConnectionEnabled: false, pageLoadStrategy: normal, platformName: windows, proxy: Proxy(), se:cdp: ws://localhost:65003/devtoo..., se:cdpVersion: 142.0.7444.176, setWindowRect: true, strictFileInteractability: false, timeouts: {implicit: 0, pageLoad: 300000, script: 30000}, unhandledPromptBehavior: dismiss and notify, webauthn:extension:credBlob: true, webauthn:extension:largeBlob: true, webauthn:extension:minPinLength: true, webauthn:extension:prf: true, webauthn:virtualAuthenticators: true}
Session ID: eaf2928092ba99797910cd691064b3b5
2025-11-29 08:49:36 [TestNG-test-OrangeHRMTest_chrome-5] ERROR ActionDriver - Element is not visible: Expected condition failed: waiting for visibility of element located by By.xpath: //input[@name='username'] (tried for 30 second(s) with 500 milliseconds interval)
Build info: version: '4.37.0', revision: '3c1da1e342'
System info: os.name: 'Windows 11', os.arch: 'amd64', os.version: '10.0', java.version: '20'
Driver info: org.openqa.selenium.chrome.ChromeDriver
Capabilities {acceptInsecureCerts: false, browserName: chrome, browserVersion: 142.0.7444.176, chrome: {chromedriverVersion: 142.0.7444.175 (302067f14a4..., userDataDir: C:\Users\DELL\AppData\Local...}, fedcm:accounts: true, goog:chromeOptions: {debuggerAddress: localhost:61504}, goog:processID: 4244, networkConnectionEnabled: false, pageLoadStrategy: normal, platformName: windows, proxy: Proxy(), se:cdp: ws://localhost:61504/devtoo..., se:cdpVersion: 142.0.7444.176, setWindowRect: true, strictFileInteractability: false, timeouts: {implicit: 0, pageLoad: 300000, script: 30000}, unhandledPromptBehavior: dismiss and notify, webauthn:extension:credBlob: true, webauthn:extension:largeBlob: true, webauthn:extension:minPinLength: true, webauthn:extension:prf: true, webauthn:virtualAuthenticators: true}
Session ID: c9d593750d345cf6f7e7147ffaf75d00
2025-11-29 08:49:38 [TestNG-test-OrangeHRMTest_chrome-4] ERROR ActionDriver - Element is not visible: Expected condition failed: waiting for visibility of element located by By.xpath: //input[@name='password'] (tried for 30 second(s) with 500 milliseconds interval)
Build info: version: '4.37.0', revision: '3c1da1e342'
System info: os.name: 'Windows 11', os.arch: 'amd64', os.version: '10.0', java.version: '20'
Driver info: org.openqa.selenium.chrome.ChromeDriver
Capabilities {acceptInsecureCerts: false, browserName: chrome, browserVersion: 142.0.7444.176, chrome: {chromedriverVersion: 142.0.7444.175 (302067f14a4..., userDataDir: C:\Users\DELL\AppData\Local...}, fedcm:accounts: true, goog:chromeOptions: {debuggerAddress: localhost:60076}, goog:processID: 14000, networkConnectionEnabled: false, pageLoadStrategy: normal, platformName: windows, proxy: Proxy(), se:cdp: ws://localhost:60076/devtoo..., se:cdpVersion: 142.0.7444.176, setWindowRect: true, strictFileInteractability: false, timeouts: {implicit: 0, pageLoad: 300000, script: 30000}, unhandledPromptBehavior: dismiss and notify, webauthn:extension:credBlob: true, webauthn:extension:largeBlob: true, webauthn:extension:minPinLength: true, webauthn:extension:prf: true, webauthn:virtualAuthenticators: true}
Session ID: 66c60b6603057b5b5104b083da76a4c2
2025-11-29 08:49:39 [TestNG-test-OrangeHRMTest_chrome-6] ERROR ActionDriver - Unable to describe the element: no such element: Unable to locate element: {"method":"xpath","selector":"//input[@name='password']"}
  (Session info: chrome=142.0.7444.176)
For documentation on this error, please visit: https://www.selenium.dev/documentation/webdriver/troubleshooting/errors#nosuchelementexception
Build info: version: '4.37.0', revision: '3c1da1e342'
System info: os.name: 'Windows 11', os.arch: 'amd64', os.version: '10.0', java.version: '20'
Driver info: org.openqa.selenium.chrome.ChromeDriver
Command: [eaf2928092ba99797910cd691064b3b5, findElement {using=xpath, value=//input[@name='password']}]
Capabilities {acceptInsecureCerts: false, browserName: chrome, browserVersion: 142.0.7444.176, chrome: {chromedriverVersion: 142.0.7444.175 (302067f14a4..., userDataDir: C:\Users\DELL\AppData\Local...}, fedcm:accounts: true, goog:chromeOptions: {debuggerAddress: localhost:65003}, goog:processID: 19276, networkConnectionEnabled: false, pageLoadStrategy: normal, platformName: windows, proxy: Proxy(), se:cdp: ws://localhost:65003/devtoo..., se:cdpVersion: 142.0.7444.176, setWindowRect: true, strictFileInteractability: false, timeouts: {implicit: 0, pageLoad: 300000, script: 30000}, unhandledPromptBehavior: dismiss and notify, webauthn:extension:credBlob: true, webauthn:extension:largeBlob: true, webauthn:extension:minPinLength: true, webauthn:extension:prf: true, webauthn:virtualAuthenticators: true}
Session ID: eaf2928092ba99797910cd691064b3b5
2025-11-29 08:49:40 [TestNG-test-OrangeHRMTest_chrome-6] ERROR ActionDriver - Unable to enter the text in to this field: Expected condition failed: waiting for visibility of element located by By.xpath: //input[@name='password'] (tried for 30 second(s) with 500 milliseconds interval)
Build info: version: '4.37.0', revision: '3c1da1e342'
System info: os.name: 'Windows 11', os.arch: 'amd64', os.version: '10.0', java.version: '20'
Driver info: org.openqa.selenium.chrome.ChromeDriver
Capabilities {acceptInsecureCerts: false, browserName: chrome, browserVersion: 142.0.7444.176, chrome: {chromedriverVersion: 142.0.7444.175 (302067f14a4..., userDataDir: C:\Users\DELL\AppData\Local...}, fedcm:accounts: true, goog:chromeOptions: {debuggerAddress: localhost:65003}, goog:processID: 19276, networkConnectionEnabled: false, pageLoadStrategy: normal, platformName: windows, proxy: Proxy(), se:cdp: ws://localhost:65003/devtoo..., se:cdpVersion: 142.0.7444.176, setWindowRect: true, strictFileInteractability: false, timeouts: {implicit: 0, pageLoad: 300000, script: 30000}, unhandledPromptBehavior: dismiss and notify, webauthn:extension:credBlob: true, webauthn:extension:largeBlob: true, webauthn:extension:minPinLength: true, webauthn:extension:prf: true, webauthn:virtualAuthenticators: true}
Session ID: eaf2928092ba99797910cd691064b3b5
2025-11-29 08:49:56 [TestNG-test-OrangeHRMTest_chrome-5] ERROR ActionDriver - Unable to describe the element: no such element: Unable to locate element: {"method":"xpath","selector":"//input[@name='username']"}
  (Session info: chrome=142.0.7444.176)
For documentation on this error, please visit: https://www.selenium.dev/documentation/webdriver/troubleshooting/errors#nosuchelementexception
Build info: version: '4.37.0', revision: '3c1da1e342'
System info: os.name: 'Windows 11', os.arch: 'amd64', os.version: '10.0', java.version: '20'
Driver info: org.openqa.selenium.chrome.ChromeDriver
Command: [c9d593750d345cf6f7e7147ffaf75d00, findElement {using=xpath, value=//input[@name='username']}]
Capabilities {acceptInsecureCerts: false, browserName: chrome, browserVersion: 142.0.7444.176, chrome: {chromedriverVersion: 142.0.7444.175 (302067f14a4..., userDataDir: C:\Users\DELL\AppData\Local...}, fedcm:accounts: true, goog:chromeOptions: {debuggerAddress: localhost:61504}, goog:processID: 4244, networkConnectionEnabled: false, pageLoadStrategy: normal, platformName: windows, proxy: Proxy(), se:cdp: ws://localhost:61504/devtoo..., se:cdpVersion: 142.0.7444.176, setWindowRect: true, strictFileInteractability: false, timeouts: {implicit: 0, pageLoad: 300000, script: 30000}, unhandledPromptBehavior: dismiss and notify, webauthn:extension:credBlob: true, webauthn:extension:largeBlob: true, webauthn:extension:minPinLength: true, webauthn:extension:prf: true, webauthn:virtualAuthenticators: true}
Session ID: c9d593750d345cf6f7e7147ffaf75d00
2025-11-29 08:49:57 [TestNG-test-OrangeHRMTest_chrome-5] ERROR ActionDriver - Unable to enter the text in to this field: Expected condition failed: waiting for visibility of element located by By.xpath: //input[@name='username'] (tried for 30 second(s) with 500 milliseconds interval)
Build info: version: '4.37.0', revision: '3c1da1e342'
System info: os.name: 'Windows 11', os.arch: 'amd64', os.version: '10.0', java.version: '20'
Driver info: org.openqa.selenium.chrome.ChromeDriver
Capabilities {acceptInsecureCerts: false, browserName: chrome, browserVersion: 142.0.7444.176, chrome: {chromedriverVersion: 142.0.7444.175 (302067f14a4..., userDataDir: C:\Users\DELL\AppData\Local...}, fedcm:accounts: true, goog:chromeOptions: {debuggerAddress: localhost:61504}, goog:processID: 4244, networkConnectionEnabled: false, pageLoadStrategy: normal, platformName: windows, proxy: Proxy(), se:cdp: ws://localhost:61504/devtoo..., se:cdpVersion: 142.0.7444.176, setWindowRect: true, strictFileInteractability: false, timeouts: {implicit: 0, pageLoad: 300000, script: 30000}, unhandledPromptBehavior: dismiss and notify, webauthn:extension:credBlob: true, webauthn:extension:largeBlob: true, webauthn:extension:minPinLength: true, webauthn:extension:prf: true, webauthn:virtualAuthenticators: true}
Session ID: c9d593750d345cf6f7e7147ffaf75d00
2025-11-29 08:49:59 [TestNG-test-OrangeHRMTest_chrome-4] ERROR ActionDriver - Unable to describe the element: no such element: Unable to locate element: {"method":"xpath","selector":"//input[@name='password']"}
  (Session info: chrome=142.0.7444.176)
For documentation on this error, please visit: https://www.selenium.dev/documentation/webdriver/troubleshooting/errors#nosuchelementexception
Build info: version: '4.37.0', revision: '3c1da1e342'
System info: os.name: 'Windows 11', os.arch: 'amd64', os.version: '10.0', java.version: '20'
Driver info: org.openqa.selenium.chrome.ChromeDriver
Command: [66c60b6603057b5b5104b083da76a4c2, findElement {using=xpath, value=//input[@name='password']}]
Capabilities {acceptInsecureCerts: false, browserName: chrome, browserVersion: 142.0.7444.176, chrome: {chromedriverVersion: 142.0.7444.175 (302067f14a4..., userDataDir: C:\Users\DELL\AppData\Local...}, fedcm:accounts: true, goog:chromeOptions: {debuggerAddress: localhost:60076}, goog:processID: 14000, networkConnectionEnabled: false, pageLoadStrategy: normal, platformName: windows, proxy: Proxy(), se:cdp: ws://localhost:60076/devtoo..., se:cdpVersion: 142.0.7444.176, setWindowRect: true, strictFileInteractability: false, timeouts: {implicit: 0, pageLoad: 300000, script: 30000}, unhandledPromptBehavior: dismiss and notify, webauthn:extension:credBlob: true, webauthn:extension:largeBlob: true, webauthn:extension:minPinLength: true, webauthn:extension:prf: true, webauthn:virtualAuthenticators: true}
Session ID: 66c60b6603057b5b5104b083da76a4c2
2025-11-29 08:49:59 [TestNG-test-OrangeHRMTest_chrome-4] ERROR ActionDriver - Unable to enter the text in to this field: Expected condition failed: waiting for visibility of element located by By.xpath: //input[@name='password'] (tried for 30 second(s) with 500 milliseconds interval)
Build info: version: '4.37.0', revision: '3c1da1e342'
System info: os.name: 'Windows 11', os.arch: 'amd64', os.version: '10.0', java.version: '20'
Driver info: org.openqa.selenium.chrome.ChromeDriver
Capabilities {acceptInsecureCerts: false, browserName: chrome, browserVersion: 142.0.7444.176, chrome: {chromedriverVersion: 142.0.7444.175 (302067f14a4..., userDataDir: C:\Users\DELL\AppData\Local...}, fedcm:accounts: true, goog:chromeOptions: {debuggerAddress: localhost:60076}, goog:processID: 14000, networkConnectionEnabled: false, pageLoadStrategy: normal, platformName: windows, proxy: Proxy(), se:cdp: ws://localhost:60076/devtoo..., se:cdpVersion: 142.0.7444.176, setWindowRect: true, strictFileInteractability: false, timeouts: {implicit: 0, pageLoad: 300000, script: 30000}, unhandledPromptBehavior: dismiss and notify, webauthn:extension:credBlob: true, webauthn:extension:largeBlob: true, webauthn:extension:minPinLength: true, webauthn:extension:prf: true, webauthn:virtualAuthenticators: true}
Session ID: 66c60b6603057b5b5104b083da76a4c2
2025-11-29 08:50:13 [TestNG-test-OrangeHRMTest_chrome-6] ERROR ActionDriver - Element is not visible: Expected condition failed: waiting for visibility of element located by By.xpath: //div[@class='oxd-brand-banner']/img (tried for 30 second(s) with 500 milliseconds interval)
Build info: version: '4.37.0', revision: '3c1da1e342'
System info: os.name: 'Windows 11', os.arch: 'amd64', os.version: '10.0', java.version: '20'
Driver info: org.openqa.selenium.chrome.ChromeDriver
Capabilities {acceptInsecureCerts: false, browserName: chrome, browserVersion: 142.0.7444.176, chrome: {chromedriverVersion: 142.0.7444.175 (302067f14a4..., userDataDir: C:\Users\DELL\AppData\Local...}, fedcm:accounts: true, goog:chromeOptions: {debuggerAddress: localhost:65003}, goog:processID: 19276, networkConnectionEnabled: false, pageLoadStrategy: normal, platformName: windows, proxy: Proxy(), se:cdp: ws://localhost:65003/devtoo..., se:cdpVersion: 142.0.7444.176, setWindowRect: true, strictFileInteractability: false, timeouts: {implicit: 0, pageLoad: 300000, script: 30000}, unhandledPromptBehavior: dismiss and notify, webauthn:extension:credBlob: true, webauthn:extension:largeBlob: true, webauthn:extension:minPinLength: true, webauthn:extension:prf: true, webauthn:virtualAuthenticators: true}
Session ID: eaf2928092ba99797910cd691064b3b5
2025-11-29 08:50:27 [TestNG-test-OrangeHRMTest_chrome-5] ERROR ActionDriver - Element is not visible: Expected condition failed: waiting for visibility of element located by By.xpath: //input[@name='password'] (tried for 30 second(s) with 500 milliseconds interval)
Build info: version: '4.37.0', revision: '3c1da1e342'
System info: os.name: 'Windows 11', os.arch: 'amd64', os.version: '10.0', java.version: '20'
Driver info: org.openqa.selenium.chrome.ChromeDriver
Capabilities {acceptInsecureCerts: false, browserName: chrome, browserVersion: 142.0.7444.176, chrome: {chromedriverVersion: 142.0.7444.175 (302067f14a4..., userDataDir: C:\Users\DELL\AppData\Local...}, fedcm:accounts: true, goog:chromeOptions: {debuggerAddress: localhost:61504}, goog:processID: 4244, networkConnectionEnabled: false, pageLoadStrategy: normal, platformName: windows, proxy: Proxy(), se:cdp: ws://localhost:61504/devtoo..., se:cdpVersion: 142.0.7444.176, setWindowRect: true, strictFileInteractability: false, timeouts: {implicit: 0, pageLoad: 300000, script: 30000}, unhandledPromptBehavior: dismiss and notify, webauthn:extension:credBlob: true, webauthn:extension:largeBlob: true, webauthn:extension:minPinLength: true, webauthn:extension:prf: true, webauthn:virtualAuthenticators: true}
Session ID: c9d593750d345cf6f7e7147ffaf75d00
2025-11-29 08:50:33 [TestNG-test-OrangeHRMTest_chrome-6] ERROR ActionDriver - Unable to describe the element: no such element: Unable to locate element: {"method":"xpath","selector":"//div[@class='oxd-brand-banner']/img"}
  (Session info: chrome=142.0.7444.176)
For documentation on this error, please visit: https://www.selenium.dev/documentation/webdriver/troubleshooting/errors#nosuchelementexception
Build info: version: '4.37.0', revision: '3c1da1e342'
System info: os.name: 'Windows 11', os.arch: 'amd64', os.version: '10.0', java.version: '20'
Driver info: org.openqa.selenium.chrome.ChromeDriver
Command: [eaf2928092ba99797910cd691064b3b5, findElement {using=xpath, value=//div[@class='oxd-brand-banner']/img}]
Capabilities {acceptInsecureCerts: false, browserName: chrome, browserVersion: 142.0.7444.176, chrome: {chromedriverVersion: 142.0.7444.175 (302067f14a4..., userDataDir: C:\Users\DELL\AppData\Local...}, fedcm:accounts: true, goog:chromeOptions: {debuggerAddress: localhost:65003}, goog:processID: 19276, networkConnectionEnabled: false, pageLoadStrategy: normal, platformName: windows, proxy: Proxy(), se:cdp: ws://localhost:65003/devtoo..., se:cdpVersion: 142.0.7444.176, setWindowRect: true, strictFileInteractability: false, timeouts: {implicit: 0, pageLoad: 300000, script: 30000}, unhandledPromptBehavior: dismiss and notify, webauthn:extension:credBlob: true, webauthn:extension:largeBlob: true, webauthn:extension:minPinLength: true, webauthn:extension:prf: true, webauthn:virtualAuthenticators: true}
Session ID: eaf2928092ba99797910cd691064b3b5
2025-11-29 08:50:34 [TestNG-test-OrangeHRMTest_chrome-6] ERROR ActionDriver - There an error: Expected condition failed: waiting for visibility of element located by By.xpath: //div[@class='oxd-brand-banner']/img (tried for 30 second(s) with 500 milliseconds interval)
Build info: version: '4.37.0', revision: '3c1da1e342'
System info: os.name: 'Windows 11', os.arch: 'amd64', os.version: '10.0', java.version: '20'
Driver info: org.openqa.selenium.chrome.ChromeDriver
Capabilities {acceptInsecureCerts: false, browserName: chrome, browserVersion: 142.0.7444.176, chrome: {chromedriverVersion: 142.0.7444.175 (302067f14a4..., userDataDir: C:\Users\DELL\AppData\Local...}, fedcm:accounts: true, goog:chromeOptions: {debuggerAddress: localhost:65003}, goog:processID: 19276, networkConnectionEnabled: false, pageLoadStrategy: normal, platformName: windows, proxy: Proxy(), se:cdp: ws://localhost:65003/devtoo..., se:cdpVersion: 142.0.7444.176, setWindowRect: true, strictFileInteractability: false, timeouts: {implicit: 0, pageLoad: 300000, script: 30000}, unhandledPromptBehavior: dismiss and notify, webauthn:extension:credBlob: true, webauthn:extension:largeBlob: true, webauthn:extension:minPinLength: true, webauthn:extension:prf: true, webauthn:virtualAuthenticators: true}
Session ID: eaf2928092ba99797910cd691064b3b5
2025-11-29 08:50:37 [TestNG-test-OrangeHRMTest_chrome-4] ERROR ActionDriver - Element is not visible: Expected condition failed: waiting for visibility of element located by By.xpath: //p[contains(., "Invalid credentials")] (tried for 30 second(s) with 500 milliseconds interval)
Build info: version: '4.37.0', revision: '3c1da1e342'
System info: os.name: 'Windows 11', os.arch: 'amd64', os.version: '10.0', java.version: '20'
Driver info: org.openqa.selenium.chrome.ChromeDriver
Capabilities {acceptInsecureCerts: false, browserName: chrome, browserVersion: 142.0.7444.176, chrome: {chromedriverVersion: 142.0.7444.175 (302067f14a4..., userDataDir: C:\Users\DELL\AppData\Local...}, fedcm:accounts: true, goog:chromeOptions: {debuggerAddress: localhost:61504}, goog:processID: 4244, networkConnectionEnabled: false, pageLoadStrategy: normal, platformName: windows, proxy: Proxy(), se:cdp: ws://localhost:61504/devtoo..., se:cdpVersion: 142.0.7444.176, setWindowRect: true, strictFileInteractability: false, timeouts: {implicit: 0, pageLoad: 300000, script: 30000}, unhandledPromptBehavior: dismiss and notify, webauthn:extension:credBlob: true, webauthn:extension:largeBlob: true, webauthn:extension:minPinLength: true, webauthn:extension:prf: true, webauthn:virtualAuthenticators: true}
Session ID: c9d593750d345cf6f7e7147ffaf75d00
2025-11-29 08:51:08 [TestNG-test-OrangeHRMTest_chrome-5] ERROR ActionDriver - Unable to describe the element: no such element: Unable to locate element: {"method":"xpath","selector":"//input[@name='password']"}
  (Session info: chrome=142.0.7444.176)
For documentation on this error, please visit: https://www.selenium.dev/documentation/webdriver/troubleshooting/errors#nosuchelementexception
Build info: version: '4.37.0', revision: '3c1da1e342'
System info: os.name: 'Windows 11', os.arch: 'amd64', os.version: '10.0', java.version: '20'
Driver info: org.openqa.selenium.chrome.ChromeDriver
Command: [c9d593750d345cf6f7e7147ffaf75d00, findElement {using=xpath, value=//input[@name='password']}]
Capabilities {acceptInsecureCerts: false, browserName: chrome, browserVersion: 142.0.7444.176, chrome: {chromedriverVersion: 142.0.7444.175 (302067f14a4..., userDataDir: C:\Users\DELL\AppData\Local...}, fedcm:accounts: true, goog:chromeOptions: {debuggerAddress: localhost:61504}, goog:processID: 4244, networkConnectionEnabled: false, pageLoadStrategy: normal, platformName: windows, proxy: Proxy(), se:cdp: ws://localhost:61504/devtoo..., se:cdpVersion: 142.0.7444.176, setWindowRect: true, strictFileInteractability: false, timeouts: {implicit: 0, pageLoad: 300000, script: 30000}, unhandledPromptBehavior: dismiss and notify, webauthn:extension:credBlob: true, webauthn:extension:largeBlob: true, webauthn:extension:minPinLength: true, webauthn:extension:prf: true, webauthn:virtualAuthenticators: true}
Session ID: c9d593750d345cf6f7e7147ffaf75d00
2025-11-29 08:51:18 [TestNG-test-OrangeHRMTest_chrome-4] ERROR ActionDriver - Unable to describe the element: no such element: Unable to locate element: {"method":"xpath","selector":"//p[contains(., "Invalid credentials")]"}
  (Session info: chrome=142.0.7444.176)
For documentation on this error, please visit: https://www.selenium.dev/documentation/webdriver/troubleshooting/errors#nosuchelementexception
Build info: version: '4.37.0', revision: '3c1da1e342'
System info: os.name: 'Windows 11', os.arch: 'amd64', os.version: '10.0', java.version: '20'
Driver info: org.openqa.selenium.chrome.ChromeDriver
Command: [c9d593750d345cf6f7e7147ffaf75d00, findElement {using=xpath, value=//p[contains(., "Invalid credentials")]}]
Capabilities {acceptInsecureCerts: false, browserName: chrome, browserVersion: 142.0.7444.176, chrome: {chromedriverVersion: 142.0.7444.175 (302067f14a4..., userDataDir: C:\Users\DELL\AppData\Local...}, fedcm:accounts: true, goog:chromeOptions: {debuggerAddress: localhost:61504}, goog:processID: 4244, networkConnectionEnabled: false, pageLoadStrategy: normal, platformName: windows, proxy: Proxy(), se:cdp: ws://localhost:61504/devtoo..., se:cdpVersion: 142.0.7444.176, setWindowRect: true, strictFileInteractability: false, timeouts: {implicit: 0, pageLoad: 300000, script: 30000}, unhandledPromptBehavior: dismiss and notify, webauthn:extension:credBlob: true, webauthn:extension:largeBlob: true, webauthn:extension:minPinLength: true, webauthn:extension:prf: true, webauthn:virtualAuthenticators: true}
Session ID: c9d593750d345cf6f7e7147ffaf75d00
2025-11-29 08:51:19 [TestNG-test-OrangeHRMTest_chrome-4] ERROR ActionDriver - There an error: Expected condition failed: waiting for visibility of element located by By.xpath: //p[contains(., "Invalid credentials")] (tried for 30 second(s) with 500 milliseconds interval)
Build info: version: '4.37.0', revision: '3c1da1e342'
System info: os.name: 'Windows 11', os.arch: 'amd64', os.version: '10.0', java.version: '20'
Driver info: org.openqa.selenium.chrome.ChromeDriver
Capabilities {acceptInsecureCerts: false, browserName: chrome, browserVersion: 142.0.7444.176, chrome: {chromedriverVersion: 142.0.7444.175 (302067f14a4..., userDataDir: C:\Users\DELL\AppData\Local...}, fedcm:accounts: true, goog:chromeOptions: {debuggerAddress: localhost:61504}, goog:processID: 4244, networkConnectionEnabled: false, pageLoadStrategy: normal, platformName: windows, proxy: Proxy(), se:cdp: ws://localhost:61504/devtoo..., se:cdpVersion: 142.0.7444.176, setWindowRect: true, strictFileInteractability: false, timeouts: {implicit: 0, pageLoad: 300000, script: 30000}, unhandledPromptBehavior: dismiss and notify, webauthn:extension:credBlob: true, webauthn:extension:largeBlob: true, webauthn:extension:minPinLength: true, webauthn:extension:prf: true, webauthn:virtualAuthenticators: true}
Session ID: c9d593750d345cf6f7e7147ffaf75d00
2025-11-29 08:51:19 [TestNG-test-OrangeHRMTest_chrome-5] ERROR ActionDriver - Unable to enter the text in to this field: Expected condition failed: waiting for visibility of element located by By.xpath: //input[@name='password'] (tried for 30 second(s) with 500 milliseconds interval)
Build info: version: '4.37.0', revision: '3c1da1e342'
System info: os.name: 'Windows 11', os.arch: 'amd64', os.version: '10.0', java.version: '20'
Driver info: org.openqa.selenium.chrome.ChromeDriver
Capabilities {acceptInsecureCerts: false, browserName: chrome, browserVersion: 142.0.7444.176, chrome: {chromedriverVersion: 142.0.7444.175 (302067f14a4..., userDataDir: C:\Users\DELL\AppData\Local...}, fedcm:accounts: true, goog:chromeOptions: {debuggerAddress: localhost:61504}, goog:processID: 4244, networkConnectionEnabled: false, pageLoadStrategy: normal, platformName: windows, proxy: Proxy(), se:cdp: ws://localhost:61504/devtoo..., se:cdpVersion: 142.0.7444.176, setWindowRect: true, strictFileInteractability: false, timeouts: {implicit: 0, pageLoad: 300000, script: 30000}, unhandledPromptBehavior: dismiss and notify, webauthn:extension:credBlob: true, webauthn:extension:largeBlob: true, webauthn:extension:minPinLength: true, webauthn:extension:prf: true, webauthn:virtualAuthenticators: true}
Session ID: c9d593750d345cf6f7e7147ffaf75d00
2025-11-29 08:51:54 [TestNG-test-OrangeHRMTest_chrome-5] ERROR ActionDriver - Element is not visible: Expected condition failed: waiting for visibility of element located by By.xpath: //span[text() = 'Admin'] (tried for 30 second(s) with 500 milliseconds interval)
Build info: version: '4.37.0', revision: '3c1da1e342'
System info: os.name: 'Windows 11', os.arch: 'amd64', os.version: '10.0', java.version: '20'
Driver info: org.openqa.selenium.chrome.ChromeDriver
Capabilities {acceptInsecureCerts: false, browserName: chrome, browserVersion: 142.0.7444.176, chrome: {chromedriverVersion: 142.0.7444.175 (302067f14a4..., userDataDir: C:\Users\DELL\AppData\Local...}, fedcm:accounts: true, goog:chromeOptions: {debuggerAddress: localhost:61504}, goog:processID: 4244, networkConnectionEnabled: false, pageLoadStrategy: normal, platformName: windows, proxy: Proxy(), se:cdp: ws://localhost:61504/devtoo..., se:cdpVersion: 142.0.7444.176, setWindowRect: true, strictFileInteractability: false, timeouts: {implicit: 0, pageLoad: 300000, script: 30000}, unhandledPromptBehavior: dismiss and notify, webauthn:extension:credBlob: true, webauthn:extension:largeBlob: true, webauthn:extension:minPinLength: true, webauthn:extension:prf: true, webauthn:virtualAuthenticators: true}
Session ID: c9d593750d345cf6f7e7147ffaf75d00
2025-11-29 08:51:54 [TestNG-test-OrangeHRMTest_chrome-4] ERROR ActionDriver - Element is not visible: Expected condition failed: waiting for visibility of element located by By.xpath: //input[@name='username'] (tried for 30 second(s) with 500 milliseconds interval)
Build info: version: '4.37.0', revision: '3c1da1e342'
System info: os.name: 'Windows 11', os.arch: 'amd64', os.version: '10.0', java.version: '20'
Driver info: org.openqa.selenium.chrome.ChromeDriver
Capabilities {acceptInsecureCerts: false, browserName: chrome, browserVersion: 142.0.7444.176, chrome: {chromedriverVersion: 142.0.7444.175 (302067f14a4..., userDataDir: C:\Users\DELL\AppData\Local...}, fedcm:accounts: true, goog:chromeOptions: {debuggerAddress: localhost:60726}, goog:processID: 20452, networkConnectionEnabled: false, pageLoadStrategy: normal, platformName: windows, proxy: Proxy(), se:cdp: ws://localhost:60726/devtoo..., se:cdpVersion: 142.0.7444.176, setWindowRect: true, strictFileInteractability: false, timeouts: {implicit: 0, pageLoad: 300000, script: 30000}, unhandledPromptBehavior: dismiss and notify, webauthn:extension:credBlob: true, webauthn:extension:largeBlob: true, webauthn:extension:minPinLength: true, webauthn:extension:prf: true, webauthn:virtualAuthenticators: true}
Session ID: 962a4b69ac965c52bfd456cb43fc73c2
2025-11-29 08:52:15 [TestNG-test-OrangeHRMTest_chrome-5] ERROR ActionDriver - Unable to describe the element: no such element: Unable to locate element: {"method":"xpath","selector":"//span[text() = 'Admin']"}
  (Session info: chrome=142.0.7444.176)
For documentation on this error, please visit: https://www.selenium.dev/documentation/webdriver/troubleshooting/errors#nosuchelementexception
Build info: version: '4.37.0', revision: '3c1da1e342'
System info: os.name: 'Windows 11', os.arch: 'amd64', os.version: '10.0', java.version: '20'
Driver info: org.openqa.selenium.chrome.ChromeDriver
Command: [c9d593750d345cf6f7e7147ffaf75d00, findElement {using=xpath, value=//span[text() = 'Admin']}]
Capabilities {acceptInsecureCerts: false, browserName: chrome, browserVersion: 142.0.7444.176, chrome: {chromedriverVersion: 142.0.7444.175 (302067f14a4..., userDataDir: C:\Users\DELL\AppData\Local...}, fedcm:accounts: true, goog:chromeOptions: {debuggerAddress: localhost:61504}, goog:processID: 4244, networkConnectionEnabled: false, pageLoadStrategy: normal, platformName: windows, proxy: Proxy(), se:cdp: ws://localhost:61504/devtoo..., se:cdpVersion: 142.0.7444.176, setWindowRect: true, strictFileInteractability: false, timeouts: {implicit: 0, pageLoad: 300000, script: 30000}, unhandledPromptBehavior: dismiss and notify, webauthn:extension:credBlob: true, webauthn:extension:largeBlob: true, webauthn:extension:minPinLength: true, webauthn:extension:prf: true, webauthn:virtualAuthenticators: true}
Session ID: c9d593750d345cf6f7e7147ffaf75d00
2025-11-29 08:52:15 [TestNG-test-OrangeHRMTest_chrome-4] ERROR ActionDriver - Unable to describe the element: no such element: Unable to locate element: {"method":"xpath","selector":"//input[@name='username']"}
  (Session info: chrome=142.0.7444.176)
For documentation on this error, please visit: https://www.selenium.dev/documentation/webdriver/troubleshooting/errors#nosuchelementexception
Build info: version: '4.37.0', revision: '3c1da1e342'
System info: os.name: 'Windows 11', os.arch: 'amd64', os.version: '10.0', java.version: '20'
Driver info: org.openqa.selenium.chrome.ChromeDriver
Command: [962a4b69ac965c52bfd456cb43fc73c2, findElement {using=xpath, value=//input[@name='username']}]
Capabilities {acceptInsecureCerts: false, browserName: chrome, browserVersion: 142.0.7444.176, chrome: {chromedriverVersion: 142.0.7444.175 (302067f14a4..., userDataDir: C:\Users\DELL\AppData\Local...}, fedcm:accounts: true, goog:chromeOptions: {debuggerAddress: localhost:60726}, goog:processID: 20452, networkConnectionEnabled: false, pageLoadStrategy: normal, platformName: windows, proxy: Proxy(), se:cdp: ws://localhost:60726/devtoo..., se:cdpVersion: 142.0.7444.176, setWindowRect: true, strictFileInteractability: false, timeouts: {implicit: 0, pageLoad: 300000, script: 30000}, unhandledPromptBehavior: dismiss and notify, webauthn:extension:credBlob: true, webauthn:extension:largeBlob: true, webauthn:extension:minPinLength: true, webauthn:extension:prf: true, webauthn:virtualAuthenticators: true}
Session ID: 962a4b69ac965c52bfd456cb43fc73c2
2025-11-29 08:52:16 [TestNG-test-OrangeHRMTest_chrome-5] ERROR ActionDriver - There an error: Expected condition failed: waiting for visibility of element located by By.xpath: //span[text() = 'Admin'] (tried for 30 second(s) with 500 milliseconds interval)
Build info: version: '4.37.0', revision: '3c1da1e342'
System info: os.name: 'Windows 11', os.arch: 'amd64', os.version: '10.0', java.version: '20'
Driver info: org.openqa.selenium.chrome.ChromeDriver
Capabilities {acceptInsecureCerts: false, browserName: chrome, browserVersion: 142.0.7444.176, chrome: {chromedriverVersion: 142.0.7444.175 (302067f14a4..., userDataDir: C:\Users\DELL\AppData\Local...}, fedcm:accounts: true, goog:chromeOptions: {debuggerAddress: localhost:61504}, goog:processID: 4244, networkConnectionEnabled: false, pageLoadStrategy: normal, platformName: windows, proxy: Proxy(), se:cdp: ws://localhost:61504/devtoo..., se:cdpVersion: 142.0.7444.176, setWindowRect: true, strictFileInteractability: false, timeouts: {implicit: 0, pageLoad: 300000, script: 30000}, unhandledPromptBehavior: dismiss and notify, webauthn:extension:credBlob: true, webauthn:extension:largeBlob: true, webauthn:extension:minPinLength: true, webauthn:extension:prf: true, webauthn:virtualAuthenticators: true}
Session ID: c9d593750d345cf6f7e7147ffaf75d00
2025-11-29 08:52:16 [TestNG-test-OrangeHRMTest_chrome-4] ERROR ActionDriver - Unable to enter the text in to this field: Expected condition failed: waiting for visibility of element located by By.xpath: //input[@name='username'] (tried for 30 second(s) with 500 milliseconds interval)
Build info: version: '4.37.0', revision: '3c1da1e342'
System info: os.name: 'Windows 11', os.arch: 'amd64', os.version: '10.0', java.version: '20'
Driver info: org.openqa.selenium.chrome.ChromeDriver
Capabilities {acceptInsecureCerts: false, browserName: chrome, browserVersion: 142.0.7444.176, chrome: {chromedriverVersion: 142.0.7444.175 (302067f14a4..., userDataDir: C:\Users\DELL\AppData\Local...}, fedcm:accounts: true, goog:chromeOptions: {debuggerAddress: localhost:60726}, goog:processID: 20452, networkConnectionEnabled: false, pageLoadStrategy: normal, platformName: windows, proxy: Proxy(), se:cdp: ws://localhost:60726/devtoo..., se:cdpVersion: 142.0.7444.176, setWindowRect: true, strictFileInteractability: false, timeouts: {implicit: 0, pageLoad: 300000, script: 30000}, unhandledPromptBehavior: dismiss and notify, webauthn:extension:credBlob: true, webauthn:extension:largeBlob: true, webauthn:extension:minPinLength: true, webauthn:extension:prf: true, webauthn:virtualAuthenticators: true}
Session ID: 962a4b69ac965c52bfd456cb43fc73c2
2025-11-29 08:52:48 [TestNG-test-OrangeHRMTest_chrome-4] ERROR ActionDriver - Element is not visible: Expected condition failed: waiting for visibility of element located by By.xpath: //input[@name='password'] (tried for 30 second(s) with 500 milliseconds interval)
Build info: version: '4.37.0', revision: '3c1da1e342'
System info: os.name: 'Windows 11', os.arch: 'amd64', os.version: '10.0', java.version: '20'
Driver info: org.openqa.selenium.chrome.ChromeDriver
Capabilities {acceptInsecureCerts: false, browserName: chrome, browserVersion: 142.0.7444.176, chrome: {chromedriverVersion: 142.0.7444.175 (302067f14a4..., userDataDir: C:\Users\DELL\AppData\Local...}, fedcm:accounts: true, goog:chromeOptions: {debuggerAddress: localhost:60726}, goog:processID: 20452, networkConnectionEnabled: false, pageLoadStrategy: normal, platformName: windows, proxy: Proxy(), se:cdp: ws://localhost:60726/devtoo..., se:cdpVersion: 142.0.7444.176, setWindowRect: true, strictFileInteractability: false, timeouts: {implicit: 0, pageLoad: 300000, script: 30000}, unhandledPromptBehavior: dismiss and notify, webauthn:extension:credBlob: true, webauthn:extension:largeBlob: true, webauthn:extension:minPinLength: true, webauthn:extension:prf: true, webauthn:virtualAuthenticators: true}
Session ID: 962a4b69ac965c52bfd456cb43fc73c2
2025-11-29 08:53:09 [TestNG-test-OrangeHRMTest_chrome-4] ERROR ActionDriver - Unable to describe the element: no such element: Unable to locate element: {"method":"xpath","selector":"//input[@name='password']"}
  (Session info: chrome=142.0.7444.176)
For documentation on this error, please visit: https://www.selenium.dev/documentation/webdriver/troubleshooting/errors#nosuchelementexception
Build info: version: '4.37.0', revision: '3c1da1e342'
System info: os.name: 'Windows 11', os.arch: 'amd64', os.version: '10.0', java.version: '20'
Driver info: org.openqa.selenium.chrome.ChromeDriver
Command: [962a4b69ac965c52bfd456cb43fc73c2, findElement {using=xpath, value=//input[@name='password']}]
Capabilities {acceptInsecureCerts: false, browserName: chrome, browserVersion: 142.0.7444.176, chrome: {chromedriverVersion: 142.0.7444.175 (302067f14a4..., userDataDir: C:\Users\DELL\AppData\Local...}, fedcm:accounts: true, goog:chromeOptions: {debuggerAddress: localhost:60726}, goog:processID: 20452, networkConnectionEnabled: false, pageLoadStrategy: normal, platformName: windows, proxy: Proxy(), se:cdp: ws://localhost:60726/devtoo..., se:cdpVersion: 142.0.7444.176, setWindowRect: true, strictFileInteractability: false, timeouts: {implicit: 0, pageLoad: 300000, script: 30000}, unhandledPromptBehavior: dismiss and notify, webauthn:extension:credBlob: true, webauthn:extension:largeBlob: true, webauthn:extension:minPinLength: true, webauthn:extension:prf: true, webauthn:virtualAuthenticators: true}
Session ID: 962a4b69ac965c52bfd456cb43fc73c2
2025-11-29 08:53:09 [TestNG-test-OrangeHRMTest_chrome-4] ERROR ActionDriver - Unable to enter the text in to this field: Expected condition failed: waiting for visibility of element located by By.xpath: //input[@name='password'] (tried for 30 second(s) with 500 milliseconds interval)
Build info: version: '4.37.0', revision: '3c1da1e342'
System info: os.name: 'Windows 11', os.arch: 'amd64', os.version: '10.0', java.version: '20'
Driver info: org.openqa.selenium.chrome.ChromeDriver
Capabilities {acceptInsecureCerts: false, browserName: chrome, browserVersion: 142.0.7444.176, chrome: {chromedriverVersion: 142.0.7444.175 (302067f14a4..., userDataDir: C:\Users\DELL\AppData\Local...}, fedcm:accounts: true, goog:chromeOptions: {debuggerAddress: localhost:60726}, goog:processID: 20452, networkConnectionEnabled: false, pageLoadStrategy: normal, platformName: windows, proxy: Proxy(), se:cdp: ws://localhost:60726/devtoo..., se:cdpVersion: 142.0.7444.176, setWindowRect: true, strictFileInteractability: false, timeouts: {implicit: 0, pageLoad: 300000, script: 30000}, unhandledPromptBehavior: dismiss and notify, webauthn:extension:credBlob: true, webauthn:extension:largeBlob: true, webauthn:extension:minPinLength: true, webauthn:extension:prf: true, webauthn:virtualAuthenticators: true}
Session ID: 962a4b69ac965c52bfd456cb43fc73c2
2025-11-29 08:53:43 [TestNG-test-OrangeHRMTest_chrome-4] ERROR ActionDriver - Element is not visible: Expected condition failed: waiting for visibility of element located by By.xpath: //p[contains(., "Invalid credentials")] (tried for 30 second(s) with 500 milliseconds interval)
Build info: version: '4.37.0', revision: '3c1da1e342'
System info: os.name: 'Windows 11', os.arch: 'amd64', os.version: '10.0', java.version: '20'
Driver info: org.openqa.selenium.chrome.ChromeDriver
Capabilities {acceptInsecureCerts: false, browserName: chrome, browserVersion: 142.0.7444.176, chrome: {chromedriverVersion: 142.0.7444.175 (302067f14a4..., userDataDir: C:\Users\DELL\AppData\Local...}, fedcm:accounts: true, goog:chromeOptions: {debuggerAddress: localhost:60726}, goog:processID: 20452, networkConnectionEnabled: false, pageLoadStrategy: normal, platformName: windows, proxy: Proxy(), se:cdp: ws://localhost:60726/devtoo..., se:cdpVersion: 142.0.7444.176, setWindowRect: true, strictFileInteractability: false, timeouts: {implicit: 0, pageLoad: 300000, script: 30000}, unhandledPromptBehavior: dismiss and notify, webauthn:extension:credBlob: true, webauthn:extension:largeBlob: true, webauthn:extension:minPinLength: true, webauthn:extension:prf: true, webauthn:virtualAuthenticators: true}
Session ID: 962a4b69ac965c52bfd456cb43fc73c2
2025-11-29 08:54:04 [TestNG-test-OrangeHRMTest_chrome-4] ERROR ActionDriver - Unable to describe the element: no such element: Unable to locate element: {"method":"xpath","selector":"//p[contains(., "Invalid credentials")]"}
  (Session info: chrome=142.0.7444.176)
For documentation on this error, please visit: https://www.selenium.dev/documentation/webdriver/troubleshooting/errors#nosuchelementexception
Build info: version: '4.37.0', revision: '3c1da1e342'
System info: os.name: 'Windows 11', os.arch: 'amd64', os.version: '10.0', java.version: '20'
Driver info: org.openqa.selenium.chrome.ChromeDriver
Command: [962a4b69ac965c52bfd456cb43fc73c2, findElement {using=xpath, value=//p[contains(., "Invalid credentials")]}]
Capabilities {acceptInsecureCerts: false, browserName: chrome, browserVersion: 142.0.7444.176, chrome: {chromedriverVersion: 142.0.7444.175 (302067f14a4..., userDataDir: C:\Users\DELL\AppData\Local...}, fedcm:accounts: true, goog:chromeOptions: {debuggerAddress: localhost:60726}, goog:processID: 20452, networkConnectionEnabled: false, pageLoadStrategy: normal, platformName: windows, proxy: Proxy(), se:cdp: ws://localhost:60726/devtoo..., se:cdpVersion: 142.0.7444.176, setWindowRect: true, strictFileInteractability: false, timeouts: {implicit: 0, pageLoad: 300000, script: 30000}, unhandledPromptBehavior: dismiss and notify, webauthn:extension:credBlob: true, webauthn:extension:largeBlob: true, webauthn:extension:minPinLength: true, webauthn:extension:prf: true, webauthn:virtualAuthenticators: true}
Session ID: 962a4b69ac965c52bfd456cb43fc73c2
2025-11-29 08:54:05 [TestNG-test-OrangeHRMTest_chrome-4] ERROR ActionDriver - There an error: Expected condition failed: waiting for visibility of element located by By.xpath: //p[contains(., "Invalid credentials")] (tried for 30 second(s) with 500 milliseconds interval)
Build info: version: '4.37.0', revision: '3c1da1e342'
System info: os.name: 'Windows 11', os.arch: 'amd64', os.version: '10.0', java.version: '20'
Driver info: org.openqa.selenium.chrome.ChromeDriver
Capabilities {acceptInsecureCerts: false, browserName: chrome, browserVersion: 142.0.7444.176, chrome: {chromedriverVersion: 142.0.7444.175 (302067f14a4..., userDataDir: C:\Users\DELL\AppData\Local...}, fedcm:accounts: true, goog:chromeOptions: {debuggerAddress: localhost:60726}, goog:processID: 20452, networkConnectionEnabled: false, pageLoadStrategy: normal, platformName: windows, proxy: Proxy(), se:cdp: ws://localhost:60726/devtoo..., se:cdpVersion: 142.0.7444.176, setWindowRect: true, strictFileInteractability: false, timeouts: {implicit: 0, pageLoad: 300000, script: 30000}, unhandledPromptBehavior: dismiss and notify, webauthn:extension:credBlob: true, webauthn:extension:largeBlob: true, webauthn:extension:minPinLength: true, webauthn:extension:prf: true, webauthn:virtualAuthenticators: true}
Session ID: 962a4b69ac965c52bfd456cb43fc73c2
2025-11-29 08:54:38 [TestNG-test-OrangeHRMTest_chrome-4] ERROR ActionDriver - Element is not visible: Expected condition failed: waiting for visibility of element located by By.xpath: //input[@name='username'] (tried for 30 second(s) with 500 milliseconds interval)
Build info: version: '4.37.0', revision: '3c1da1e342'
System info: os.name: 'Windows 11', os.arch: 'amd64', os.version: '10.0', java.version: '20'
Driver info: org.openqa.selenium.chrome.ChromeDriver
Capabilities {acceptInsecureCerts: false, browserName: chrome, browserVersion: 142.0.7444.176, chrome: {chromedriverVersion: 142.0.7444.175 (302067f14a4..., userDataDir: C:\Users\DELL\AppData\Local...}, fedcm:accounts: true, goog:chromeOptions: {debuggerAddress: localhost:62615}, goog:processID: 16584, networkConnectionEnabled: false, pageLoadStrategy: normal, platformName: windows, proxy: Proxy(), se:cdp: ws://localhost:62615/devtoo..., se:cdpVersion: 142.0.7444.176, setWindowRect: true, strictFileInteractability: false, timeouts: {implicit: 0, pageLoad: 300000, script: 30000}, unhandledPromptBehavior: dismiss and notify, webauthn:extension:credBlob: true, webauthn:extension:largeBlob: true, webauthn:extension:minPinLength: true, webauthn:extension:prf: true, webauthn:virtualAuthenticators: true}
Session ID: 33ebda095d2644c7c849d8eefe5864c9
2025-11-29 08:54:59 [TestNG-test-OrangeHRMTest_chrome-4] ERROR ActionDriver - Unable to describe the element: no such element: Unable to locate element: {"method":"xpath","selector":"//input[@name='username']"}
  (Session info: chrome=142.0.7444.176)
For documentation on this error, please visit: https://www.selenium.dev/documentation/webdriver/troubleshooting/errors#nosuchelementexception
Build info: version: '4.37.0', revision: '3c1da1e342'
System info: os.name: 'Windows 11', os.arch: 'amd64', os.version: '10.0', java.version: '20'
Driver info: org.openqa.selenium.chrome.ChromeDriver
Command: [33ebda095d2644c7c849d8eefe5864c9, findElement {using=xpath, value=//input[@name='username']}]
Capabilities {acceptInsecureCerts: false, browserName: chrome, browserVersion: 142.0.7444.176, chrome: {chromedriverVersion: 142.0.7444.175 (302067f14a4..., userDataDir: C:\Users\DELL\AppData\Local...}, fedcm:accounts: true, goog:chromeOptions: {debuggerAddress: localhost:62615}, goog:processID: 16584, networkConnectionEnabled: false, pageLoadStrategy: normal, platformName: windows, proxy: Proxy(), se:cdp: ws://localhost:62615/devtoo..., se:cdpVersion: 142.0.7444.176, setWindowRect: true, strictFileInteractability: false, timeouts: {implicit: 0, pageLoad: 300000, script: 30000}, unhandledPromptBehavior: dismiss and notify, webauthn:extension:credBlob: true, webauthn:extension:largeBlob: true, webauthn:extension:minPinLength: true, webauthn:extension:prf: true, webauthn:virtualAuthenticators: true}
Session ID: 33ebda095d2644c7c849d8eefe5864c9
2025-11-29 08:54:59 [TestNG-test-OrangeHRMTest_chrome-4] ERROR ActionDriver - Unable to enter the text in to this field: Expected condition failed: waiting for visibility of element located by By.xpath: //input[@name='username'] (tried for 30 second(s) with 500 milliseconds interval)
Build info: version: '4.37.0', revision: '3c1da1e342'
System info: os.name: 'Windows 11', os.arch: 'amd64', os.version: '10.0', java.version: '20'
Driver info: org.openqa.selenium.chrome.ChromeDriver
Capabilities {acceptInsecureCerts: false, browserName: chrome, browserVersion: 142.0.7444.176, chrome: {chromedriverVersion: 142.0.7444.175 (302067f14a4..., userDataDir: C:\Users\DELL\AppData\Local...}, fedcm:accounts: true, goog:chromeOptions: {debuggerAddress: localhost:62615}, goog:processID: 16584, networkConnectionEnabled: false, pageLoadStrategy: normal, platformName: windows, proxy: Proxy(), se:cdp: ws://localhost:62615/devtoo..., se:cdpVersion: 142.0.7444.176, setWindowRect: true, strictFileInteractability: false, timeouts: {implicit: 0, pageLoad: 300000, script: 30000}, unhandledPromptBehavior: dismiss and notify, webauthn:extension:credBlob: true, webauthn:extension:largeBlob: true, webauthn:extension:minPinLength: true, webauthn:extension:prf: true, webauthn:virtualAuthenticators: true}
Session ID: 33ebda095d2644c7c849d8eefe5864c9
2025-11-29 08:55:31 [TestNG-test-OrangeHRMTest_chrome-4] ERROR ActionDriver - Element is not visible: Expected condition failed: waiting for visibility of element located by By.xpath: //input[@name='password'] (tried for 30 second(s) with 500 milliseconds interval)
Build info: version: '4.37.0', revision: '3c1da1e342'
System info: os.name: 'Windows 11', os.arch: 'amd64', os.version: '10.0', java.version: '20'
Driver info: org.openqa.selenium.chrome.ChromeDriver
Capabilities {acceptInsecureCerts: false, browserName: chrome, browserVersion: 142.0.7444.176, chrome: {chromedriverVersion: 142.0.7444.175 (302067f14a4..., userDataDir: C:\Users\DELL\AppData\Local...}, fedcm:accounts: true, goog:chromeOptions: {debuggerAddress: localhost:62615}, goog:processID: 16584, networkConnectionEnabled: false, pageLoadStrategy: normal, platformName: windows, proxy: Proxy(), se:cdp: ws://localhost:62615/devtoo..., se:cdpVersion: 142.0.7444.176, setWindowRect: true, strictFileInteractability: false, timeouts: {implicit: 0, pageLoad: 300000, script: 30000}, unhandledPromptBehavior: dismiss and notify, webauthn:extension:credBlob: true, webauthn:extension:largeBlob: true, webauthn:extension:minPinLength: true, webauthn:extension:prf: true, webauthn:virtualAuthenticators: true}
Session ID: 33ebda095d2644c7c849d8eefe5864c9
2025-11-29 08:55:52 [TestNG-test-OrangeHRMTest_chrome-4] ERROR ActionDriver - Unable to describe the element: no such element: Unable to locate element: {"method":"xpath","selector":"//input[@name='password']"}
  (Session info: chrome=142.0.7444.176)
For documentation on this error, please visit: https://www.selenium.dev/documentation/webdriver/troubleshooting/errors#nosuchelementexception
Build info: version: '4.37.0', revision: '3c1da1e342'
System info: os.name: 'Windows 11', os.arch: 'amd64', os.version: '10.0', java.version: '20'
Driver info: org.openqa.selenium.chrome.ChromeDriver
Command: [33ebda095d2644c7c849d8eefe5864c9, findElement {using=xpath, value=//input[@name='password']}]
Capabilities {acceptInsecureCerts: false, browserName: chrome, browserVersion: 142.0.7444.176, chrome: {chromedriverVersion: 142.0.7444.175 (302067f14a4..., userDataDir: C:\Users\DELL\AppData\Local...}, fedcm:accounts: true, goog:chromeOptions: {debuggerAddress: localhost:62615}, goog:processID: 16584, networkConnectionEnabled: false, pageLoadStrategy: normal, platformName: windows, proxy: Proxy(), se:cdp: ws://localhost:62615/devtoo..., se:cdpVersion: 142.0.7444.176, setWindowRect: true, strictFileInteractability: false, timeouts: {implicit: 0, pageLoad: 300000, script: 30000}, unhandledPromptBehavior: dismiss and notify, webauthn:extension:credBlob: true, webauthn:extension:largeBlob: true, webauthn:extension:minPinLength: true, webauthn:extension:prf: true, webauthn:virtualAuthenticators: true}
Session ID: 33ebda095d2644c7c849d8eefe5864c9
2025-11-29 08:55:52 [TestNG-test-OrangeHRMTest_chrome-4] ERROR ActionDriver - Unable to enter the text in to this field: Expected condition failed: waiting for visibility of element located by By.xpath: //input[@name='password'] (tried for 30 second(s) with 500 milliseconds interval)
Build info: version: '4.37.0', revision: '3c1da1e342'
System info: os.name: 'Windows 11', os.arch: 'amd64', os.version: '10.0', java.version: '20'
Driver info: org.openqa.selenium.chrome.ChromeDriver
Capabilities {acceptInsecureCerts: false, browserName: chrome, browserVersion: 142.0.7444.176, chrome: {chromedriverVersion: 142.0.7444.175 (302067f14a4..., userDataDir: C:\Users\DELL\AppData\Local...}, fedcm:accounts: true, goog:chromeOptions: {debuggerAddress: localhost:62615}, goog:processID: 16584, networkConnectionEnabled: false, pageLoadStrategy: normal, platformName: windows, proxy: Proxy(), se:cdp: ws://localhost:62615/devtoo..., se:cdpVersion: 142.0.7444.176, setWindowRect: true, strictFileInteractability: false, timeouts: {implicit: 0, pageLoad: 300000, script: 30000}, unhandledPromptBehavior: dismiss and notify, webauthn:extension:credBlob: true, webauthn:extension:largeBlob: true, webauthn:extension:minPinLength: true, webauthn:extension:prf: true, webauthn:virtualAuthenticators: true}
Session ID: 33ebda095d2644c7c849d8eefe5864c9
2025-11-29 08:56:25 [TestNG-test-OrangeHRMTest_chrome-4] ERROR ActionDriver - Element is not visible: Expected condition failed: waiting for visibility of element located by By.xpath: //p[contains(., "Invalid credentials")] (tried for 30 second(s) with 500 milliseconds interval)
Build info: version: '4.37.0', revision: '3c1da1e342'
System info: os.name: 'Windows 11', os.arch: 'amd64', os.version: '10.0', java.version: '20'
Driver info: org.openqa.selenium.chrome.ChromeDriver
Capabilities {acceptInsecureCerts: false, browserName: chrome, browserVersion: 142.0.7444.176, chrome: {chromedriverVersion: 142.0.7444.175 (302067f14a4..., userDataDir: C:\Users\DELL\AppData\Local...}, fedcm:accounts: true, goog:chromeOptions: {debuggerAddress: localhost:62615}, goog:processID: 16584, networkConnectionEnabled: false, pageLoadStrategy: normal, platformName: windows, proxy: Proxy(), se:cdp: ws://localhost:62615/devtoo..., se:cdpVersion: 142.0.7444.176, setWindowRect: true, strictFileInteractability: false, timeouts: {implicit: 0, pageLoad: 300000, script: 30000}, unhandledPromptBehavior: dismiss and notify, webauthn:extension:credBlob: true, webauthn:extension:largeBlob: true, webauthn:extension:minPinLength: true, webauthn:extension:prf: true, webauthn:virtualAuthenticators: true}
Session ID: 33ebda095d2644c7c849d8eefe5864c9
2025-11-29 08:56:46 [TestNG-test-OrangeHRMTest_chrome-4] ERROR ActionDriver - Unable to describe the element: no such element: Unable to locate element: {"method":"xpath","selector":"//p[contains(., "Invalid credentials")]"}
  (Session info: chrome=142.0.7444.176)
For documentation on this error, please visit: https://www.selenium.dev/documentation/webdriver/troubleshooting/errors#nosuchelementexception
Build info: version: '4.37.0', revision: '3c1da1e342'
System info: os.name: 'Windows 11', os.arch: 'amd64', os.version: '10.0', java.version: '20'
Driver info: org.openqa.selenium.chrome.ChromeDriver
Command: [33ebda095d2644c7c849d8eefe5864c9, findElement {using=xpath, value=//p[contains(., "Invalid credentials")]}]
Capabilities {acceptInsecureCerts: false, browserName: chrome, browserVersion: 142.0.7444.176, chrome: {chromedriverVersion: 142.0.7444.175 (302067f14a4..., userDataDir: C:\Users\DELL\AppData\Local...}, fedcm:accounts: true, goog:chromeOptions: {debuggerAddress: localhost:62615}, goog:processID: 16584, networkConnectionEnabled: false, pageLoadStrategy: normal, platformName: windows, proxy: Proxy(), se:cdp: ws://localhost:62615/devtoo..., se:cdpVersion: 142.0.7444.176, setWindowRect: true, strictFileInteractability: false, timeouts: {implicit: 0, pageLoad: 300000, script: 30000}, unhandledPromptBehavior: dismiss and notify, webauthn:extension:credBlob: true, webauthn:extension:largeBlob: true, webauthn:extension:minPinLength: true, webauthn:extension:prf: true, webauthn:virtualAuthenticators: true}
Session ID: 33ebda095d2644c7c849d8eefe5864c9
2025-11-29 08:56:47 [TestNG-test-OrangeHRMTest_chrome-4] ERROR ActionDriver - There an error: Expected condition failed: waiting for visibility of element located by By.xpath: //p[contains(., "Invalid credentials")] (tried for 30 second(s) with 500 milliseconds interval)
Build info: version: '4.37.0', revision: '3c1da1e342'
System info: os.name: 'Windows 11', os.arch: 'amd64', os.version: '10.0', java.version: '20'
Driver info: org.openqa.selenium.chrome.ChromeDriver
Capabilities {acceptInsecureCerts: false, browserName: chrome, browserVersion: 142.0.7444.176, chrome: {chromedriverVersion: 142.0.7444.175 (302067f14a4..., userDataDir: C:\Users\DELL\AppData\Local...}, fedcm:accounts: true, goog:chromeOptions: {debuggerAddress: localhost:62615}, goog:processID: 16584, networkConnectionEnabled: false, pageLoadStrategy: normal, platformName: windows, proxy: Proxy(), se:cdp: ws://localhost:62615/devtoo..., se:cdpVersion: 142.0.7444.176, setWindowRect: true, strictFileInteractability: false, timeouts: {implicit: 0, pageLoad: 300000, script: 30000}, unhandledPromptBehavior: dismiss and notify, webauthn:extension:credBlob: true, webauthn:extension:largeBlob: true, webauthn:extension:minPinLength: true, webauthn:extension:prf: true, webauthn:virtualAuthenticators: true}
Session ID: 33ebda095d2644c7c849d8eefe5864c9
2025-11-29 08:57:20 [TestNG-test-OrangeHRMTest_chrome-4] ERROR ActionDriver - Element is not visible: Expected condition failed: waiting for visibility of element located by By.xpath: //input[@name='username'] (tried for 30 second(s) with 500 milliseconds interval)
Build info: version: '4.37.0', revision: '3c1da1e342'
System info: os.name: 'Windows 11', os.arch: 'amd64', os.version: '10.0', java.version: '20'
Driver info: org.openqa.selenium.chrome.ChromeDriver
Capabilities {acceptInsecureCerts: false, browserName: chrome, browserVersion: 142.0.7444.176, chrome: {chromedriverVersion: 142.0.7444.175 (302067f14a4..., userDataDir: C:\Users\DELL\AppData\Local...}, fedcm:accounts: true, goog:chromeOptions: {debuggerAddress: localhost:62306}, goog:processID: 19556, networkConnectionEnabled: false, pageLoadStrategy: normal, platformName: windows, proxy: Proxy(), se:cdp: ws://localhost:62306/devtoo..., se:cdpVersion: 142.0.7444.176, setWindowRect: true, strictFileInteractability: false, timeouts: {implicit: 0, pageLoad: 300000, script: 30000}, unhandledPromptBehavior: dismiss and notify, webauthn:extension:credBlob: true, webauthn:extension:largeBlob: true, webauthn:extension:minPinLength: true, webauthn:extension:prf: true, webauthn:virtualAuthenticators: true}
Session ID: 3ce6db259623621c5495e572b3960299
2025-11-29 08:57:40 [TestNG-test-OrangeHRMTest_chrome-4] ERROR ActionDriver - Unable to describe the element: no such element: Unable to locate element: {"method":"xpath","selector":"//input[@name='username']"}
  (Session info: chrome=142.0.7444.176)
For documentation on this error, please visit: https://www.selenium.dev/documentation/webdriver/troubleshooting/errors#nosuchelementexception
Build info: version: '4.37.0', revision: '3c1da1e342'
System info: os.name: 'Windows 11', os.arch: 'amd64', os.version: '10.0', java.version: '20'
Driver info: org.openqa.selenium.chrome.ChromeDriver
Command: [3ce6db259623621c5495e572b3960299, findElement {using=xpath, value=//input[@name='username']}]
Capabilities {acceptInsecureCerts: false, browserName: chrome, browserVersion: 142.0.7444.176, chrome: {chromedriverVersion: 142.0.7444.175 (302067f14a4..., userDataDir: C:\Users\DELL\AppData\Local...}, fedcm:accounts: true, goog:chromeOptions: {debuggerAddress: localhost:62306}, goog:processID: 19556, networkConnectionEnabled: false, pageLoadStrategy: normal, platformName: windows, proxy: Proxy(), se:cdp: ws://localhost:62306/devtoo..., se:cdpVersion: 142.0.7444.176, setWindowRect: true, strictFileInteractability: false, timeouts: {implicit: 0, pageLoad: 300000, script: 30000}, unhandledPromptBehavior: dismiss and notify, webauthn:extension:credBlob: true, webauthn:extension:largeBlob: true, webauthn:extension:minPinLength: true, webauthn:extension:prf: true, webauthn:virtualAuthenticators: true}
Session ID: 3ce6db259623621c5495e572b3960299
2025-11-29 08:57:41 [TestNG-test-OrangeHRMTest_chrome-4] ERROR ActionDriver - Unable to enter the text in to this field: Expected condition failed: waiting for visibility of element located by By.xpath: //input[@name='username'] (tried for 30 second(s) with 500 milliseconds interval)
Build info: version: '4.37.0', revision: '3c1da1e342'
System info: os.name: 'Windows 11', os.arch: 'amd64', os.version: '10.0', java.version: '20'
Driver info: org.openqa.selenium.chrome.ChromeDriver
Capabilities {acceptInsecureCerts: false, browserName: chrome, browserVersion: 142.0.7444.176, chrome: {chromedriverVersion: 142.0.7444.175 (302067f14a4..., userDataDir: C:\Users\DELL\AppData\Local...}, fedcm:accounts: true, goog:chromeOptions: {debuggerAddress: localhost:62306}, goog:processID: 19556, networkConnectionEnabled: false, pageLoadStrategy: normal, platformName: windows, proxy: Proxy(), se:cdp: ws://localhost:62306/devtoo..., se:cdpVersion: 142.0.7444.176, setWindowRect: true, strictFileInteractability: false, timeouts: {implicit: 0, pageLoad: 300000, script: 30000}, unhandledPromptBehavior: dismiss and notify, webauthn:extension:credBlob: true, webauthn:extension:largeBlob: true, webauthn:extension:minPinLength: true, webauthn:extension:prf: true, webauthn:virtualAuthenticators: true}
Session ID: 3ce6db259623621c5495e572b3960299
2025-11-29 08:58:13 [TestNG-test-OrangeHRMTest_chrome-4] ERROR ActionDriver - Element is not visible: Expected condition failed: waiting for visibility of element located by By.xpath: //input[@name='password'] (tried for 30 second(s) with 500 milliseconds interval)
Build info: version: '4.37.0', revision: '3c1da1e342'
System info: os.name: 'Windows 11', os.arch: 'amd64', os.version: '10.0', java.version: '20'
Driver info: org.openqa.selenium.chrome.ChromeDriver
Capabilities {acceptInsecureCerts: false, browserName: chrome, browserVersion: 142.0.7444.176, chrome: {chromedriverVersion: 142.0.7444.175 (302067f14a4..., userDataDir: C:\Users\DELL\AppData\Local...}, fedcm:accounts: true, goog:chromeOptions: {debuggerAddress: localhost:62306}, goog:processID: 19556, networkConnectionEnabled: false, pageLoadStrategy: normal, platformName: windows, proxy: Proxy(), se:cdp: ws://localhost:62306/devtoo..., se:cdpVersion: 142.0.7444.176, setWindowRect: true, strictFileInteractability: false, timeouts: {implicit: 0, pageLoad: 300000, script: 30000}, unhandledPromptBehavior: dismiss and notify, webauthn:extension:credBlob: true, webauthn:extension:largeBlob: true, webauthn:extension:minPinLength: true, webauthn:extension:prf: true, webauthn:virtualAuthenticators: true}
Session ID: 3ce6db259623621c5495e572b3960299
2025-11-29 08:58:33 [TestNG-test-OrangeHRMTest_chrome-4] ERROR ActionDriver - Unable to describe the element: no such element: Unable to locate element: {"method":"xpath","selector":"//input[@name='password']"}
  (Session info: chrome=142.0.7444.176)
For documentation on this error, please visit: https://www.selenium.dev/documentation/webdriver/troubleshooting/errors#nosuchelementexception
Build info: version: '4.37.0', revision: '3c1da1e342'
System info: os.name: 'Windows 11', os.arch: 'amd64', os.version: '10.0', java.version: '20'
Driver info: org.openqa.selenium.chrome.ChromeDriver
Command: [3ce6db259623621c5495e572b3960299, findElement {using=xpath, value=//input[@name='password']}]
Capabilities {acceptInsecureCerts: false, browserName: chrome, browserVersion: 142.0.7444.176, chrome: {chromedriverVersion: 142.0.7444.175 (302067f14a4..., userDataDir: C:\Users\DELL\AppData\Local...}, fedcm:accounts: true, goog:chromeOptions: {debuggerAddress: localhost:62306}, goog:processID: 19556, networkConnectionEnabled: false, pageLoadStrategy: normal, platformName: windows, proxy: Proxy(), se:cdp: ws://localhost:62306/devtoo..., se:cdpVersion: 142.0.7444.176, setWindowRect: true, strictFileInteractability: false, timeouts: {implicit: 0, pageLoad: 300000, script: 30000}, unhandledPromptBehavior: dismiss and notify, webauthn:extension:credBlob: true, webauthn:extension:largeBlob: true, webauthn:extension:minPinLength: true, webauthn:extension:prf: true, webauthn:virtualAuthenticators: true}
Session ID: 3ce6db259623621c5495e572b3960299
2025-11-29 08:58:34 [TestNG-test-OrangeHRMTest_chrome-4] ERROR ActionDriver - Unable to enter the text in to this field: Expected condition failed: waiting for visibility of element located by By.xpath: //input[@name='password'] (tried for 30 second(s) with 500 milliseconds interval)
Build info: version: '4.37.0', revision: '3c1da1e342'
System info: os.name: 'Windows 11', os.arch: 'amd64', os.version: '10.0', java.version: '20'
Driver info: org.openqa.selenium.chrome.ChromeDriver
Capabilities {acceptInsecureCerts: false, browserName: chrome, browserVersion: 142.0.7444.176, chrome: {chromedriverVersion: 142.0.7444.175 (302067f14a4..., userDataDir: C:\Users\DELL\AppData\Local...}, fedcm:accounts: true, goog:chromeOptions: {debuggerAddress: localhost:62306}, goog:processID: 19556, networkConnectionEnabled: false, pageLoadStrategy: normal, platformName: windows, proxy: Proxy(), se:cdp: ws://localhost:62306/devtoo..., se:cdpVersion: 142.0.7444.176, setWindowRect: true, strictFileInteractability: false, timeouts: {implicit: 0, pageLoad: 300000, script: 30000}, unhandledPromptBehavior: dismiss and notify, webauthn:extension:credBlob: true, webauthn:extension:largeBlob: true, webauthn:extension:minPinLength: true, webauthn:extension:prf: true, webauthn:virtualAuthenticators: true}
Session ID: 3ce6db259623621c5495e572b3960299
2025-11-29 08:59:07 [TestNG-test-OrangeHRMTest_chrome-4] ERROR ActionDriver - Element is not visible: Expected condition failed: waiting for visibility of element located by By.xpath: //p[contains(., "Invalid credentials")] (tried for 30 second(s) with 500 milliseconds interval)
Build info: version: '4.37.0', revision: '3c1da1e342'
System info: os.name: 'Windows 11', os.arch: 'amd64', os.version: '10.0', java.version: '20'
Driver info: org.openqa.selenium.chrome.ChromeDriver
Capabilities {acceptInsecureCerts: false, browserName: chrome, browserVersion: 142.0.7444.176, chrome: {chromedriverVersion: 142.0.7444.175 (302067f14a4..., userDataDir: C:\Users\DELL\AppData\Local...}, fedcm:accounts: true, goog:chromeOptions: {debuggerAddress: localhost:62306}, goog:processID: 19556, networkConnectionEnabled: false, pageLoadStrategy: normal, platformName: windows, proxy: Proxy(), se:cdp: ws://localhost:62306/devtoo..., se:cdpVersion: 142.0.7444.176, setWindowRect: true, strictFileInteractability: false, timeouts: {implicit: 0, pageLoad: 300000, script: 30000}, unhandledPromptBehavior: dismiss and notify, webauthn:extension:credBlob: true, webauthn:extension:largeBlob: true, webauthn:extension:minPinLength: true, webauthn:extension:prf: true, webauthn:virtualAuthenticators: true}
Session ID: 3ce6db259623621c5495e572b3960299
2025-11-29 08:59:28 [TestNG-test-OrangeHRMTest_chrome-4] ERROR ActionDriver - Unable to describe the element: no such element: Unable to locate element: {"method":"xpath","selector":"//p[contains(., "Invalid credentials")]"}
  (Session info: chrome=142.0.7444.176)
For documentation on this error, please visit: https://www.selenium.dev/documentation/webdriver/troubleshooting/errors#nosuchelementexception
Build info: version: '4.37.0', revision: '3c1da1e342'
System info: os.name: 'Windows 11', os.arch: 'amd64', os.version: '10.0', java.version: '20'
Driver info: org.openqa.selenium.chrome.ChromeDriver
Command: [3ce6db259623621c5495e572b3960299, findElement {using=xpath, value=//p[contains(., "Invalid credentials")]}]
Capabilities {acceptInsecureCerts: false, browserName: chrome, browserVersion: 142.0.7444.176, chrome: {chromedriverVersion: 142.0.7444.175 (302067f14a4..., userDataDir: C:\Users\DELL\AppData\Local...}, fedcm:accounts: true, goog:chromeOptions: {debuggerAddress: localhost:62306}, goog:processID: 19556, networkConnectionEnabled: false, pageLoadStrategy: normal, platformName: windows, proxy: Proxy(), se:cdp: ws://localhost:62306/devtoo..., se:cdpVersion: 142.0.7444.176, setWindowRect: true, strictFileInteractability: false, timeouts: {implicit: 0, pageLoad: 300000, script: 30000}, unhandledPromptBehavior: dismiss and notify, webauthn:extension:credBlob: true, webauthn:extension:largeBlob: true, webauthn:extension:minPinLength: true, webauthn:extension:prf: true, webauthn:virtualAuthenticators: true}
Session ID: 3ce6db259623621c5495e572b3960299
2025-11-29 08:59:28 [TestNG-test-OrangeHRMTest_chrome-4] ERROR ActionDriver - There an error: Expected condition failed: waiting for visibility of element located by By.xpath: //p[contains(., "Invalid credentials")] (tried for 30 second(s) with 500 milliseconds interval)
Build info: version: '4.37.0', revision: '3c1da1e342'
System info: os.name: 'Windows 11', os.arch: 'amd64', os.version: '10.0', java.version: '20'
Driver info: org.openqa.selenium.chrome.ChromeDriver
Capabilities {acceptInsecureCerts: false, browserName: chrome, browserVersion: 142.0.7444.176, chrome: {chromedriverVersion: 142.0.7444.175 (302067f14a4..., userDataDir: C:\Users\DELL\AppData\Local...}, fedcm:accounts: true, goog:chromeOptions: {debuggerAddress: localhost:62306}, goog:processID: 19556, networkConnectionEnabled: false, pageLoadStrategy: normal, platformName: windows, proxy: Proxy(), se:cdp: ws://localhost:62306/devtoo..., se:cdpVersion: 142.0.7444.176, setWindowRect: true, strictFileInteractability: false, timeouts: {implicit: 0, pageLoad: 300000, script: 30000}, unhandledPromptBehavior: dismiss and notify, webauthn:extension:credBlob: true, webauthn:extension:largeBlob: true, webauthn:extension:minPinLength: true, webauthn:extension:prf: true, webauthn:virtualAuthenticators: true}
Session ID: 3ce6db259623621c5495e572b3960299
2025-11-29 09:00:02 [TestNG-test-OrangeHRMTest_chrome-4] ERROR ActionDriver - Element is not visible: Expected condition failed: waiting for visibility of element located by By.xpath: //input[@name='username'] (tried for 30 second(s) with 500 milliseconds interval)
Build info: version: '4.37.0', revision: '3c1da1e342'
System info: os.name: 'Windows 11', os.arch: 'amd64', os.version: '10.0', java.version: '20'
Driver info: org.openqa.selenium.chrome.ChromeDriver
Capabilities {acceptInsecureCerts: false, browserName: chrome, browserVersion: 142.0.7444.176, chrome: {chromedriverVersion: 142.0.7444.175 (302067f14a4..., userDataDir: C:\Users\DELL\AppData\Local...}, fedcm:accounts: true, goog:chromeOptions: {debuggerAddress: localhost:59339}, goog:processID: 14208, networkConnectionEnabled: false, pageLoadStrategy: normal, platformName: windows, proxy: Proxy(), se:cdp: ws://localhost:59339/devtoo..., se:cdpVersion: 142.0.7444.176, setWindowRect: true, strictFileInteractability: false, timeouts: {implicit: 0, pageLoad: 300000, script: 30000}, unhandledPromptBehavior: dismiss and notify, webauthn:extension:credBlob: true, webauthn:extension:largeBlob: true, webauthn:extension:minPinLength: true, webauthn:extension:prf: true, webauthn:virtualAuthenticators: true}
Session ID: c7f8a9ccc957fc4eeda12ff714ad0c03
2025-11-29 09:00:23 [TestNG-test-OrangeHRMTest_chrome-4] ERROR ActionDriver - Unable to describe the element: no such element: Unable to locate element: {"method":"xpath","selector":"//input[@name='username']"}
  (Session info: chrome=142.0.7444.176)
For documentation on this error, please visit: https://www.selenium.dev/documentation/webdriver/troubleshooting/errors#nosuchelementexception
Build info: version: '4.37.0', revision: '3c1da1e342'
System info: os.name: 'Windows 11', os.arch: 'amd64', os.version: '10.0', java.version: '20'
Driver info: org.openqa.selenium.chrome.ChromeDriver
Command: [c7f8a9ccc957fc4eeda12ff714ad0c03, findElement {using=xpath, value=//input[@name='username']}]
Capabilities {acceptInsecureCerts: false, browserName: chrome, browserVersion: 142.0.7444.176, chrome: {chromedriverVersion: 142.0.7444.175 (302067f14a4..., userDataDir: C:\Users\DELL\AppData\Local...}, fedcm:accounts: true, goog:chromeOptions: {debuggerAddress: localhost:59339}, goog:processID: 14208, networkConnectionEnabled: false, pageLoadStrategy: normal, platformName: windows, proxy: Proxy(), se:cdp: ws://localhost:59339/devtoo..., se:cdpVersion: 142.0.7444.176, setWindowRect: true, strictFileInteractability: false, timeouts: {implicit: 0, pageLoad: 300000, script: 30000}, unhandledPromptBehavior: dismiss and notify, webauthn:extension:credBlob: true, webauthn:extension:largeBlob: true, webauthn:extension:minPinLength: true, webauthn:extension:prf: true, webauthn:virtualAuthenticators: true}
Session ID: c7f8a9ccc957fc4eeda12ff714ad0c03
2025-11-29 09:00:23 [TestNG-test-OrangeHRMTest_chrome-4] ERROR ActionDriver - Unable to enter the text in to this field: Expected condition failed: waiting for visibility of element located by By.xpath: //input[@name='username'] (tried for 30 second(s) with 500 milliseconds interval)
Build info: version: '4.37.0', revision: '3c1da1e342'
System info: os.name: 'Windows 11', os.arch: 'amd64', os.version: '10.0', java.version: '20'
Driver info: org.openqa.selenium.chrome.ChromeDriver
Capabilities {acceptInsecureCerts: false, browserName: chrome, browserVersion: 142.0.7444.176, chrome: {chromedriverVersion: 142.0.7444.175 (302067f14a4..., userDataDir: C:\Users\DELL\AppData\Local...}, fedcm:accounts: true, goog:chromeOptions: {debuggerAddress: localhost:59339}, goog:processID: 14208, networkConnectionEnabled: false, pageLoadStrategy: normal, platformName: windows, proxy: Proxy(), se:cdp: ws://localhost:59339/devtoo..., se:cdpVersion: 142.0.7444.176, setWindowRect: true, strictFileInteractability: false, timeouts: {implicit: 0, pageLoad: 300000, script: 30000}, unhandledPromptBehavior: dismiss and notify, webauthn:extension:credBlob: true, webauthn:extension:largeBlob: true, webauthn:extension:minPinLength: true, webauthn:extension:prf: true, webauthn:virtualAuthenticators: true}
Session ID: c7f8a9ccc957fc4eeda12ff714ad0c03
2025-11-29 09:00:55 [TestNG-test-OrangeHRMTest_chrome-4] ERROR ActionDriver - Element is not visible: Expected condition failed: waiting for visibility of element located by By.xpath: //input[@name='password'] (tried for 30 second(s) with 500 milliseconds interval)
Build info: version: '4.37.0', revision: '3c1da1e342'
System info: os.name: 'Windows 11', os.arch: 'amd64', os.version: '10.0', java.version: '20'
Driver info: org.openqa.selenium.chrome.ChromeDriver
Capabilities {acceptInsecureCerts: false, browserName: chrome, browserVersion: 142.0.7444.176, chrome: {chromedriverVersion: 142.0.7444.175 (302067f14a4..., userDataDir: C:\Users\DELL\AppData\Local...}, fedcm:accounts: true, goog:chromeOptions: {debuggerAddress: localhost:59339}, goog:processID: 14208, networkConnectionEnabled: false, pageLoadStrategy: normal, platformName: windows, proxy: Proxy(), se:cdp: ws://localhost:59339/devtoo..., se:cdpVersion: 142.0.7444.176, setWindowRect: true, strictFileInteractability: false, timeouts: {implicit: 0, pageLoad: 300000, script: 30000}, unhandledPromptBehavior: dismiss and notify, webauthn:extension:credBlob: true, webauthn:extension:largeBlob: true, webauthn:extension:minPinLength: true, webauthn:extension:prf: true, webauthn:virtualAuthenticators: true}
Session ID: c7f8a9ccc957fc4eeda12ff714ad0c03
2025-11-29 09:01:16 [TestNG-test-OrangeHRMTest_chrome-4] ERROR ActionDriver - Unable to describe the element: no such element: Unable to locate element: {"method":"xpath","selector":"//input[@name='password']"}
  (Session info: chrome=142.0.7444.176)
For documentation on this error, please visit: https://www.selenium.dev/documentation/webdriver/troubleshooting/errors#nosuchelementexception
Build info: version: '4.37.0', revision: '3c1da1e342'
System info: os.name: 'Windows 11', os.arch: 'amd64', os.version: '10.0', java.version: '20'
Driver info: org.openqa.selenium.chrome.ChromeDriver
Command: [c7f8a9ccc957fc4eeda12ff714ad0c03, findElement {using=xpath, value=//input[@name='password']}]
Capabilities {acceptInsecureCerts: false, browserName: chrome, browserVersion: 142.0.7444.176, chrome: {chromedriverVersion: 142.0.7444.175 (302067f14a4..., userDataDir: C:\Users\DELL\AppData\Local...}, fedcm:accounts: true, goog:chromeOptions: {debuggerAddress: localhost:59339}, goog:processID: 14208, networkConnectionEnabled: false, pageLoadStrategy: normal, platformName: windows, proxy: Proxy(), se:cdp: ws://localhost:59339/devtoo..., se:cdpVersion: 142.0.7444.176, setWindowRect: true, strictFileInteractability: false, timeouts: {implicit: 0, pageLoad: 300000, script: 30000}, unhandledPromptBehavior: dismiss and notify, webauthn:extension:credBlob: true, webauthn:extension:largeBlob: true, webauthn:extension:minPinLength: true, webauthn:extension:prf: true, webauthn:virtualAuthenticators: true}
Session ID: c7f8a9ccc957fc4eeda12ff714ad0c03
2025-11-29 09:01:16 [TestNG-test-OrangeHRMTest_chrome-4] ERROR ActionDriver - Unable to enter the text in to this field: Expected condition failed: waiting for visibility of element located by By.xpath: //input[@name='password'] (tried for 30 second(s) with 500 milliseconds interval)
Build info: version: '4.37.0', revision: '3c1da1e342'
System info: os.name: 'Windows 11', os.arch: 'amd64', os.version: '10.0', java.version: '20'
Driver info: org.openqa.selenium.chrome.ChromeDriver
Capabilities {acceptInsecureCerts: false, browserName: chrome, browserVersion: 142.0.7444.176, chrome: {chromedriverVersion: 142.0.7444.175 (302067f14a4..., userDataDir: C:\Users\DELL\AppData\Local...}, fedcm:accounts: true, goog:chromeOptions: {debuggerAddress: localhost:59339}, goog:processID: 14208, networkConnectionEnabled: false, pageLoadStrategy: normal, platformName: windows, proxy: Proxy(), se:cdp: ws://localhost:59339/devtoo..., se:cdpVersion: 142.0.7444.176, setWindowRect: true, strictFileInteractability: false, timeouts: {implicit: 0, pageLoad: 300000, script: 30000}, unhandledPromptBehavior: dismiss and notify, webauthn:extension:credBlob: true, webauthn:extension:largeBlob: true, webauthn:extension:minPinLength: true, webauthn:extension:prf: true, webauthn:virtualAuthenticators: true}
Session ID: c7f8a9ccc957fc4eeda12ff714ad0c03
2025-11-29 09:01:50 [TestNG-test-OrangeHRMTest_chrome-4] ERROR ActionDriver - Element is not visible: Expected condition failed: waiting for visibility of element located by By.xpath: //p[contains(., "Invalid credentials")] (tried for 30 second(s) with 500 milliseconds interval)
Build info: version: '4.37.0', revision: '3c1da1e342'
System info: os.name: 'Windows 11', os.arch: 'amd64', os.version: '10.0', java.version: '20'
Driver info: org.openqa.selenium.chrome.ChromeDriver
Capabilities {acceptInsecureCerts: false, browserName: chrome, browserVersion: 142.0.7444.176, chrome: {chromedriverVersion: 142.0.7444.175 (302067f14a4..., userDataDir: C:\Users\DELL\AppData\Local...}, fedcm:accounts: true, goog:chromeOptions: {debuggerAddress: localhost:59339}, goog:processID: 14208, networkConnectionEnabled: false, pageLoadStrategy: normal, platformName: windows, proxy: Proxy(), se:cdp: ws://localhost:59339/devtoo..., se:cdpVersion: 142.0.7444.176, setWindowRect: true, strictFileInteractability: false, timeouts: {implicit: 0, pageLoad: 300000, script: 30000}, unhandledPromptBehavior: dismiss and notify, webauthn:extension:credBlob: true, webauthn:extension:largeBlob: true, webauthn:extension:minPinLength: true, webauthn:extension:prf: true, webauthn:virtualAuthenticators: true}
Session ID: c7f8a9ccc957fc4eeda12ff714ad0c03
2025-11-29 09:02:11 [TestNG-test-OrangeHRMTest_chrome-4] ERROR ActionDriver - Unable to describe the element: no such element: Unable to locate element: {"method":"xpath","selector":"//p[contains(., "Invalid credentials")]"}
  (Session info: chrome=142.0.7444.176)
For documentation on this error, please visit: https://www.selenium.dev/documentation/webdriver/troubleshooting/errors#nosuchelementexception
Build info: version: '4.37.0', revision: '3c1da1e342'
System info: os.name: 'Windows 11', os.arch: 'amd64', os.version: '10.0', java.version: '20'
Driver info: org.openqa.selenium.chrome.ChromeDriver
Command: [c7f8a9ccc957fc4eeda12ff714ad0c03, findElement {using=xpath, value=//p[contains(., "Invalid credentials")]}]
Capabilities {acceptInsecureCerts: false, browserName: chrome, browserVersion: 142.0.7444.176, chrome: {chromedriverVersion: 142.0.7444.175 (302067f14a4..., userDataDir: C:\Users\DELL\AppData\Local...}, fedcm:accounts: true, goog:chromeOptions: {debuggerAddress: localhost:59339}, goog:processID: 14208, networkConnectionEnabled: false, pageLoadStrategy: normal, platformName: windows, proxy: Proxy(), se:cdp: ws://localhost:59339/devtoo..., se:cdpVersion: 142.0.7444.176, setWindowRect: true, strictFileInteractability: false, timeouts: {implicit: 0, pageLoad: 300000, script: 30000}, unhandledPromptBehavior: dismiss and notify, webauthn:extension:credBlob: true, webauthn:extension:largeBlob: true, webauthn:extension:minPinLength: true, webauthn:extension:prf: true, webauthn:virtualAuthenticators: true}
Session ID: c7f8a9ccc957fc4eeda12ff714ad0c03
2025-11-29 09:02:11 [TestNG-test-OrangeHRMTest_chrome-4] ERROR ActionDriver - There an error: Expected condition failed: waiting for visibility of element located by By.xpath: //p[contains(., "Invalid credentials")] (tried for 30 second(s) with 500 milliseconds interval)
Build info: version: '4.37.0', revision: '3c1da1e342'
System info: os.name: 'Windows 11', os.arch: 'amd64', os.version: '10.0', java.version: '20'
Driver info: org.openqa.selenium.chrome.ChromeDriver
Capabilities {acceptInsecureCerts: false, browserName: chrome, browserVersion: 142.0.7444.176, chrome: {chromedriverVersion: 142.0.7444.175 (302067f14a4..., userDataDir: C:\Users\DELL\AppData\Local...}, fedcm:accounts: true, goog:chromeOptions: {debuggerAddress: localhost:59339}, goog:processID: 14208, networkConnectionEnabled: false, pageLoadStrategy: normal, platformName: windows, proxy: Proxy(), se:cdp: ws://localhost:59339/devtoo..., se:cdpVersion: 142.0.7444.176, setWindowRect: true, strictFileInteractability: false, timeouts: {implicit: 0, pageLoad: 300000, script: 30000}, unhandledPromptBehavior: dismiss and notify, webauthn:extension:credBlob: true, webauthn:extension:largeBlob: true, webauthn:extension:minPinLength: true, webauthn:extension:prf: true, webauthn:virtualAuthenticators: true}
Session ID: c7f8a9ccc957fc4eeda12ff714ad0c03
2025-11-29 09:02:44 [TestNG-test-OrangeHRMTest_chrome-4] ERROR ActionDriver - Element is not visible: Expected condition failed: waiting for visibility of element located by By.xpath: //input[@name='username'] (tried for 30 second(s) with 500 milliseconds interval)
Build info: version: '4.37.0', revision: '3c1da1e342'
System info: os.name: 'Windows 11', os.arch: 'amd64', os.version: '10.0', java.version: '20'
Driver info: org.openqa.selenium.chrome.ChromeDriver
Capabilities {acceptInsecureCerts: false, browserName: chrome, browserVersion: 142.0.7444.176, chrome: {chromedriverVersion: 142.0.7444.175 (302067f14a4..., userDataDir: C:\Users\DELL\AppData\Local...}, fedcm:accounts: true, goog:chromeOptions: {debuggerAddress: localhost:55700}, goog:processID: 18596, networkConnectionEnabled: false, pageLoadStrategy: normal, platformName: windows, proxy: Proxy(), se:cdp: ws://localhost:55700/devtoo..., se:cdpVersion: 142.0.7444.176, setWindowRect: true, strictFileInteractability: false, timeouts: {implicit: 0, pageLoad: 300000, script: 30000}, unhandledPromptBehavior: dismiss and notify, webauthn:extension:credBlob: true, webauthn:extension:largeBlob: true, webauthn:extension:minPinLength: true, webauthn:extension:prf: true, webauthn:virtualAuthenticators: true}
Session ID: aded943ee65445c0731890ed7762384e
2025-11-29 09:03:05 [TestNG-test-OrangeHRMTest_chrome-4] ERROR ActionDriver - Unable to describe the element: no such element: Unable to locate element: {"method":"xpath","selector":"//input[@name='username']"}
  (Session info: chrome=142.0.7444.176)
For documentation on this error, please visit: https://www.selenium.dev/documentation/webdriver/troubleshooting/errors#nosuchelementexception
Build info: version: '4.37.0', revision: '3c1da1e342'
System info: os.name: 'Windows 11', os.arch: 'amd64', os.version: '10.0', java.version: '20'
Driver info: org.openqa.selenium.chrome.ChromeDriver
Command: [aded943ee65445c0731890ed7762384e, findElement {using=xpath, value=//input[@name='username']}]
Capabilities {acceptInsecureCerts: false, browserName: chrome, browserVersion: 142.0.7444.176, chrome: {chromedriverVersion: 142.0.7444.175 (302067f14a4..., userDataDir: C:\Users\DELL\AppData\Local...}, fedcm:accounts: true, goog:chromeOptions: {debuggerAddress: localhost:55700}, goog:processID: 18596, networkConnectionEnabled: false, pageLoadStrategy: normal, platformName: windows, proxy: Proxy(), se:cdp: ws://localhost:55700/devtoo..., se:cdpVersion: 142.0.7444.176, setWindowRect: true, strictFileInteractability: false, timeouts: {implicit: 0, pageLoad: 300000, script: 30000}, unhandledPromptBehavior: dismiss and notify, webauthn:extension:credBlob: true, webauthn:extension:largeBlob: true, webauthn:extension:minPinLength: true, webauthn:extension:prf: true, webauthn:virtualAuthenticators: true}
Session ID: aded943ee65445c0731890ed7762384e
2025-11-29 09:03:05 [TestNG-test-OrangeHRMTest_chrome-4] ERROR ActionDriver - Unable to enter the text in to this field: Expected condition failed: waiting for visibility of element located by By.xpath: //input[@name='username'] (tried for 30 second(s) with 500 milliseconds interval)
Build info: version: '4.37.0', revision: '3c1da1e342'
System info: os.name: 'Windows 11', os.arch: 'amd64', os.version: '10.0', java.version: '20'
Driver info: org.openqa.selenium.chrome.ChromeDriver
Capabilities {acceptInsecureCerts: false, browserName: chrome, browserVersion: 142.0.7444.176, chrome: {chromedriverVersion: 142.0.7444.175 (302067f14a4..., userDataDir: C:\Users\DELL\AppData\Local...}, fedcm:accounts: true, goog:chromeOptions: {debuggerAddress: localhost:55700}, goog:processID: 18596, networkConnectionEnabled: false, pageLoadStrategy: normal, platformName: windows, proxy: Proxy(), se:cdp: ws://localhost:55700/devtoo..., se:cdpVersion: 142.0.7444.176, setWindowRect: true, strictFileInteractability: false, timeouts: {implicit: 0, pageLoad: 300000, script: 30000}, unhandledPromptBehavior: dismiss and notify, webauthn:extension:credBlob: true, webauthn:extension:largeBlob: true, webauthn:extension:minPinLength: true, webauthn:extension:prf: true, webauthn:virtualAuthenticators: true}
Session ID: aded943ee65445c0731890ed7762384e
2025-11-29 09:03:37 [TestNG-test-OrangeHRMTest_chrome-4] ERROR ActionDriver - Element is not visible: Expected condition failed: waiting for visibility of element located by By.xpath: //input[@name='password'] (tried for 30 second(s) with 500 milliseconds interval)
Build info: version: '4.37.0', revision: '3c1da1e342'
System info: os.name: 'Windows 11', os.arch: 'amd64', os.version: '10.0', java.version: '20'
Driver info: org.openqa.selenium.chrome.ChromeDriver
Capabilities {acceptInsecureCerts: false, browserName: chrome, browserVersion: 142.0.7444.176, chrome: {chromedriverVersion: 142.0.7444.175 (302067f14a4..., userDataDir: C:\Users\DELL\AppData\Local...}, fedcm:accounts: true, goog:chromeOptions: {debuggerAddress: localhost:55700}, goog:processID: 18596, networkConnectionEnabled: false, pageLoadStrategy: normal, platformName: windows, proxy: Proxy(), se:cdp: ws://localhost:55700/devtoo..., se:cdpVersion: 142.0.7444.176, setWindowRect: true, strictFileInteractability: false, timeouts: {implicit: 0, pageLoad: 300000, script: 30000}, unhandledPromptBehavior: dismiss and notify, webauthn:extension:credBlob: true, webauthn:extension:largeBlob: true, webauthn:extension:minPinLength: true, webauthn:extension:prf: true, webauthn:virtualAuthenticators: true}
Session ID: aded943ee65445c0731890ed7762384e
2025-11-29 09:03:57 [TestNG-test-OrangeHRMTest_chrome-4] ERROR ActionDriver - Unable to describe the element: no such element: Unable to locate element: {"method":"xpath","selector":"//input[@name='password']"}
  (Session info: chrome=142.0.7444.176)
For documentation on this error, please visit: https://www.selenium.dev/documentation/webdriver/troubleshooting/errors#nosuchelementexception
Build info: version: '4.37.0', revision: '3c1da1e342'
System info: os.name: 'Windows 11', os.arch: 'amd64', os.version: '10.0', java.version: '20'
Driver info: org.openqa.selenium.chrome.ChromeDriver
Command: [aded943ee65445c0731890ed7762384e, findElement {using=xpath, value=//input[@name='password']}]
Capabilities {acceptInsecureCerts: false, browserName: chrome, browserVersion: 142.0.7444.176, chrome: {chromedriverVersion: 142.0.7444.175 (302067f14a4..., userDataDir: C:\Users\DELL\AppData\Local...}, fedcm:accounts: true, goog:chromeOptions: {debuggerAddress: localhost:55700}, goog:processID: 18596, networkConnectionEnabled: false, pageLoadStrategy: normal, platformName: windows, proxy: Proxy(), se:cdp: ws://localhost:55700/devtoo..., se:cdpVersion: 142.0.7444.176, setWindowRect: true, strictFileInteractability: false, timeouts: {implicit: 0, pageLoad: 300000, script: 30000}, unhandledPromptBehavior: dismiss and notify, webauthn:extension:credBlob: true, webauthn:extension:largeBlob: true, webauthn:extension:minPinLength: true, webauthn:extension:prf: true, webauthn:virtualAuthenticators: true}
Session ID: aded943ee65445c0731890ed7762384e
2025-11-29 09:03:58 [TestNG-test-OrangeHRMTest_chrome-4] ERROR ActionDriver - Unable to enter the text in to this field: Expected condition failed: waiting for visibility of element located by By.xpath: //input[@name='password'] (tried for 30 second(s) with 500 milliseconds interval)
Build info: version: '4.37.0', revision: '3c1da1e342'
System info: os.name: 'Windows 11', os.arch: 'amd64', os.version: '10.0', java.version: '20'
Driver info: org.openqa.selenium.chrome.ChromeDriver
Capabilities {acceptInsecureCerts: false, browserName: chrome, browserVersion: 142.0.7444.176, chrome: {chromedriverVersion: 142.0.7444.175 (302067f14a4..., userDataDir: C:\Users\DELL\AppData\Local...}, fedcm:accounts: true, goog:chromeOptions: {debuggerAddress: localhost:55700}, goog:processID: 18596, networkConnectionEnabled: false, pageLoadStrategy: normal, platformName: windows, proxy: Proxy(), se:cdp: ws://localhost:55700/devtoo..., se:cdpVersion: 142.0.7444.176, setWindowRect: true, strictFileInteractability: false, timeouts: {implicit: 0, pageLoad: 300000, script: 30000}, unhandledPromptBehavior: dismiss and notify, webauthn:extension:credBlob: true, webauthn:extension:largeBlob: true, webauthn:extension:minPinLength: true, webauthn:extension:prf: true, webauthn:virtualAuthenticators: true}
Session ID: aded943ee65445c0731890ed7762384e
2025-11-29 09:04:31 [TestNG-test-OrangeHRMTest_chrome-4] ERROR ActionDriver - Element is not visible: Expected condition failed: waiting for visibility of element located by By.xpath: //p[contains(., "Invalid credentials")] (tried for 30 second(s) with 500 milliseconds interval)
Build info: version: '4.37.0', revision: '3c1da1e342'
System info: os.name: 'Windows 11', os.arch: 'amd64', os.version: '10.0', java.version: '20'
Driver info: org.openqa.selenium.chrome.ChromeDriver
Capabilities {acceptInsecureCerts: false, browserName: chrome, browserVersion: 142.0.7444.176, chrome: {chromedriverVersion: 142.0.7444.175 (302067f14a4..., userDataDir: C:\Users\DELL\AppData\Local...}, fedcm:accounts: true, goog:chromeOptions: {debuggerAddress: localhost:55700}, goog:processID: 18596, networkConnectionEnabled: false, pageLoadStrategy: normal, platformName: windows, proxy: Proxy(), se:cdp: ws://localhost:55700/devtoo..., se:cdpVersion: 142.0.7444.176, setWindowRect: true, strictFileInteractability: false, timeouts: {implicit: 0, pageLoad: 300000, script: 30000}, unhandledPromptBehavior: dismiss and notify, webauthn:extension:credBlob: true, webauthn:extension:largeBlob: true, webauthn:extension:minPinLength: true, webauthn:extension:prf: true, webauthn:virtualAuthenticators: true}
Session ID: aded943ee65445c0731890ed7762384e
2025-11-29 09:04:52 [TestNG-test-OrangeHRMTest_chrome-4] ERROR ActionDriver - Unable to describe the element: no such element: Unable to locate element: {"method":"xpath","selector":"//p[contains(., "Invalid credentials")]"}
  (Session info: chrome=142.0.7444.176)
For documentation on this error, please visit: https://www.selenium.dev/documentation/webdriver/troubleshooting/errors#nosuchelementexception
Build info: version: '4.37.0', revision: '3c1da1e342'
System info: os.name: 'Windows 11', os.arch: 'amd64', os.version: '10.0', java.version: '20'
Driver info: org.openqa.selenium.chrome.ChromeDriver
Command: [aded943ee65445c0731890ed7762384e, findElement {using=xpath, value=//p[contains(., "Invalid credentials")]}]
Capabilities {acceptInsecureCerts: false, browserName: chrome, browserVersion: 142.0.7444.176, chrome: {chromedriverVersion: 142.0.7444.175 (302067f14a4..., userDataDir: C:\Users\DELL\AppData\Local...}, fedcm:accounts: true, goog:chromeOptions: {debuggerAddress: localhost:55700}, goog:processID: 18596, networkConnectionEnabled: false, pageLoadStrategy: normal, platformName: windows, proxy: Proxy(), se:cdp: ws://localhost:55700/devtoo..., se:cdpVersion: 142.0.7444.176, setWindowRect: true, strictFileInteractability: false, timeouts: {implicit: 0, pageLoad: 300000, script: 30000}, unhandledPromptBehavior: dismiss and notify, webauthn:extension:credBlob: true, webauthn:extension:largeBlob: true, webauthn:extension:minPinLength: true, webauthn:extension:prf: true, webauthn:virtualAuthenticators: true}
Session ID: aded943ee65445c0731890ed7762384e
2025-11-29 09:04:52 [TestNG-test-OrangeHRMTest_chrome-4] ERROR ActionDriver - There an error: Expected condition failed: waiting for visibility of element located by By.xpath: //p[contains(., "Invalid credentials")] (tried for 30 second(s) with 500 milliseconds interval)
Build info: version: '4.37.0', revision: '3c1da1e342'
System info: os.name: 'Windows 11', os.arch: 'amd64', os.version: '10.0', java.version: '20'
Driver info: org.openqa.selenium.chrome.ChromeDriver
Capabilities {acceptInsecureCerts: false, browserName: chrome, browserVersion: 142.0.7444.176, chrome: {chromedriverVersion: 142.0.7444.175 (302067f14a4..., userDataDir: C:\Users\DELL\AppData\Local...}, fedcm:accounts: true, goog:chromeOptions: {debuggerAddress: localhost:55700}, goog:processID: 18596, networkConnectionEnabled: false, pageLoadStrategy: normal, platformName: windows, proxy: Proxy(), se:cdp: ws://localhost:55700/devtoo..., se:cdpVersion: 142.0.7444.176, setWindowRect: true, strictFileInteractability: false, timeouts: {implicit: 0, pageLoad: 300000, script: 30000}, unhandledPromptBehavior: dismiss and notify, webauthn:extension:credBlob: true, webauthn:extension:largeBlob: true, webauthn:extension:minPinLength: true, webauthn:extension:prf: true, webauthn:virtualAuthenticators: true}
Session ID: aded943ee65445c0731890ed7762384e
2025-11-29 09:05:25 [TestNG-test-OrangeHRMTest_chrome-4] ERROR ActionDriver - Element is not visible: Expected condition failed: waiting for visibility of element located by By.xpath: //input[@name='username'] (tried for 30 second(s) with 500 milliseconds interval)
Build info: version: '4.37.0', revision: '3c1da1e342'
System info: os.name: 'Windows 11', os.arch: 'amd64', os.version: '10.0', java.version: '20'
Driver info: org.openqa.selenium.chrome.ChromeDriver
Capabilities {acceptInsecureCerts: false, browserName: chrome, browserVersion: 142.0.7444.176, chrome: {chromedriverVersion: 142.0.7444.175 (302067f14a4..., userDataDir: C:\Users\DELL\AppData\Local...}, fedcm:accounts: true, goog:chromeOptions: {debuggerAddress: localhost:61312}, goog:processID: 8504, networkConnectionEnabled: false, pageLoadStrategy: normal, platformName: windows, proxy: Proxy(), se:cdp: ws://localhost:61312/devtoo..., se:cdpVersion: 142.0.7444.176, setWindowRect: true, strictFileInteractability: false, timeouts: {implicit: 0, pageLoad: 300000, script: 30000}, unhandledPromptBehavior: dismiss and notify, webauthn:extension:credBlob: true, webauthn:extension:largeBlob: true, webauthn:extension:minPinLength: true, webauthn:extension:prf: true, webauthn:virtualAuthenticators: true}
Session ID: dc9b287fe8db45cf1ba25bff87775e68
2025-11-29 09:05:46 [TestNG-test-OrangeHRMTest_chrome-4] ERROR ActionDriver - Unable to describe the element: no such element: Unable to locate element: {"method":"xpath","selector":"//input[@name='username']"}
  (Session info: chrome=142.0.7444.176)
For documentation on this error, please visit: https://www.selenium.dev/documentation/webdriver/troubleshooting/errors#nosuchelementexception
Build info: version: '4.37.0', revision: '3c1da1e342'
System info: os.name: 'Windows 11', os.arch: 'amd64', os.version: '10.0', java.version: '20'
Driver info: org.openqa.selenium.chrome.ChromeDriver
Command: [dc9b287fe8db45cf1ba25bff87775e68, findElement {using=xpath, value=//input[@name='username']}]
Capabilities {acceptInsecureCerts: false, browserName: chrome, browserVersion: 142.0.7444.176, chrome: {chromedriverVersion: 142.0.7444.175 (302067f14a4..., userDataDir: C:\Users\DELL\AppData\Local...}, fedcm:accounts: true, goog:chromeOptions: {debuggerAddress: localhost:61312}, goog:processID: 8504, networkConnectionEnabled: false, pageLoadStrategy: normal, platformName: windows, proxy: Proxy(), se:cdp: ws://localhost:61312/devtoo..., se:cdpVersion: 142.0.7444.176, setWindowRect: true, strictFileInteractability: false, timeouts: {implicit: 0, pageLoad: 300000, script: 30000}, unhandledPromptBehavior: dismiss and notify, webauthn:extension:credBlob: true, webauthn:extension:largeBlob: true, webauthn:extension:minPinLength: true, webauthn:extension:prf: true, webauthn:virtualAuthenticators: true}
Session ID: dc9b287fe8db45cf1ba25bff87775e68
2025-11-29 09:05:46 [TestNG-test-OrangeHRMTest_chrome-4] ERROR ActionDriver - Unable to enter the text in to this field: Expected condition failed: waiting for visibility of element located by By.xpath: //input[@name='username'] (tried for 30 second(s) with 500 milliseconds interval)
Build info: version: '4.37.0', revision: '3c1da1e342'
System info: os.name: 'Windows 11', os.arch: 'amd64', os.version: '10.0', java.version: '20'
Driver info: org.openqa.selenium.chrome.ChromeDriver
Capabilities {acceptInsecureCerts: false, browserName: chrome, browserVersion: 142.0.7444.176, chrome: {chromedriverVersion: 142.0.7444.175 (302067f14a4..., userDataDir: C:\Users\DELL\AppData\Local...}, fedcm:accounts: true, goog:chromeOptions: {debuggerAddress: localhost:61312}, goog:processID: 8504, networkConnectionEnabled: false, pageLoadStrategy: normal, platformName: windows, proxy: Proxy(), se:cdp: ws://localhost:61312/devtoo..., se:cdpVersion: 142.0.7444.176, setWindowRect: true, strictFileInteractability: false, timeouts: {implicit: 0, pageLoad: 300000, script: 30000}, unhandledPromptBehavior: dismiss and notify, webauthn:extension:credBlob: true, webauthn:extension:largeBlob: true, webauthn:extension:minPinLength: true, webauthn:extension:prf: true, webauthn:virtualAuthenticators: true}
Session ID: dc9b287fe8db45cf1ba25bff87775e68
2025-11-29 09:06:18 [TestNG-test-OrangeHRMTest_chrome-4] ERROR ActionDriver - Element is not visible: Expected condition failed: waiting for visibility of element located by By.xpath: //input[@name='password'] (tried for 30 second(s) with 500 milliseconds interval)
Build info: version: '4.37.0', revision: '3c1da1e342'
System info: os.name: 'Windows 11', os.arch: 'amd64', os.version: '10.0', java.version: '20'
Driver info: org.openqa.selenium.chrome.ChromeDriver
Capabilities {acceptInsecureCerts: false, browserName: chrome, browserVersion: 142.0.7444.176, chrome: {chromedriverVersion: 142.0.7444.175 (302067f14a4..., userDataDir: C:\Users\DELL\AppData\Local...}, fedcm:accounts: true, goog:chromeOptions: {debuggerAddress: localhost:61312}, goog:processID: 8504, networkConnectionEnabled: false, pageLoadStrategy: normal, platformName: windows, proxy: Proxy(), se:cdp: ws://localhost:61312/devtoo..., se:cdpVersion: 142.0.7444.176, setWindowRect: true, strictFileInteractability: false, timeouts: {implicit: 0, pageLoad: 300000, script: 30000}, unhandledPromptBehavior: dismiss and notify, webauthn:extension:credBlob: true, webauthn:extension:largeBlob: true, webauthn:extension:minPinLength: true, webauthn:extension:prf: true, webauthn:virtualAuthenticators: true}
Session ID: dc9b287fe8db45cf1ba25bff87775e68
2025-11-29 09:06:39 [TestNG-test-OrangeHRMTest_chrome-4] ERROR ActionDriver - Unable to describe the element: no such element: Unable to locate element: {"method":"xpath","selector":"//input[@name='password']"}
  (Session info: chrome=142.0.7444.176)
For documentation on this error, please visit: https://www.selenium.dev/documentation/webdriver/troubleshooting/errors#nosuchelementexception
Build info: version: '4.37.0', revision: '3c1da1e342'
System info: os.name: 'Windows 11', os.arch: 'amd64', os.version: '10.0', java.version: '20'
Driver info: org.openqa.selenium.chrome.ChromeDriver
Command: [dc9b287fe8db45cf1ba25bff87775e68, findElement {using=xpath, value=//input[@name='password']}]
Capabilities {acceptInsecureCerts: false, browserName: chrome, browserVersion: 142.0.7444.176, chrome: {chromedriverVersion: 142.0.7444.175 (302067f14a4..., userDataDir: C:\Users\DELL\AppData\Local...}, fedcm:accounts: true, goog:chromeOptions: {debuggerAddress: localhost:61312}, goog:processID: 8504, networkConnectionEnabled: false, pageLoadStrategy: normal, platformName: windows, proxy: Proxy(), se:cdp: ws://localhost:61312/devtoo..., se:cdpVersion: 142.0.7444.176, setWindowRect: true, strictFileInteractability: false, timeouts: {implicit: 0, pageLoad: 300000, script: 30000}, unhandledPromptBehavior: dismiss and notify, webauthn:extension:credBlob: true, webauthn:extension:largeBlob: true, webauthn:extension:minPinLength: true, webauthn:extension:prf: true, webauthn:virtualAuthenticators: true}
Session ID: dc9b287fe8db45cf1ba25bff87775e68
2025-11-29 09:06:39 [TestNG-test-OrangeHRMTest_chrome-4] ERROR ActionDriver - Unable to enter the text in to this field: Expected condition failed: waiting for visibility of element located by By.xpath: //input[@name='password'] (tried for 30 second(s) with 500 milliseconds interval)
Build info: version: '4.37.0', revision: '3c1da1e342'
System info: os.name: 'Windows 11', os.arch: 'amd64', os.version: '10.0', java.version: '20'
Driver info: org.openqa.selenium.chrome.ChromeDriver
Capabilities {acceptInsecureCerts: false, browserName: chrome, browserVersion: 142.0.7444.176, chrome: {chromedriverVersion: 142.0.7444.175 (302067f14a4..., userDataDir: C:\Users\DELL\AppData\Local...}, fedcm:accounts: true, goog:chromeOptions: {debuggerAddress: localhost:61312}, goog:processID: 8504, networkConnectionEnabled: false, pageLoadStrategy: normal, platformName: windows, proxy: Proxy(), se:cdp: ws://localhost:61312/devtoo..., se:cdpVersion: 142.0.7444.176, setWindowRect: true, strictFileInteractability: false, timeouts: {implicit: 0, pageLoad: 300000, script: 30000}, unhandledPromptBehavior: dismiss and notify, webauthn:extension:credBlob: true, webauthn:extension:largeBlob: true, webauthn:extension:minPinLength: true, webauthn:extension:prf: true, webauthn:virtualAuthenticators: true}
Session ID: dc9b287fe8db45cf1ba25bff87775e68
2025-11-29 09:07:13 [TestNG-test-OrangeHRMTest_chrome-4] ERROR ActionDriver - Element is not visible: Expected condition failed: waiting for visibility of element located by By.xpath: //p[contains(., "Invalid credentials")] (tried for 30 second(s) with 500 milliseconds interval)
Build info: version: '4.37.0', revision: '3c1da1e342'
System info: os.name: 'Windows 11', os.arch: 'amd64', os.version: '10.0', java.version: '20'
Driver info: org.openqa.selenium.chrome.ChromeDriver
Capabilities {acceptInsecureCerts: false, browserName: chrome, browserVersion: 142.0.7444.176, chrome: {chromedriverVersion: 142.0.7444.175 (302067f14a4..., userDataDir: C:\Users\DELL\AppData\Local...}, fedcm:accounts: true, goog:chromeOptions: {debuggerAddress: localhost:61312}, goog:processID: 8504, networkConnectionEnabled: false, pageLoadStrategy: normal, platformName: windows, proxy: Proxy(), se:cdp: ws://localhost:61312/devtoo..., se:cdpVersion: 142.0.7444.176, setWindowRect: true, strictFileInteractability: false, timeouts: {implicit: 0, pageLoad: 300000, script: 30000}, unhandledPromptBehavior: dismiss and notify, webauthn:extension:credBlob: true, webauthn:extension:largeBlob: true, webauthn:extension:minPinLength: true, webauthn:extension:prf: true, webauthn:virtualAuthenticators: true}
Session ID: dc9b287fe8db45cf1ba25bff87775e68
2025-11-29 09:07:34 [TestNG-test-OrangeHRMTest_chrome-4] ERROR ActionDriver - Unable to describe the element: no such element: Unable to locate element: {"method":"xpath","selector":"//p[contains(., "Invalid credentials")]"}
  (Session info: chrome=142.0.7444.176)
For documentation on this error, please visit: https://www.selenium.dev/documentation/webdriver/troubleshooting/errors#nosuchelementexception
Build info: version: '4.37.0', revision: '3c1da1e342'
System info: os.name: 'Windows 11', os.arch: 'amd64', os.version: '10.0', java.version: '20'
Driver info: org.openqa.selenium.chrome.ChromeDriver
Command: [dc9b287fe8db45cf1ba25bff87775e68, findElement {using=xpath, value=//p[contains(., "Invalid credentials")]}]
Capabilities {acceptInsecureCerts: false, browserName: chrome, browserVersion: 142.0.7444.176, chrome: {chromedriverVersion: 142.0.7444.175 (302067f14a4..., userDataDir: C:\Users\DELL\AppData\Local...}, fedcm:accounts: true, goog:chromeOptions: {debuggerAddress: localhost:61312}, goog:processID: 8504, networkConnectionEnabled: false, pageLoadStrategy: normal, platformName: windows, proxy: Proxy(), se:cdp: ws://localhost:61312/devtoo..., se:cdpVersion: 142.0.7444.176, setWindowRect: true, strictFileInteractability: false, timeouts: {implicit: 0, pageLoad: 300000, script: 30000}, unhandledPromptBehavior: dismiss and notify, webauthn:extension:credBlob: true, webauthn:extension:largeBlob: true, webauthn:extension:minPinLength: true, webauthn:extension:prf: true, webauthn:virtualAuthenticators: true}
Session ID: dc9b287fe8db45cf1ba25bff87775e68
2025-11-29 09:07:34 [TestNG-test-OrangeHRMTest_chrome-4] ERROR ActionDriver - There an error: Expected condition failed: waiting for visibility of element located by By.xpath: //p[contains(., "Invalid credentials")] (tried for 30 second(s) with 500 milliseconds interval)
Build info: version: '4.37.0', revision: '3c1da1e342'
System info: os.name: 'Windows 11', os.arch: 'amd64', os.version: '10.0', java.version: '20'
Driver info: org.openqa.selenium.chrome.ChromeDriver
Capabilities {acceptInsecureCerts: false, browserName: chrome, browserVersion: 142.0.7444.176, chrome: {chromedriverVersion: 142.0.7444.175 (302067f14a4..., userDataDir: C:\Users\DELL\AppData\Local...}, fedcm:accounts: true, goog:chromeOptions: {debuggerAddress: localhost:61312}, goog:processID: 8504, networkConnectionEnabled: false, pageLoadStrategy: normal, platformName: windows, proxy: Proxy(), se:cdp: ws://localhost:61312/devtoo..., se:cdpVersion: 142.0.7444.176, setWindowRect: true, strictFileInteractability: false, timeouts: {implicit: 0, pageLoad: 300000, script: 30000}, unhandledPromptBehavior: dismiss and notify, webauthn:extension:credBlob: true, webauthn:extension:largeBlob: true, webauthn:extension:minPinLength: true, webauthn:extension:prf: true, webauthn:virtualAuthenticators: true}
Session ID: dc9b287fe8db45cf1ba25bff87775e68
2025-11-29 21:23:56 [TestNG-test-anhtesterBook-1] ERROR ActionDriver - Unable to enter the text in to this field: Cannot invoke "com.aventstack.extentreports.ExtentTest.info(String)" because the return value of "com.orangehrm.utilities.ExtentManager.getTest()" is null
2025-11-29 21:27:14 [TestNG-test-anhtesterBook-1] ERROR ActionDriver - Element is not visible: Expected condition failed: waiting for visibility of element located by By.name: name (tried for 30 second(s) with 500 milliseconds interval)
Build info: version: '4.37.0', revision: '3c1da1e342'
System info: os.name: 'Windows 11', os.arch: 'amd64', os.version: '10.0', java.version: '20'
Driver info: org.openqa.selenium.chrome.ChromeDriver
Capabilities {acceptInsecureCerts: false, browserName: chrome, browserVersion: 142.0.7444.176, chrome: {chromedriverVersion: 142.0.7444.175 (302067f14a4..., userDataDir: C:\Users\DELL\AppData\Local...}, fedcm:accounts: true, goog:chromeOptions: {debuggerAddress: localhost:50061}, goog:processID: 14396, networkConnectionEnabled: false, pageLoadStrategy: normal, platformName: windows, proxy: Proxy(), se:cdp: ws://localhost:50061/devtoo..., se:cdpVersion: 142.0.7444.176, setWindowRect: true, strictFileInteractability: false, timeouts: {implicit: 0, pageLoad: 300000, script: 30000}, unhandledPromptBehavior: dismiss and notify, webauthn:extension:credBlob: true, webauthn:extension:largeBlob: true, webauthn:extension:minPinLength: true, webauthn:extension:prf: true, webauthn:virtualAuthenticators: true}
Session ID: 594b6483bb75edbdde453ac8bb803c2b
2025-11-29 21:27:34 [TestNG-test-anhtesterBook-1] ERROR ActionDriver - Unable to describe the element: no such element: Unable to locate element: {"method":"css selector","selector":"*[name='name']"}
  (Session info: chrome=142.0.7444.176)
For documentation on this error, please visit: https://www.selenium.dev/documentation/webdriver/troubleshooting/errors#nosuchelementexception
Build info: version: '4.37.0', revision: '3c1da1e342'
System info: os.name: 'Windows 11', os.arch: 'amd64', os.version: '10.0', java.version: '20'
Driver info: org.openqa.selenium.chrome.ChromeDriver
Command: [594b6483bb75edbdde453ac8bb803c2b, findElement {value=name, using=name}]
Capabilities {acceptInsecureCerts: false, browserName: chrome, browserVersion: 142.0.7444.176, chrome: {chromedriverVersion: 142.0.7444.175 (302067f14a4..., userDataDir: C:\Users\DELL\AppData\Local...}, fedcm:accounts: true, goog:chromeOptions: {debuggerAddress: localhost:50061}, goog:processID: 14396, networkConnectionEnabled: false, pageLoadStrategy: normal, platformName: windows, proxy: Proxy(), se:cdp: ws://localhost:50061/devtoo..., se:cdpVersion: 142.0.7444.176, setWindowRect: true, strictFileInteractability: false, timeouts: {implicit: 0, pageLoad: 300000, script: 30000}, unhandledPromptBehavior: dismiss and notify, webauthn:extension:credBlob: true, webauthn:extension:largeBlob: true, webauthn:extension:minPinLength: true, webauthn:extension:prf: true, webauthn:virtualAuthenticators: true}
Session ID: 594b6483bb75edbdde453ac8bb803c2b
2025-11-29 21:27:35 [TestNG-test-anhtesterBook-1] ERROR ActionDriver - Unable to enter the text in to this field: Expected condition failed: waiting for visibility of element located by By.name: name (tried for 30 second(s) with 500 milliseconds interval)
Build info: version: '4.37.0', revision: '3c1da1e342'
System info: os.name: 'Windows 11', os.arch: 'amd64', os.version: '10.0', java.version: '20'
Driver info: org.openqa.selenium.chrome.ChromeDriver
Capabilities {acceptInsecureCerts: false, browserName: chrome, browserVersion: 142.0.7444.176, chrome: {chromedriverVersion: 142.0.7444.175 (302067f14a4..., userDataDir: C:\Users\DELL\AppData\Local...}, fedcm:accounts: true, goog:chromeOptions: {debuggerAddress: localhost:50061}, goog:processID: 14396, networkConnectionEnabled: false, pageLoadStrategy: normal, platformName: windows, proxy: Proxy(), se:cdp: ws://localhost:50061/devtoo..., se:cdpVersion: 142.0.7444.176, setWindowRect: true, strictFileInteractability: false, timeouts: {implicit: 0, pageLoad: 300000, script: 30000}, unhandledPromptBehavior: dismiss and notify, webauthn:extension:credBlob: true, webauthn:extension:largeBlob: true, webauthn:extension:minPinLength: true, webauthn:extension:prf: true, webauthn:virtualAuthenticators: true}
Session ID: 594b6483bb75edbdde453ac8bb803c2b
2025-11-29 21:28:07 [TestNG-test-anhtesterBook-1] ERROR ActionDriver - Element is not visible: Expected condition failed: waiting for visibility of element located by By.name: slug (tried for 30 second(s) with 500 milliseconds interval)
Build info: version: '4.37.0', revision: '3c1da1e342'
System info: os.name: 'Windows 11', os.arch: 'amd64', os.version: '10.0', java.version: '20'
Driver info: org.openqa.selenium.chrome.ChromeDriver
Capabilities {acceptInsecureCerts: false, browserName: chrome, browserVersion: 142.0.7444.176, chrome: {chromedriverVersion: 142.0.7444.175 (302067f14a4..., userDataDir: C:\Users\DELL\AppData\Local...}, fedcm:accounts: true, goog:chromeOptions: {debuggerAddress: localhost:50061}, goog:processID: 14396, networkConnectionEnabled: false, pageLoadStrategy: normal, platformName: windows, proxy: Proxy(), se:cdp: ws://localhost:50061/devtoo..., se:cdpVersion: 142.0.7444.176, setWindowRect: true, strictFileInteractability: false, timeouts: {implicit: 0, pageLoad: 300000, script: 30000}, unhandledPromptBehavior: dismiss and notify, webauthn:extension:credBlob: true, webauthn:extension:largeBlob: true, webauthn:extension:minPinLength: true, webauthn:extension:prf: true, webauthn:virtualAuthenticators: true}
Session ID: 594b6483bb75edbdde453ac8bb803c2b
2025-11-29 21:28:27 [TestNG-test-anhtesterBook-1] ERROR ActionDriver - Unable to describe the element: no such element: Unable to locate element: {"method":"css selector","selector":"*[name='slug']"}
  (Session info: chrome=142.0.7444.176)
For documentation on this error, please visit: https://www.selenium.dev/documentation/webdriver/troubleshooting/errors#nosuchelementexception
Build info: version: '4.37.0', revision: '3c1da1e342'
System info: os.name: 'Windows 11', os.arch: 'amd64', os.version: '10.0', java.version: '20'
Driver info: org.openqa.selenium.chrome.ChromeDriver
Command: [594b6483bb75edbdde453ac8bb803c2b, findElement {value=slug, using=name}]
Capabilities {acceptInsecureCerts: false, browserName: chrome, browserVersion: 142.0.7444.176, chrome: {chromedriverVersion: 142.0.7444.175 (302067f14a4..., userDataDir: C:\Users\DELL\AppData\Local...}, fedcm:accounts: true, goog:chromeOptions: {debuggerAddress: localhost:50061}, goog:processID: 14396, networkConnectionEnabled: false, pageLoadStrategy: normal, platformName: windows, proxy: Proxy(), se:cdp: ws://localhost:50061/devtoo..., se:cdpVersion: 142.0.7444.176, setWindowRect: true, strictFileInteractability: false, timeouts: {implicit: 0, pageLoad: 300000, script: 30000}, unhandledPromptBehavior: dismiss and notify, webauthn:extension:credBlob: true, webauthn:extension:largeBlob: true, webauthn:extension:minPinLength: true, webauthn:extension:prf: true, webauthn:virtualAuthenticators: true}
Session ID: 594b6483bb75edbdde453ac8bb803c2b
2025-11-29 21:28:27 [TestNG-test-anhtesterBook-1] ERROR ActionDriver - Unable to enter the text in to this field: Expected condition failed: waiting for visibility of element located by By.name: slug (tried for 30 second(s) with 500 milliseconds interval)
Build info: version: '4.37.0', revision: '3c1da1e342'
System info: os.name: 'Windows 11', os.arch: 'amd64', os.version: '10.0', java.version: '20'
Driver info: org.openqa.selenium.chrome.ChromeDriver
Capabilities {acceptInsecureCerts: false, browserName: chrome, browserVersion: 142.0.7444.176, chrome: {chromedriverVersion: 142.0.7444.175 (302067f14a4..., userDataDir: C:\Users\DELL\AppData\Local...}, fedcm:accounts: true, goog:chromeOptions: {debuggerAddress: localhost:50061}, goog:processID: 14396, networkConnectionEnabled: false, pageLoadStrategy: normal, platformName: windows, proxy: Proxy(), se:cdp: ws://localhost:50061/devtoo..., se:cdpVersion: 142.0.7444.176, setWindowRect: true, strictFileInteractability: false, timeouts: {implicit: 0, pageLoad: 300000, script: 30000}, unhandledPromptBehavior: dismiss and notify, webauthn:extension:credBlob: true, webauthn:extension:largeBlob: true, webauthn:extension:minPinLength: true, webauthn:extension:prf: true, webauthn:virtualAuthenticators: true}
Session ID: 594b6483bb75edbdde453ac8bb803c2b
2025-11-29 21:28:58 [TestNG-test-anhtesterBook-1] ERROR ActionDriver - Element is not visible: Expected condition failed: waiting for visibility of element located by By.name: description (tried for 30 second(s) with 500 milliseconds interval)
Build info: version: '4.37.0', revision: '3c1da1e342'
System info: os.name: 'Windows 11', os.arch: 'amd64', os.version: '10.0', java.version: '20'
Driver info: org.openqa.selenium.chrome.ChromeDriver
Capabilities {acceptInsecureCerts: false, browserName: chrome, browserVersion: 142.0.7444.176, chrome: {chromedriverVersion: 142.0.7444.175 (302067f14a4..., userDataDir: C:\Users\DELL\AppData\Local...}, fedcm:accounts: true, goog:chromeOptions: {debuggerAddress: localhost:50061}, goog:processID: 14396, networkConnectionEnabled: false, pageLoadStrategy: normal, platformName: windows, proxy: Proxy(), se:cdp: ws://localhost:50061/devtoo..., se:cdpVersion: 142.0.7444.176, setWindowRect: true, strictFileInteractability: false, timeouts: {implicit: 0, pageLoad: 300000, script: 30000}, unhandledPromptBehavior: dismiss and notify, webauthn:extension:credBlob: true, webauthn:extension:largeBlob: true, webauthn:extension:minPinLength: true, webauthn:extension:prf: true, webauthn:virtualAuthenticators: true}
Session ID: 594b6483bb75edbdde453ac8bb803c2b
2025-11-29 21:28:58 [TestNG-test-anhtesterBook-1] ERROR ActionDriver - Unable to enter the text in to this field: Expected condition failed: waiting for visibility of element located by By.name: description (tried for 30 second(s) with 500 milliseconds interval)
Build info: version: '4.37.0', revision: '3c1da1e342'
System info: os.name: 'Windows 11', os.arch: 'amd64', os.version: '10.0', java.version: '20'
Driver info: org.openqa.selenium.chrome.ChromeDriver
Capabilities {acceptInsecureCerts: false, browserName: chrome, browserVersion: 142.0.7444.176, chrome: {chromedriverVersion: 142.0.7444.175 (302067f14a4..., userDataDir: C:\Users\DELL\AppData\Local...}, fedcm:accounts: true, goog:chromeOptions: {debuggerAddress: localhost:50061}, goog:processID: 14396, networkConnectionEnabled: false, pageLoadStrategy: normal, platformName: windows, proxy: Proxy(), se:cdp: ws://localhost:50061/devtoo..., se:cdpVersion: 142.0.7444.176, setWindowRect: true, strictFileInteractability: false, timeouts: {implicit: 0, pageLoad: 300000, script: 30000}, unhandledPromptBehavior: dismiss and notify, webauthn:extension:credBlob: true, webauthn:extension:largeBlob: true, webauthn:extension:minPinLength: true, webauthn:extension:prf: true, webauthn:virtualAuthenticators: true}
Session ID: 594b6483bb75edbdde453ac8bb803c2b
2025-11-29 21:33:23 [TestNG-test-anhtesterBook-1] ERROR ActionDriver - Unable to enter the text in to this field: invalid element state: Element is not currently interactable and may not be manipulated
  (Session info: chrome=142.0.7444.176)
Build info: version: '4.37.0', revision: '3c1da1e342'
System info: os.name: 'Windows 11', os.arch: 'amd64', os.version: '10.0', java.version: '20'
Driver info: org.openqa.selenium.chrome.ChromeDriver
Command: [83c355391ed54b1e3381b0fde1c29dcc, clearElement {id=f.938E7C8C2C5BEDC564AB600C24640559.d.ED9670E9839C8DCF933CB6EF35269A1C.e.66}]
Capabilities {acceptInsecureCerts: false, browserName: chrome, browserVersion: 142.0.7444.176, chrome: {chromedriverVersion: 142.0.7444.175 (302067f14a4..., userDataDir: C:\Users\DELL\AppData\Local...}, fedcm:accounts: true, goog:chromeOptions: {debuggerAddress: localhost:53063}, goog:processID: 11728, networkConnectionEnabled: false, pageLoadStrategy: normal, platformName: windows, proxy: Proxy(), se:cdp: ws://localhost:53063/devtoo..., se:cdpVersion: 142.0.7444.176, setWindowRect: true, strictFileInteractability: false, timeouts: {implicit: 0, pageLoad: 300000, script: 30000}, unhandledPromptBehavior: dismiss and notify, webauthn:extension:credBlob: true, webauthn:extension:largeBlob: true, webauthn:extension:minPinLength: true, webauthn:extension:prf: true, webauthn:virtualAuthenticators: true}
Element: [[ChromeDriver: chrome on windows (83c355391ed54b1e3381b0fde1c29dcc)] -> name: slug]
Session ID: 83c355391ed54b1e3381b0fde1c29dcc
2025-11-29 21:33:53 [TestNG-test-anhtesterBook-1] ERROR ActionDriver - Element is not visible: Expected condition failed: waiting for visibility of element located by By.name: description (tried for 30 second(s) with 500 milliseconds interval)
Build info: version: '4.37.0', revision: '3c1da1e342'
System info: os.name: 'Windows 11', os.arch: 'amd64', os.version: '10.0', java.version: '20'
Driver info: org.openqa.selenium.chrome.ChromeDriver
Capabilities {acceptInsecureCerts: false, browserName: chrome, browserVersion: 142.0.7444.176, chrome: {chromedriverVersion: 142.0.7444.175 (302067f14a4..., userDataDir: C:\Users\DELL\AppData\Local...}, fedcm:accounts: true, goog:chromeOptions: {debuggerAddress: localhost:53063}, goog:processID: 11728, networkConnectionEnabled: false, pageLoadStrategy: normal, platformName: windows, proxy: Proxy(), se:cdp: ws://localhost:53063/devtoo..., se:cdpVersion: 142.0.7444.176, setWindowRect: true, strictFileInteractability: false, timeouts: {implicit: 0, pageLoad: 300000, script: 30000}, unhandledPromptBehavior: dismiss and notify, webauthn:extension:credBlob: true, webauthn:extension:largeBlob: true, webauthn:extension:minPinLength: true, webauthn:extension:prf: true, webauthn:virtualAuthenticators: true}
Session ID: 83c355391ed54b1e3381b0fde1c29dcc
2025-11-29 21:33:54 [TestNG-test-anhtesterBook-1] ERROR ActionDriver - Unable to enter the text in to this field: Expected condition failed: waiting for visibility of element located by By.name: description (tried for 30 second(s) with 500 milliseconds interval)
Build info: version: '4.37.0', revision: '3c1da1e342'
System info: os.name: 'Windows 11', os.arch: 'amd64', os.version: '10.0', java.version: '20'
Driver info: org.openqa.selenium.chrome.ChromeDriver
Capabilities {acceptInsecureCerts: false, browserName: chrome, browserVersion: 142.0.7444.176, chrome: {chromedriverVersion: 142.0.7444.175 (302067f14a4..., userDataDir: C:\Users\DELL\AppData\Local...}, fedcm:accounts: true, goog:chromeOptions: {debuggerAddress: localhost:53063}, goog:processID: 11728, networkConnectionEnabled: false, pageLoadStrategy: normal, platformName: windows, proxy: Proxy(), se:cdp: ws://localhost:53063/devtoo..., se:cdpVersion: 142.0.7444.176, setWindowRect: true, strictFileInteractability: false, timeouts: {implicit: 0, pageLoad: 300000, script: 30000}, unhandledPromptBehavior: dismiss and notify, webauthn:extension:credBlob: true, webauthn:extension:largeBlob: true, webauthn:extension:minPinLength: true, webauthn:extension:prf: true, webauthn:virtualAuthenticators: true}
Session ID: 83c355391ed54b1e3381b0fde1c29dcc
2025-11-29 21:54:05 [TestNG-test-anhtesterBook-1] ERROR ActionDriver - Element is not clickable: Session ID is null. Using WebDriver after calling quit()?
Build info: version: '4.37.0', revision: '3c1da1e342'
System info: os.name: 'Windows 11', os.arch: 'amd64', os.version: '10.0', java.version: '20'
Driver info: org.openqa.selenium.chrome.ChromeDriver
Command: [null, findElement {value=//a/span[contains(.,'Promotion')], using=xpath}]
Capabilities {acceptInsecureCerts: false, browserName: chrome, browserVersion: 142.0.7444.176, chrome: {chromedriverVersion: 142.0.7444.175 (302067f14a4..., userDataDir: C:\Users\DELL\AppData\Local...}, fedcm:accounts: true, goog:chromeOptions: {debuggerAddress: localhost:65530}, goog:processID: 17468, networkConnectionEnabled: false, pageLoadStrategy: normal, platformName: windows, proxy: Proxy(), se:cdp: ws://localhost:65530/devtoo..., se:cdpVersion: 142.0.7444.176, setWindowRect: true, strictFileInteractability: false, timeouts: {implicit: 0, pageLoad: 300000, script: 30000}, unhandledPromptBehavior: dismiss and notify, webauthn:extension:credBlob: true, webauthn:extension:largeBlob: true, webauthn:extension:minPinLength: true, webauthn:extension:prf: true, webauthn:virtualAuthenticators: true}
2025-11-29 21:54:05 [TestNG-test-anhtesterBook-1] ERROR ActionDriver - Unable to describe the element: Session ID is null. Using WebDriver after calling quit()?
Build info: version: '4.37.0', revision: '3c1da1e342'
System info: os.name: 'Windows 11', os.arch: 'amd64', os.version: '10.0', java.version: '20'
Driver info: org.openqa.selenium.chrome.ChromeDriver
Command: [null, findElement {value=//a/span[contains(.,'Promotion')], using=xpath}]
Capabilities {acceptInsecureCerts: false, browserName: chrome, browserVersion: 142.0.7444.176, chrome: {chromedriverVersion: 142.0.7444.175 (302067f14a4..., userDataDir: C:\Users\DELL\AppData\Local...}, fedcm:accounts: true, goog:chromeOptions: {debuggerAddress: localhost:65530}, goog:processID: 17468, networkConnectionEnabled: false, pageLoadStrategy: normal, platformName: windows, proxy: Proxy(), se:cdp: ws://localhost:65530/devtoo..., se:cdpVersion: 142.0.7444.176, setWindowRect: true, strictFileInteractability: false, timeouts: {implicit: 0, pageLoad: 300000, script: 30000}, unhandledPromptBehavior: dismiss and notify, webauthn:extension:credBlob: true, webauthn:extension:largeBlob: true, webauthn:extension:minPinLength: true, webauthn:extension:prf: true, webauthn:virtualAuthenticators: true}
2025-11-29 21:54:05 [TestNG-test-anhtesterBook-1] ERROR BaseClass - Driver is not initialized: java.lang.IllegalStateException: Driver is not initialized
2025-11-29 21:54:05 [TestNG-test-anhtesterBook-1] ERROR BaseClass - Driver is not initialized: java.lang.IllegalStateException: Driver is not initialized
2025-11-29 21:54:05 [TestNG-test-anhtesterBook-1] ERROR ActionDriver - Unable to click element: Session ID is null. Using WebDriver after calling quit()?
Build info: version: '4.37.0', revision: '3c1da1e342'
System info: os.name: 'Windows 11', os.arch: 'amd64', os.version: '10.0', java.version: '20'
Driver info: org.openqa.selenium.chrome.ChromeDriver
Command: [null, findElement {value=//a/span[contains(.,'Promotion')], using=xpath}]
Capabilities {acceptInsecureCerts: false, browserName: chrome, browserVersion: 142.0.7444.176, chrome: {chromedriverVersion: 142.0.7444.175 (302067f14a4..., userDataDir: C:\Users\DELL\AppData\Local...}, fedcm:accounts: true, goog:chromeOptions: {debuggerAddress: localhost:65530}, goog:processID: 17468, networkConnectionEnabled: false, pageLoadStrategy: normal, platformName: windows, proxy: Proxy(), se:cdp: ws://localhost:65530/devtoo..., se:cdpVersion: 142.0.7444.176, setWindowRect: true, strictFileInteractability: false, timeouts: {implicit: 0, pageLoad: 300000, script: 30000}, unhandledPromptBehavior: dismiss and notify, webauthn:extension:credBlob: true, webauthn:extension:largeBlob: true, webauthn:extension:minPinLength: true, webauthn:extension:prf: true, webauthn:virtualAuthenticators: true}
2025-11-29 21:54:05 [TestNG-test-anhtesterBook-1] ERROR BaseClass - Driver is not initialized: java.lang.IllegalStateException: Driver is not initialized
2025-11-29 21:54:05 [TestNG-test-anhtesterBook-1] ERROR BaseClass - Driver is not initialized: java.lang.IllegalStateException: Driver is not initialized
2025-11-29 21:57:44 [TestNG-test-anhtesterBook-1] ERROR ActionDriver - Element is not clickable: Session ID is null. Using WebDriver after calling quit()?
Build info: version: '4.37.0', revision: '3c1da1e342'
System info: os.name: 'Windows 11', os.arch: 'amd64', os.version: '10.0', java.version: '20'
Driver info: org.openqa.selenium.chrome.ChromeDriver
Command: [null, findElement {using=xpath, value=//a/span[contains(.,'Promotion')]}]
Capabilities {acceptInsecureCerts: false, browserName: chrome, browserVersion: 142.0.7444.176, chrome: {chromedriverVersion: 142.0.7444.175 (302067f14a4..., userDataDir: C:\Users\DELL\AppData\Local...}, fedcm:accounts: true, goog:chromeOptions: {debuggerAddress: localhost:54974}, goog:processID: 19356, networkConnectionEnabled: false, pageLoadStrategy: normal, platformName: windows, proxy: Proxy(), se:cdp: ws://localhost:54974/devtoo..., se:cdpVersion: 142.0.7444.176, setWindowRect: true, strictFileInteractability: false, timeouts: {implicit: 0, pageLoad: 300000, script: 30000}, unhandledPromptBehavior: dismiss and notify, webauthn:extension:credBlob: true, webauthn:extension:largeBlob: true, webauthn:extension:minPinLength: true, webauthn:extension:prf: true, webauthn:virtualAuthenticators: true}
2025-11-29 21:57:44 [TestNG-test-anhtesterBook-1] ERROR ActionDriver - Unable to describe the element: Session ID is null. Using WebDriver after calling quit()?
Build info: version: '4.37.0', revision: '3c1da1e342'
System info: os.name: 'Windows 11', os.arch: 'amd64', os.version: '10.0', java.version: '20'
Driver info: org.openqa.selenium.chrome.ChromeDriver
Command: [null, findElement {using=xpath, value=//a/span[contains(.,'Promotion')]}]
Capabilities {acceptInsecureCerts: false, browserName: chrome, browserVersion: 142.0.7444.176, chrome: {chromedriverVersion: 142.0.7444.175 (302067f14a4..., userDataDir: C:\Users\DELL\AppData\Local...}, fedcm:accounts: true, goog:chromeOptions: {debuggerAddress: localhost:54974}, goog:processID: 19356, networkConnectionEnabled: false, pageLoadStrategy: normal, platformName: windows, proxy: Proxy(), se:cdp: ws://localhost:54974/devtoo..., se:cdpVersion: 142.0.7444.176, setWindowRect: true, strictFileInteractability: false, timeouts: {implicit: 0, pageLoad: 300000, script: 30000}, unhandledPromptBehavior: dismiss and notify, webauthn:extension:credBlob: true, webauthn:extension:largeBlob: true, webauthn:extension:minPinLength: true, webauthn:extension:prf: true, webauthn:virtualAuthenticators: true}
2025-11-29 21:57:44 [TestNG-test-anhtesterBook-1] ERROR BaseClass - Driver is not initialized: java.lang.IllegalStateException: Driver is not initialized
2025-11-29 21:57:44 [TestNG-test-anhtesterBook-1] ERROR BaseClass - Driver is not initialized: java.lang.IllegalStateException: Driver is not initialized
2025-11-29 21:57:44 [TestNG-test-anhtesterBook-1] ERROR ActionDriver - Unable to click element: Session ID is null. Using WebDriver after calling quit()?
Build info: version: '4.37.0', revision: '3c1da1e342'
System info: os.name: 'Windows 11', os.arch: 'amd64', os.version: '10.0', java.version: '20'
Driver info: org.openqa.selenium.chrome.ChromeDriver
Command: [null, findElement {using=xpath, value=//a/span[contains(.,'Promotion')]}]
Capabilities {acceptInsecureCerts: false, browserName: chrome, browserVersion: 142.0.7444.176, chrome: {chromedriverVersion: 142.0.7444.175 (302067f14a4..., userDataDir: C:\Users\DELL\AppData\Local...}, fedcm:accounts: true, goog:chromeOptions: {debuggerAddress: localhost:54974}, goog:processID: 19356, networkConnectionEnabled: false, pageLoadStrategy: normal, platformName: windows, proxy: Proxy(), se:cdp: ws://localhost:54974/devtoo..., se:cdpVersion: 142.0.7444.176, setWindowRect: true, strictFileInteractability: false, timeouts: {implicit: 0, pageLoad: 300000, script: 30000}, unhandledPromptBehavior: dismiss and notify, webauthn:extension:credBlob: true, webauthn:extension:largeBlob: true, webauthn:extension:minPinLength: true, webauthn:extension:prf: true, webauthn:virtualAuthenticators: true}
2025-11-29 21:57:44 [TestNG-test-anhtesterBook-1] ERROR BaseClass - Driver is not initialized: java.lang.IllegalStateException: Driver is not initialized
2025-11-29 21:57:44 [TestNG-test-anhtesterBook-1] ERROR BaseClass - Driver is not initialized: java.lang.IllegalStateException: Driver is not initialized
2025-11-30 09:48:29 [TestNG-test-anhtesterBook-1] ERROR ActionDriver - Element is not visible: Expected condition failed: waiting for visibility of element located by By.name: email (tried for 30 second(s) with 500 milliseconds interval)
Build info: version: '4.37.0', revision: '3c1da1e342'
System info: os.name: 'Windows 11', os.arch: 'amd64', os.version: '10.0', java.version: '20'
Driver info: org.openqa.selenium.chrome.ChromeDriver
Capabilities {acceptInsecureCerts: false, browserName: chrome, browserVersion: 142.0.7444.176, chrome: {chromedriverVersion: 142.0.7444.175 (302067f14a4..., userDataDir: C:\Users\DELL\AppData\Local...}, fedcm:accounts: true, goog:chromeOptions: {debuggerAddress: localhost:57070}, goog:processID: 5944, networkConnectionEnabled: false, pageLoadStrategy: normal, platformName: windows, proxy: Proxy(), se:cdp: ws://localhost:57070/devtoo..., se:cdpVersion: 142.0.7444.176, setWindowRect: true, strictFileInteractability: false, timeouts: {implicit: 0, pageLoad: 300000, script: 30000}, unhandledPromptBehavior: dismiss and notify, webauthn:extension:credBlob: true, webauthn:extension:largeBlob: true, webauthn:extension:minPinLength: true, webauthn:extension:prf: true, webauthn:virtualAuthenticators: true}
Session ID: 640e331c646938bd1c3440ec4945c623
2025-11-30 09:48:50 [TestNG-test-anhtesterBook-1] ERROR ActionDriver - Unable to describe the element: no such element: Unable to locate element: {"method":"css selector","selector":"*[name='email']"}
  (Session info: chrome=142.0.7444.176)
For documentation on this error, please visit: https://www.selenium.dev/documentation/webdriver/troubleshooting/errors#nosuchelementexception
Build info: version: '4.37.0', revision: '3c1da1e342'
System info: os.name: 'Windows 11', os.arch: 'amd64', os.version: '10.0', java.version: '20'
Driver info: org.openqa.selenium.chrome.ChromeDriver
Command: [640e331c646938bd1c3440ec4945c623, findElement {using=name, value=email}]
Capabilities {acceptInsecureCerts: false, browserName: chrome, browserVersion: 142.0.7444.176, chrome: {chromedriverVersion: 142.0.7444.175 (302067f14a4..., userDataDir: C:\Users\DELL\AppData\Local...}, fedcm:accounts: true, goog:chromeOptions: {debuggerAddress: localhost:57070}, goog:processID: 5944, networkConnectionEnabled: false, pageLoadStrategy: normal, platformName: windows, proxy: Proxy(), se:cdp: ws://localhost:57070/devtoo..., se:cdpVersion: 142.0.7444.176, setWindowRect: true, strictFileInteractability: false, timeouts: {implicit: 0, pageLoad: 300000, script: 30000}, unhandledPromptBehavior: dismiss and notify, webauthn:extension:credBlob: true, webauthn:extension:largeBlob: true, webauthn:extension:minPinLength: true, webauthn:extension:prf: true, webauthn:virtualAuthenticators: true}
Session ID: 640e331c646938bd1c3440ec4945c623
2025-11-30 09:48:50 [TestNG-test-anhtesterBook-1] ERROR ActionDriver - Unable to enter the text in to this field: Expected condition failed: waiting for visibility of element located by By.name: email (tried for 30 second(s) with 500 milliseconds interval)
Build info: version: '4.37.0', revision: '3c1da1e342'
System info: os.name: 'Windows 11', os.arch: 'amd64', os.version: '10.0', java.version: '20'
Driver info: org.openqa.selenium.chrome.ChromeDriver
Capabilities {acceptInsecureCerts: false, browserName: chrome, browserVersion: 142.0.7444.176, chrome: {chromedriverVersion: 142.0.7444.175 (302067f14a4..., userDataDir: C:\Users\DELL\AppData\Local...}, fedcm:accounts: true, goog:chromeOptions: {debuggerAddress: localhost:57070}, goog:processID: 5944, networkConnectionEnabled: false, pageLoadStrategy: normal, platformName: windows, proxy: Proxy(), se:cdp: ws://localhost:57070/devtoo..., se:cdpVersion: 142.0.7444.176, setWindowRect: true, strictFileInteractability: false, timeouts: {implicit: 0, pageLoad: 300000, script: 30000}, unhandledPromptBehavior: dismiss and notify, webauthn:extension:credBlob: true, webauthn:extension:largeBlob: true, webauthn:extension:minPinLength: true, webauthn:extension:prf: true, webauthn:virtualAuthenticators: true}
Session ID: 640e331c646938bd1c3440ec4945c623
2025-11-30 13:56:54 [TestNG-test-anhtesterBook-1] ERROR ActionDriver - Element is not visible: Expected condition failed: waiting for visibility of element located by By.name: email (tried for 30 second(s) with 500 milliseconds interval)
Build info: version: '4.37.0', revision: '3c1da1e342'
System info: os.name: 'Windows 11', os.arch: 'amd64', os.version: '10.0', java.version: '20'
Driver info: org.openqa.selenium.chrome.ChromeDriver
Capabilities {acceptInsecureCerts: false, browserName: chrome, browserVersion: 142.0.7444.176, chrome: {chromedriverVersion: 142.0.7444.175 (302067f14a4..., userDataDir: C:\Users\DELL\AppData\Local...}, fedcm:accounts: true, goog:chromeOptions: {debuggerAddress: localhost:56805}, goog:processID: 21652, networkConnectionEnabled: false, pageLoadStrategy: normal, platformName: windows, proxy: Proxy(), se:cdp: ws://localhost:56805/devtoo..., se:cdpVersion: 142.0.7444.176, setWindowRect: true, strictFileInteractability: false, timeouts: {implicit: 0, pageLoad: 300000, script: 30000}, unhandledPromptBehavior: dismiss and notify, webauthn:extension:credBlob: true, webauthn:extension:largeBlob: true, webauthn:extension:minPinLength: true, webauthn:extension:prf: true, webauthn:virtualAuthenticators: true}
Session ID: d38b7fe05dbd5fab396eb9bba9672509
2025-11-30 13:59:42 [TestNG-test-anhtesterBook-1] ERROR ActionDriver - Element is not visible: Expected condition failed: waiting for visibility of element located by By.name: email (tried for 30 second(s) with 500 milliseconds interval)
Build info: version: '4.37.0', revision: '3c1da1e342'
System info: os.name: 'Windows 11', os.arch: 'amd64', os.version: '10.0', java.version: '20'
Driver info: org.openqa.selenium.chrome.ChromeDriver
Capabilities {acceptInsecureCerts: false, browserName: chrome, browserVersion: 142.0.7444.176, chrome: {chromedriverVersion: 142.0.7444.175 (302067f14a4..., userDataDir: C:\Users\DELL\AppData\Local...}, fedcm:accounts: true, goog:chromeOptions: {debuggerAddress: localhost:59869}, goog:processID: 19744, networkConnectionEnabled: false, pageLoadStrategy: normal, platformName: windows, proxy: Proxy(), se:cdp: ws://localhost:59869/devtoo..., se:cdpVersion: 142.0.7444.176, setWindowRect: true, strictFileInteractability: false, timeouts: {implicit: 0, pageLoad: 300000, script: 30000}, unhandledPromptBehavior: dismiss and notify, webauthn:extension:credBlob: true, webauthn:extension:largeBlob: true, webauthn:extension:minPinLength: true, webauthn:extension:prf: true, webauthn:virtualAuthenticators: true}
Session ID: 8dcc39f57413d3282b51bba5f2b2bcad
2025-11-30 14:00:03 [TestNG-test-anhtesterBook-1] ERROR ActionDriver - Unable to describe the element: no such element: Unable to locate element: {"method":"css selector","selector":"*[name='email']"}
  (Session info: chrome=142.0.7444.176)
For documentation on this error, please visit: https://www.selenium.dev/documentation/webdriver/troubleshooting/errors#nosuchelementexception
Build info: version: '4.37.0', revision: '3c1da1e342'
System info: os.name: 'Windows 11', os.arch: 'amd64', os.version: '10.0', java.version: '20'
Driver info: org.openqa.selenium.chrome.ChromeDriver
Command: [8dcc39f57413d3282b51bba5f2b2bcad, findElement {value=email, using=name}]
Capabilities {acceptInsecureCerts: false, browserName: chrome, browserVersion: 142.0.7444.176, chrome: {chromedriverVersion: 142.0.7444.175 (302067f14a4..., userDataDir: C:\Users\DELL\AppData\Local...}, fedcm:accounts: true, goog:chromeOptions: {debuggerAddress: localhost:59869}, goog:processID: 19744, networkConnectionEnabled: false, pageLoadStrategy: normal, platformName: windows, proxy: Proxy(), se:cdp: ws://localhost:59869/devtoo..., se:cdpVersion: 142.0.7444.176, setWindowRect: true, strictFileInteractability: false, timeouts: {implicit: 0, pageLoad: 300000, script: 30000}, unhandledPromptBehavior: dismiss and notify, webauthn:extension:credBlob: true, webauthn:extension:largeBlob: true, webauthn:extension:minPinLength: true, webauthn:extension:prf: true, webauthn:virtualAuthenticators: true}
Session ID: 8dcc39f57413d3282b51bba5f2b2bcad
2025-11-30 14:00:03 [TestNG-test-anhtesterBook-1] ERROR ActionDriver - Unable to enter the text in to this field: Expected condition failed: waiting for visibility of element located by By.name: email (tried for 30 second(s) with 500 milliseconds interval)
Build info: version: '4.37.0', revision: '3c1da1e342'
System info: os.name: 'Windows 11', os.arch: 'amd64', os.version: '10.0', java.version: '20'
Driver info: org.openqa.selenium.chrome.ChromeDriver
Capabilities {acceptInsecureCerts: false, browserName: chrome, browserVersion: 142.0.7444.176, chrome: {chromedriverVersion: 142.0.7444.175 (302067f14a4..., userDataDir: C:\Users\DELL\AppData\Local...}, fedcm:accounts: true, goog:chromeOptions: {debuggerAddress: localhost:59869}, goog:processID: 19744, networkConnectionEnabled: false, pageLoadStrategy: normal, platformName: windows, proxy: Proxy(), se:cdp: ws://localhost:59869/devtoo..., se:cdpVersion: 142.0.7444.176, setWindowRect: true, strictFileInteractability: false, timeouts: {implicit: 0, pageLoad: 300000, script: 30000}, unhandledPromptBehavior: dismiss and notify, webauthn:extension:credBlob: true, webauthn:extension:largeBlob: true, webauthn:extension:minPinLength: true, webauthn:extension:prf: true, webauthn:virtualAuthenticators: true}
Session ID: 8dcc39f57413d3282b51bba5f2b2bcad
2025-11-30 14:00:34 [TestNG-test-anhtesterBook-1] ERROR ActionDriver - Element is not visible: Expected condition failed: waiting for visibility of element located by By.name: email (tried for 30 second(s) with 500 milliseconds interval)
Build info: version: '4.37.0', revision: '3c1da1e342'
System info: os.name: 'Windows 11', os.arch: 'amd64', os.version: '10.0', java.version: '20'
Driver info: org.openqa.selenium.chrome.ChromeDriver
Capabilities {acceptInsecureCerts: false, browserName: chrome, browserVersion: 142.0.7444.176, chrome: {chromedriverVersion: 142.0.7444.175 (302067f14a4..., userDataDir: C:\Users\DELL\AppData\Local...}, fedcm:accounts: true, goog:chromeOptions: {debuggerAddress: localhost:59869}, goog:processID: 19744, networkConnectionEnabled: false, pageLoadStrategy: normal, platformName: windows, proxy: Proxy(), se:cdp: ws://localhost:59869/devtoo..., se:cdpVersion: 142.0.7444.176, setWindowRect: true, strictFileInteractability: false, timeouts: {implicit: 0, pageLoad: 300000, script: 30000}, unhandledPromptBehavior: dismiss and notify, webauthn:extension:credBlob: true, webauthn:extension:largeBlob: true, webauthn:extension:minPinLength: true, webauthn:extension:prf: true, webauthn:virtualAuthenticators: true}
Session ID: 8dcc39f57413d3282b51bba5f2b2bcad
2025-11-30 14:00:54 [TestNG-test-anhtesterBook-1] ERROR ActionDriver - Unable to describe the element: no such element: Unable to locate element: {"method":"css selector","selector":"*[name='email']"}
  (Session info: chrome=142.0.7444.176)
For documentation on this error, please visit: https://www.selenium.dev/documentation/webdriver/troubleshooting/errors#nosuchelementexception
Build info: version: '4.37.0', revision: '3c1da1e342'
System info: os.name: 'Windows 11', os.arch: 'amd64', os.version: '10.0', java.version: '20'
Driver info: org.openqa.selenium.chrome.ChromeDriver
Command: [8dcc39f57413d3282b51bba5f2b2bcad, findElement {value=email, using=name}]
Capabilities {acceptInsecureCerts: false, browserName: chrome, browserVersion: 142.0.7444.176, chrome: {chromedriverVersion: 142.0.7444.175 (302067f14a4..., userDataDir: C:\Users\DELL\AppData\Local...}, fedcm:accounts: true, goog:chromeOptions: {debuggerAddress: localhost:59869}, goog:processID: 19744, networkConnectionEnabled: false, pageLoadStrategy: normal, platformName: windows, proxy: Proxy(), se:cdp: ws://localhost:59869/devtoo..., se:cdpVersion: 142.0.7444.176, setWindowRect: true, strictFileInteractability: false, timeouts: {implicit: 0, pageLoad: 300000, script: 30000}, unhandledPromptBehavior: dismiss and notify, webauthn:extension:credBlob: true, webauthn:extension:largeBlob: true, webauthn:extension:minPinLength: true, webauthn:extension:prf: true, webauthn:virtualAuthenticators: true}
Session ID: 8dcc39f57413d3282b51bba5f2b2bcad
2025-11-30 14:00:55 [TestNG-test-anhtesterBook-1] ERROR ActionDriver - Unable to enter the text in to this field: Expected condition failed: waiting for visibility of element located by By.name: email (tried for 30 second(s) with 500 milliseconds interval)
Build info: version: '4.37.0', revision: '3c1da1e342'
System info: os.name: 'Windows 11', os.arch: 'amd64', os.version: '10.0', java.version: '20'
Driver info: org.openqa.selenium.chrome.ChromeDriver
Capabilities {acceptInsecureCerts: false, browserName: chrome, browserVersion: 142.0.7444.176, chrome: {chromedriverVersion: 142.0.7444.175 (302067f14a4..., userDataDir: C:\Users\DELL\AppData\Local...}, fedcm:accounts: true, goog:chromeOptions: {debuggerAddress: localhost:59869}, goog:processID: 19744, networkConnectionEnabled: false, pageLoadStrategy: normal, platformName: windows, proxy: Proxy(), se:cdp: ws://localhost:59869/devtoo..., se:cdpVersion: 142.0.7444.176, setWindowRect: true, strictFileInteractability: false, timeouts: {implicit: 0, pageLoad: 300000, script: 30000}, unhandledPromptBehavior: dismiss and notify, webauthn:extension:credBlob: true, webauthn:extension:largeBlob: true, webauthn:extension:minPinLength: true, webauthn:extension:prf: true, webauthn:virtualAuthenticators: true}
Session ID: 8dcc39f57413d3282b51bba5f2b2bcad
2025-11-30 14:01:26 [TestNG-test-anhtesterBook-1] ERROR ActionDriver - Element is not visible: Expected condition failed: waiting for visibility of element located by By.name: email (tried for 30 second(s) with 500 milliseconds interval)
Build info: version: '4.37.0', revision: '3c1da1e342'
System info: os.name: 'Windows 11', os.arch: 'amd64', os.version: '10.0', java.version: '20'
Driver info: org.openqa.selenium.chrome.ChromeDriver
Capabilities {acceptInsecureCerts: false, browserName: chrome, browserVersion: 142.0.7444.176, chrome: {chromedriverVersion: 142.0.7444.175 (302067f14a4..., userDataDir: C:\Users\DELL\AppData\Local...}, fedcm:accounts: true, goog:chromeOptions: {debuggerAddress: localhost:59869}, goog:processID: 19744, networkConnectionEnabled: false, pageLoadStrategy: normal, platformName: windows, proxy: Proxy(), se:cdp: ws://localhost:59869/devtoo..., se:cdpVersion: 142.0.7444.176, setWindowRect: true, strictFileInteractability: false, timeouts: {implicit: 0, pageLoad: 300000, script: 30000}, unhandledPromptBehavior: dismiss and notify, webauthn:extension:credBlob: true, webauthn:extension:largeBlob: true, webauthn:extension:minPinLength: true, webauthn:extension:prf: true, webauthn:virtualAuthenticators: true}
Session ID: 8dcc39f57413d3282b51bba5f2b2bcad
2025-11-30 14:01:46 [TestNG-test-anhtesterBook-1] ERROR ActionDriver - Unable to describe the element: no such element: Unable to locate element: {"method":"css selector","selector":"*[name='email']"}
  (Session info: chrome=142.0.7444.176)
For documentation on this error, please visit: https://www.selenium.dev/documentation/webdriver/troubleshooting/errors#nosuchelementexception
Build info: version: '4.37.0', revision: '3c1da1e342'
System info: os.name: 'Windows 11', os.arch: 'amd64', os.version: '10.0', java.version: '20'
Driver info: org.openqa.selenium.chrome.ChromeDriver
Command: [8dcc39f57413d3282b51bba5f2b2bcad, findElement {value=email, using=name}]
Capabilities {acceptInsecureCerts: false, browserName: chrome, browserVersion: 142.0.7444.176, chrome: {chromedriverVersion: 142.0.7444.175 (302067f14a4..., userDataDir: C:\Users\DELL\AppData\Local...}, fedcm:accounts: true, goog:chromeOptions: {debuggerAddress: localhost:59869}, goog:processID: 19744, networkConnectionEnabled: false, pageLoadStrategy: normal, platformName: windows, proxy: Proxy(), se:cdp: ws://localhost:59869/devtoo..., se:cdpVersion: 142.0.7444.176, setWindowRect: true, strictFileInteractability: false, timeouts: {implicit: 0, pageLoad: 300000, script: 30000}, unhandledPromptBehavior: dismiss and notify, webauthn:extension:credBlob: true, webauthn:extension:largeBlob: true, webauthn:extension:minPinLength: true, webauthn:extension:prf: true, webauthn:virtualAuthenticators: true}
Session ID: 8dcc39f57413d3282b51bba5f2b2bcad
2025-11-30 14:01:46 [TestNG-test-anhtesterBook-1] ERROR ActionDriver - Unable to enter the text in to this field: Expected condition failed: waiting for visibility of element located by By.name: email (tried for 30 second(s) with 500 milliseconds interval)
Build info: version: '4.37.0', revision: '3c1da1e342'
System info: os.name: 'Windows 11', os.arch: 'amd64', os.version: '10.0', java.version: '20'
Driver info: org.openqa.selenium.chrome.ChromeDriver
Capabilities {acceptInsecureCerts: false, browserName: chrome, browserVersion: 142.0.7444.176, chrome: {chromedriverVersion: 142.0.7444.175 (302067f14a4..., userDataDir: C:\Users\DELL\AppData\Local...}, fedcm:accounts: true, goog:chromeOptions: {debuggerAddress: localhost:59869}, goog:processID: 19744, networkConnectionEnabled: false, pageLoadStrategy: normal, platformName: windows, proxy: Proxy(), se:cdp: ws://localhost:59869/devtoo..., se:cdpVersion: 142.0.7444.176, setWindowRect: true, strictFileInteractability: false, timeouts: {implicit: 0, pageLoad: 300000, script: 30000}, unhandledPromptBehavior: dismiss and notify, webauthn:extension:credBlob: true, webauthn:extension:largeBlob: true, webauthn:extension:minPinLength: true, webauthn:extension:prf: true, webauthn:virtualAuthenticators: true}
Session ID: 8dcc39f57413d3282b51bba5f2b2bcad
